:040000006F20802CC1
:10000400000000000000000090000020A204002076
:10001400A9BDF9F3900000200000000000000000DA
:10002400900000209000002000000000000000006C
:10003400900000200000000090000020000000005C
:10004400AC05002090000020420700209000002012
:1000540090000020900000209000002090000020DC
:1000640090000020900000209000002090000020CC
:1000740096050020900000209000002090000020B1
:1000840090000020900000209000002090000020AC
:1000940001A04111B7170040985F3AC6945F3247F8
:1000A400E39CE6FE32454101828073270080218B68
:1000B4009387018809CB7327008023A0E1889843A4
:1000C4005D9B731007800100010037170040930601
:1000D40070052300D704930680FA2300D704010097
:1000E40001008346B70493F6F60DA305D704230055
:1000F4000704732600809443A18AD18E73900680EE
:1001040023A0018801000100937605026384061888
:100114000347A700118B25E773270080218B09CBA8
:100124007327008023A0E18898435D9B73100780A8
:100134000100010037170040930670052300D7041F
:10014400930680FA2300D704010001008346A70028
:1001540093E646002305D70023000704F326008016
:100164009843218B558F7310078023A001880100C9
:1001740001001307004B010001007D176DFF732779
:100184000080218B09CB7327008023A0E18898434A
:100194005D9B731007800100010037170040930630
:1001A40070052300D704930680FA2300D7040100C6
:1001B40001007D892314A700010001000100010052
:1001C40023000704F32600809843218B558F731076
:1001D400078023A001880100010073270080218B80
:1001E40009CB7327008023A0E18898435D9B73109B
:1001F40007800100010037170040930670052300B3
:10020400D704930680FA2300D704010001000100FB
:100214000100B726004013061005A383C6802300FF
:100224000704F32600809843218B558F73100780B1
:1002340023A001880100010073270080218B09CBD2
:100244007327008023A0E18898435D9B7310078087
:100254000100010037170040930670052300D704FE
:10026400930680FA2300D704010001008346B704F3
:1002740093E60608A305D704230007047327008028
:100284009C43A18BD98F7390078023A00188010020
:100294000100828093760504638B06140347A7004C
:1002A400418B25E773270080218B09CB73270080BE
:1002B40023A0E18898435D9B73100780010001002F
:1002C40037170040930670052300D704930680FA7D
:1002D4002300D704010001008346A70093E606012A
:1002E4002305D70023000704F32600809843218BBD
:1002F400558F7310078023A00188010001001307A4
:10030400007D010001007D176DFF73270080218BA4
:1003140009CB7327008023A0E18898435D9B731069
:100324000780010001003717004093067005230081
:10033400D704930680FA2300D704010001009376C2
:10034400F50193E606042314D7000100010001001F
:10035400010023000704F32600809843218B558F66
:100364007310078023A001880100010013076004B3
:100374006310E50473270080218B09CB7327008069
:1003840023A0E18898435D9B73100780010001005E
:1003940037170040930670052300D704930680FAAC
:1003A4002300D70401000100B72600400946B5B573
:1003B40073270080218B09CB7327008023A0E18859
:1003C40098435D9B731007800100010037170040BC
:1003D400930670052300D704930680FA2300D704FC
:1003E40001000100B7260040130620053DB5732720
:1003F4000080218B09CB7327008023A0E1889843D8
:100404005D9B7310078001000100371700409306BD
:1004140070052300D704930680FA2300D704010053
:1004240001008356870093E6060C2314D700C5BB4E
:100434004111814601468145114506C69929F32794
:100444000080A18B9386018889CBF327008023A0A9
:10045400F1889C42DD9B7390078001000100B7176F
:100464000040130770052380E704130780FA2380F4
:10047400E7040100010003C767041367170023831F
:10048400E70423800704732700809C42A18BD98F43
:100494007390078023A0018801000100B24041014C
:1004A40082808146014681451145E526F327008077
:1004B400A18B1387018889CBF327008023A0F188BF
:1004C4001C43DD9B7390078001000100B7170040B7
:1004D400930670052380D704930680FA2380D704FB
:1004E40001000100FD562396D70223800704F3265A
:1004F40000801C43A18BD58F7390078023A00188B3
:1005040001000100F3270080A18B89CBF327008031
:1005140023A0F1881C43DD9B739007800100010038
:10052400B7170040930670052380D704930680FA1A
:100534002380D7040100010083C6670493E61600F4
:100544002383D70423800704F32600801C43A18B54
:10055400D58F7390078023A001880100010001A0BA
:10056400BD473305F50201007D1575FD82804111FB
:1005740022C426C206C6AA84014463179400B2406A
:10058400224492444101828005041305803E4204C2
:10059400C13F4180DDB7B71700401307000323882C
:1005A400E702854723AAF18C73002030411122C64B
:1005B40037270040834767001384818D858B6385CB
:1005C400071085472303F7008347040093F7F70FC9
:1005D400B5C7B717004003A7470C9387018E93163E
:1005E400070163C706109843050723A0E18E9443CF
:1005F40025476375D7048C439387C18E9043175561
:1006040002E01305E549974002E0E78040D723A6BE
:10061400018E8547238EF18C371700408327870A84
:1006240091665146B58F2324F70A894503C5E184B1
:10063400975000E0E78080BF238C018C83C7918DA5
:10064400C1C7B717004003A7470C9387418E418B5E
:100654004DEB9843050723A2E18E94432547637528
:10066400D7068C439387018F9043175502E01305F7
:100674006545974002E0E78080D023A8018E854736
:10068400A38EF18C93870184984349E7054723A0FF
:10069400E184984359E3371700408326870A21668B
:1006A400D18E2324D70A8326C70A93E6061023266D
:1006B400D70A8C43175502E013058543974002E09F
:1006C400E780E0CBA38C018C8347040037270040EC
:1006D40093F7F70F81E783C7918DB9CF834707005D
:1006E40093E747002300F7003244410173002030B0
:1006F40023A0018E1387C18E1843050723A6E18E1C
:10070400FDB523A2018E1387018F1843050723A883
:10071400E18EA1B723A00184ADBF37170040832623
:10072400C70A2166D18E2326D70A8326870A93E631
:1007340006102324D70AB5BF8347070093F7B70FE2
:1007440055B7371700408357E709C207C18763DDF0
:100754000702E177231FF7081305E002974002E040
:10076400E780E0C583C7818D85E38546238CD18CE2
:1007740023A0018EB727004003C707001367470073
:100784002380E7002383D700371700408357E70906
:10079400C18B85CFC147231FF7081305D0029740AB
:1007A40002E0E780C0C183C7918D85E38546A38CB1
:1007B400D18C23A2018EB727004003C7070013671B
:1007C40047002380E7002383D700730020304111C2
:1007D40006C6AD25FDBF2303048015472303E4802B
:1007E40001002302A480828083076480E3CE07FE95
:1007F40023030480828083076480E3CE07FE0345DD
:100804004480828083076480E3CE07FE2302A480B1
:100814008280411126C44AC24EC006C61377F50B26
:10082400AD47AA892E8995446306F70019456537B3
:10083400653F8D444E854537FD59FD146398340159
:10084400B240A244124982494101828013550901F0
:100854001375F50F453F2209CDB7011126CC06CEFD
:10086400B704080051371545BD37713769372AC6B3
:10087400A53F32459377150089EB13651500137571
:10088400F50FF240E24405618280FD14E9FC014564
:10089400CDBF397126DC4ADA4ED852D656D45AD254
:1008A4005ED006DE62CE66CCB7E700E07D5783AA51
:1008B400070022C603AA470023A0E71823A2E718CB
:1008C400B7170040130770052380E704130780FA65
:1008D4002380E70483C74704930B75FFB684E207BC
:1008E40093FBFB0F8546AA892E8B3289372400405F
:1008F400E187015763FA76016308D5008946130737
:1009040000026313D5000157D98F93F7F70FB71C73
:1009140000402382FC0411472303E4801305F00FF5
:100924005D3D094CD135636D7C11B7050700DA953F
:1009340037870700795563F2E504B3879500636E42
:10094400F702370B0800A94733EB65016399F906F1
:1009540089E48144513D26850DA0DA850945553D3C
:1009640005090345F9FFFD14050B693D81C493771F
:10097400FB0FFDF7DD3569FD7D55B7170040130703
:1009840070052380E704130780FA2380E70403C774
:100994004704418B2382E704F250B7E700E023A029
:1009A400571123A24711E25432445259C259325AC0
:1009B400A25A125B825B724CE24C21618280A54791
:1009C4006395F90685691309F00FB3069900B374AA
:1009D4002B01B6941349F9FFB3749900856B3379ED
:1009E4006901416B9387F9FFB3F7270199E363FC2E
:1009F400340193D94900C147E3E637FF99BF05693C
:100A0400C1697D19D9B71305800D63886901130580
:100A140000026384790113051008CA85DD3B353D66
:100A240021DD4E99B3843441D9B7DA852D45D533C8
:100A3400CA94E30099F205097D3BA30FA9FED5BF33
:100A44009387F9FF93F7F70F6361FC0C83C71C04CA
:100A540013073008631FF70437070800636BEB04C0
:100A6400B3079B00B706100063F5D704334BEB00C4
:100A740089476393F9068980D549E38C04ECDA85C8
:100A84000945413B11090327C9FF91472320E4800D
:100A940003076480E34E07FE23033481FD17EDFB57
:100AA400FD14110B81C49377FB0FE9FF7D3371F5BE
:100AB400E1B5B717004003C75704B7070800137719
:100AC400070219E3B78707007955E378FBEA330790
:100AD4009B00E3FFE7F855B58547E382F9F2DA8531
:100AE4002D45053B9389F4FFE38504E6293393F709
:100AF400390091EB832604800327090093074900FA
:100B0400E39AE6E43E89CE84F1BFB5476396F900E3
:100B14001305900BC93135BDB1471305B00AE38BFA
:100B2400F9FE99476391F904B7050800B365BB0062
:100B34002D45C53181448D4BA149753963967401A6
:100B4400832704802320F9008504E39834FF832756
:100B5400048013172B01635507002312F900D5BB3A
:100B64002322F900FDB39D476399F90281451305DA
:100B7400B0044531BD442320090023220900FD5956
:100B84009D3993F77400CA9703C70700FD14398D84
:100B94002380A700E39634FF6DBBA1476392F90459
:100BA4006D398144630D0B008D479304C0036308C2
:100BB400FB009304000563048B0193044004137544
:100BC400C507E30895D81945393139390545213127
:100BD40026850D3909453D314931E31C05D669BBEC
:100BE40091476399F90013056006F536F53E130540
:100BF40090090DB7E38F09D4F154A9BB19CD91CD58
:100C040009CE81473387F500834607003307F50093
:100C140085072300D700E317F6FE828019C991C91E
:100C240009CA910583A7C5FF11057D16232EF5FE7C
:100C3400C5BF828001C919C62A960505A30FB5FE52
:100C4400E31DA6FE828081473307F50003070700F2
:100C540019E33E8582808507C5BF01112E8626CA09
:100C6400AA84131506019305F004418122CC06CE13
:100C740032C6EF00B0562A8401C53246A685BD3F70
:100C84002285F2406244D24405618280854715C1C1
:100C94008DC105C28147B306F5003387F50083C6CD
:100CA4000600034707006398E6008507E315F6FE90
:100CB40085473E8582808147EDBF9307F6FFBE9549
:100CC4002A966313C5008280FD1583C715000505A8
:100CD400A30FF5FEFDB7AA87014581CF09CE3E9645
:100CE400850703C7F7FF6317B700E39BC7FE0545F6
:100CF40082808280014582807971973700009387D2
:100D0400E75F22D4804306D626D24AD04ECE52CCB8
:100D140056CA5AC85EC679C0B7C4C901014B9739CF
:100D240000009389295D9384F437173A0000130A6D
:100D34002A5D973A0000938A2A571739000013094D
:100D440069608357240095E35C44631D0B001737E7
:100D540000002325F75A832BC4002285EF00305569
:100D64005E84B9A82326FB00FDB783A709008297F8
:100D74001C443307F5406376F500032749001D8FB3
:100D84002A9763E2E4089737000023A707528355A4
:100D9400240003450400974000E0E78020315C40D4
:100DA4005844A1CB0C4403264900AE97BE8663E4A5
:100DB400B70063E4C700B386C74014C4228B3A84E7
:100DC40049F0973700009387274E9C4B094763727D
:100DD400F706F917173700002320F74EB2502254B4
:100DE40092540259F249624AD24A424BB24B45618B
:100DF400828063170B009737000023A1E750A1BF3F
:100E04002326EB0089BF03274A0209CF63EFA7001B
:100E14003385A74083A70A016376F500973700005E
:100E240023ACA748228B404461BF03274900BA97EB
:100E3400C5B79737000023A107484DB7411122C415
:100E440017340000130404491C4006C626C24AC0D5
:100E540091C782979737000023AE07469737000063
:100E640083C79767858B973400009384A46695C3E2
:100E740097370000A382076683C774001547637A17
:100E8400F700A12B83C77400F5178A07A2979C4328
:100E940082971C4491C38297173900001309C945EE
:100EA4000327090017360000034616409737000051
:100EB40083C7873F93961700BA9683D60600D5CE8C
:100EC4009737000083C7473E63E3C70C973700009A
:100ED400238C073C1C40639D07129737000083C78F
:100EE400F75F91CF83C7740093F7F70F89EB9737B8
:100EF4000000A385075E974001E0E780207F9737D5
:100F040000009387273F9C436384071097370000B2
:100F140093874743DC4317370000232FF738E93B17
:100F2400973700009387C73DDC53FDC31737000094
:100F340013078737184B9737000083C7B73D63699A
:100F4400F70C83C7740015476364F70C97370000E8
:100F540083C7075D918BCDEF032609009736000008
:100F640083C6963463CCD70A2244B24092440249E1
:100F74004101174300E06700635E850793F7F70FAD
:100F8400973600002382F632E3E2C7F215BF8607E4
:100F94003E978355070023100700973700002399D5
:100FA4000734973700009387A7329C431735000016
:100FB4000345852F13172500BA979C4382979737CB
:100FC400000083D7E732173700000347E72D93C7A4
:100FD400F7FF7D8D93171700032709003E9783576A
:100FE40007005D8D2310A7009737000083C7C72B28
:100FF40091C78507173700002308F72A1737000021
:101004000347872A9737000083C7172AE370F7EC52
:10101400B24022449244024941018280139717004E
:101024003297035707006DF785072DBFAD6737C7A4
:101034000040BD072326F7200F100000973700005B
:1010440093878726C84F83278726BD66BD0693C727
:10105400F7FF99836A052326D7205D8D828041118D
:10106400B7170040985F3AC6945F3247E39CE6FEA8
:101074003245410182801305F00F828001119737B8
:1010840000009387275522CC03A4070C26CA06CE5A
:101094002AC42EC6854419E40145F2406244D24470
:1010A400056182808347910003471400858B6304A4
:1010B400F7000044CDB719469305A1001305240099
:1010C400F136E31895FE0545C9BF1737000013072D
:1010D400673F1C439306001094C301000100010004
:1010E40001001C4323A00700834615000348250084
:1010F400A2064208C29603480500C296034835007A
:101104006208C29694D78346550003486500A20638
:101114004208C29603484500C29603487500620817
:10112400C296D4D7834695000348A500A206420878
:10113400C29603488500C2960348B5006208C29669
:1011440094DB8346D5000348E500A2064208C29614
:101154000348C5000345F500C2966205AA96D4DB90
:1011640083C6150003C52500A2064205AA9603C539
:101174000500AA9603C535006205AA9694CF83C6D6
:10118400550003C56500A2064205AA9603C545009D
:10119400AA9603C575006205AA96D4CF83C69500A6
:1011A40003C5A500A2064205AA9603C58500AA9612
:1011B40003C5B5006205AA9694D383C6D50003C5BA
:1011C400E500A2064205AA9603C5C50083C5F5003D
:1011D400AA96E205AE96D4D3D443F59AD4C3D443A5
:1011E40093E61600D4C3944393E6160094C3BA87D7
:1011F4009443D842058B59E3984E01452300E600F9
:101204009843184F2183A300E6009843184F418365
:101214002301E6009843184F6183A301E6009C4331
:10122400D84F2302E600D84F2183A302E600D84F0B
:1012340041832303E600D84F6183A303E600985358
:101244002304E60098532183A304E60098534183C2
:101254002305E60098536183A305E600D8532306CB
:10126400E600D8532183A306E600D853418323071D
:10127400E600DC53E183A307F600828001008DBF02
:1012840017370000130747241443411122C49C5EFE
:101294004AC006C6998326C2858B3A841739000052
:1012A40013094922D1CB9C5E973400009384842295
:1012B40093F7F7F99CDE17370000034707229307DB
:1012C4000008631BF700832709009C4393F7070476
:1012D400173700002303F72083C7040093F707049C
:1012E4009DC3973700009387E7009C438297973705
:1012F400000023A9A71E83C7040093F7F70B173731
:1013040000002309F71C83C7440093F707048DE703
:10131400854717370000A301F71C97370000938710
:10132400271D9C43096798C7130700FC97360000E4
:101334002384E61AD844F8D31C40985F1183058BA4
:1013440009CB985F3D9B98DF0547973600002385BE
:10135400E618985F1D83058B11CB985F1377F7F719
:1013640098DF8547173700002308F71683270900FD
:10137400D8430583058B19C7D843759BD8C3D84375
:10138400799BD8C3B24022449244024941018280ED
:10139400397106DE16DC1ADA1ED82AD62ED432D2D9
:1013A40036D03ACE3ECC42CA46C872C676C47AC259
:1013B4007EC0F935F250E2525253C2533255A2550F
:1013C400125682567247E2475248C248324EA24EE3
:1013D400124F824F216173002030973700009387AA
:1013E40027119443973700009387C70E03C707005C
:1013F400058B11CB973700002380070E9737000029
:10140400A38C070C828003C71700058B65F7F8527D
:1014140071FF83C75700DDB7173800001308C80AE7
:10142400032708001C5F9583858BD1E709C61C5BE5
:10143400BD832300F60085CA83270800985B46070E
:10144400935767016356070093E707C0C207C18338
:1014540003970600C207C18709C7BA970947B3C7EC
:10146400E7022390F60085CD834715008DCB973690
:10147400000083C6860693F60604138797008947FF
:101484008DCA3A9503470500854699471376F706B2
:101494006311D60262076187B947634C070083274B
:1014A40008009C5FED838D8B17370000A309F702BA
:1014B40081473E8582808547EDBF411122C406C61F
:1014C400173400001304C40218403DE9AE87745376
:1014D400FDFE3E85B28597370000238E07FE9740B8
:1014E40001E0E78020F4973700009387E7FD9C43F1
:1014F400B70680009843558F98C3D857719BD8D7A7
:1015040097370000A38A07FC97370000A38407FCE1
:101514001C40094798C3144017370000130787FB82
:1015240083472700858B89EB83473700858BD9C791
:1015340097370000238207FAB24022444101828097
:101544008D476310F502973700009387E7F79C43B4
:10155400B70680009843558F98C3D857719BD8D746
:101564005DBF8547E319F5FA5447F977FD17F58F01
:101574005CC70F1000001C40096798C7130700F8E8
:1015840017360000230AE6F4173700001307C7F3E1
:101594001043184231830D8B11E713076019F8D3F8
:1015A400D4C795BF1842094631830D8B6315C70014
:1015B4001307E043EDB71307E01BD5B7FC52ADF3B7
:1015C400A5BF5D71A2C4A6C22A84130680022800A6
:1015D400AE849305100886C6CAC04EDE52DCEFF016
:1015E4006FE53545974001E0E780E02217330000BE
:1015F400130383ED832703009376F41F173E000043
:10160400130E4EF423A40700984B973E0000938ECC
:101614002EEE370FFCFF1367F70398CBF84F130533
:1016240010F8B7020400137707E0558FF8CF9843FA
:10163400F576FD16758F98C39843B7063300930368
:1016440080251377F7E798C3984311497D1F1377D3
:10165400F7E71367071098C303270E008549930F14
:1016640080021C47D58F1CC783A70E001307900D5B
:101674003400B8CB014793553700A69583C70500BE
:1016840013767700B3D7C740858BE1C38327030064
:1016940083280E00239C07042390070603A8C8028E
:1016A4001378D8FF23A6080383A807001378F70745
:1016B40093F808F833E8080123A0070103A84702B8
:1016C4003368580023A2070383A80E00014823A20D
:1016D400780603DA07066307480303A80703038AA7
:1016E40006001358F80062081358884163580A0129
:1016F40003A807031358F8002380060103D807063C
:101704001378F80F03AA480663060A0003DA87056C
:10171400E37F49FB03A847023378E80123A20703C8
:1017240083870600635CF40003C805003396C90090
:101734001346F6FF337606012380C5003E8663D345
:10174400A7002A8613158601618505071377F70F0D
:101754008506E312F7F3B640264496440649F25947
:10176400625A6161828097360000938666D89C42F3
:10177400D847131617016355060298471316170125
:10178400635006027D57B8D7173700001307C7B157
:10179400584F0507173600002326E6B2116798C78D
:1017A40098470D83058B1DC3173700000347A7D245
:1017B4001367170017360000230FE6D0130700F84D
:1017C40017360000230AE6D0214798C79847058BAF
:1017D40009CF173700000347F7CF136717001736F1
:1017E4000000A309E6CE054798C798470983058BEF
:1017F40009E798470583058B31CF984717360000D2
:10180400130646CD17350000130505CC0983058B57
:10181400630307101841184331830D8B75EBAC4BF0
:10182400184E93F5050203471700CDCD79EF130742
:101834007006D8CF03470600136717001736000059
:10184400230AE6C8114798C718415C57F19B93E7F0
:1018540017005CD79C4298479316370163D606025B
:101864009736000083C686DEC18A17370000130747
:1018740067D6C5CE0347870713670702973600006C
:101884002386E6DC056798C798479316270163D13A
:10189400060217370000034727C4620761876357AE
:1018A40007000547973600002388E6C2096798C7F2
:1018B40098479316070163D606029736000083C63D
:1018C400F6D8858A173700001307C7D0ADCE034773
:1018D40097071367270097360000A389E6D6216788
:1018E40098C7828029D785456315B7001307B006CA
:1018F40089B789456315B7001307F0061DBF8D45E9
:101904006315B700130730072DB71307500715B732
:101914001307600739BF03473600136717001736EC
:101924000000A30AE6BA094739BF83468707094678
:10193400BD8A6388C600034787078D463D8BE31342
:10194400D7F4114725BF83469707918AC9DA03471D
:1019540097071367870041B7397106DE16DC1ADA78
:101964001ED82AD62ED432D236D03ACE3ECC42CA53
:1019740046C872C676C47AC27EC0F533F250E252CB
:101984005253C2533255A255125682567247E247F9
:101994005248C248324EA24E124F824F2161730008
:1019A4002030973700009387A7B4984385679387BF
:1019B40007777CD3973700009387C7B89C4383A6E7
:1019C4000709139656006358060083A60709139661
:1019D4006600634406007453FDF2828071C5AA87D1
:1019E4000145E9C58D07C207C183F19BC207C183C5
:1019F40013074003636FF70217370000130747BD4F
:101A0400084317370000130727BC14436398A60242
:101A1400173700001307C78E185B014541CB4111EE
:101A2400C20706C60545DD8D0297B2400145410156
:101A3400828017370000130767B9D9B703576500C9
:101A440035E303574500636FF704B306F7402146B7
:101A5400637CD60203280500938687001D8FAA960F
:101A6400611717360000035686842392E60023A0EC
:101A740006012393060014C12312F500130786FF01
:101A8400973600002395E6822313B50097350000AE
:101A940083D5E581B387F540173700002319F78014
:101AA4002105828008419DB70145828082800DC155
:101AB400973700009387C7B103A307009737000047
:101AC400938787B083A8070081469A8763E3170149
:101AD400828003A80700636DF50A636BA80A138765
:101AE4008700E367E5FE03D66700216705076317F0
:101AF400E60003C781970507238CE196972500002C
:101B04009385857A03D6470003D76500239307009E
:101B140032974207418317250000231AE578638A28
:101B2400670217350000130565AA08416303F5022F
:101B340003D5660019ED83D7460023A006012107CB
:101B44003E9621062392C600972700002391E7764C
:101B5400B6879843E30E17F797360000938606A7D7
:101B64009442E307D7F683566700BDF283D6470055
:101B7400035647001843A106B2962392D70098C390
:101B840083D76500A107172700002312F77282800C
:101B9400BE86C28725BF0327851163020712411140
:101BA40022C406C68347C5008345E5042A8493F707
:101BB400C70F2306F500834697000356C700139505
:101BC4008601618563F2C508635B050603458700EA
:101BD40093F6F607A304D700054693E6270063149B
:101BE400C50093E617002306D4005C4389075CC351
:101BF400A30AB400032504112E864C430905EFE023
:101C0400FFFF8327841103465401D44303D7C7003D
:101C1400B296118FD4C32396E7008947A30DF4002D
:101C2400034764039727000083C7A76E6378F7040C
:101C34008347C40093E707012306F40081A093E7D8
:101C440017002306F4006DB79376F60F635D050263
:101C540003458700854513E627006314B50013E6A2
:101C640017002306C400A30AD400A3040700854771
:101C7400A30DF400832784119C43DDF3B240224476
:101C840001454101828093E717002306F400A30A6B
:101C9400D400A3040700032504114C430905EFE015
:101CA400FFF58327841103465401D44303D7C700A7
:101CB400B296118FD4C32396E7008D4755BF0545CF
:101CC4008280973700009387A7A39C43411122C4C5
:101CD40006C6858B2A84C5EF4165130525F597F063
:101CE40001E0E780801645C58347A5002315F5006C
:101CF40083270412BDE72320A4122322A4128547BC
:101D04002311F4042320050083476401544123165E
:101D1400F5000347D4002304E5000547A304E500C8
:101D2400172700001307077B184F13851702158127
:101D34001C437D151375F50F9CC25C43DCC21C4724
:101D44009CC65C47DCC61C4B9CCA5C4BDCCA1C4F63
:101D54009CCE5C4FDCCE19CD938606021307070296
:101D6400C1BF8327441288C3835724042322A412A7
:101D7400850779B79737000083D7478685071737D4
:101D84000000231DF784B24022444101828083472E
:101D9400C40023090400054593C747002306F40043
:101DA400DDB78347850193F7E70FD5EF83479501A7
:101DB400DDEB034625018346C50009CA8345650357
:101DC400172700000347F75463E7E50013F70601FC
:101DD40041CF014709C6C18A0357651C81C6835692
:101DE400A51C369751C31307C712172500000355C6
:101DF400E555B335A70237460F00411113060624F3
:101E0400814622C426C206C67D543305A702972004
:101E140002E0E780E0119727000083C7F74FB384FF
:101E2400A700972700009387E77A03A787098327EA
:101E3400070963F387003E84184375FB9727000066
:101E44009387474B9C43829781476364A400B307FD
:101E5400A440B2402244B3B7970093C717009244FA
:101E64003E854101828081473E858280972700001C
:101E74009387076898437C53FDFF8280797126D24B
:101E840006D622D44AD04ECE52CC56CA5AC85EC6C2
:101E94008347550303447513AA843E941374F40FC3
:101EA4009307400263F687001304B4FD1374F40F20
:101EB40003AA841383AAC413A38B84122286528593
:101EC400D685972002E0E7802001058915E503CB3C
:101ED400D41201498149337B6403930B50024A862F
:101EE4005285D685972002E0E78000FF058915C555
:101EF400639169031374F90F238B8412B250225433
:101F040092540259F249624AD24A424BB24B456159
:101F140082808509E20993D989410509E31179FD94
:101F2400E1BF8327850903560504797193D6070118
:101F3400BD8EC206C182358E1357764093575640E4
:101F4400898B058B5D8F93573640918B5D8F9357AB
:101F54001640A18B5D8F93171600C18B5D8F93176D
:101F6400360093F707025D8F93175600935586004A
:101F740093F707041E065D8F1376F60F518F93D7E0
:101F8400554013D63540118A898BD18F13D67540AD
:101F9400D18F13D61540218AD18F13961500418A0B
:101FA400D18F1396350013760602D18F1396550000
:101FB400137606049E05D18F93F5F50FCD8FA207F6
:101FC40045465D8F3307C70222D42A8426D252CCD9
:101FD40056CA032A8413832AC4135AC806D63697CA
:101FE4004207418393577740135557400989858B9E
:101FF400C98F135537401189C98F1355174021894B
:10200400C98F131517004189C98F1315370013752C
:102014000502C98F131557009355870013750504DE
:102024001E07C98F1377F70FD98F13D5354013D7F0
:1020340055401189098B498F13D57540498F13D5A4
:1020440015402189498F139515004189498F1395AE
:10205400350013750502498F139555001375050452
:102064009E05498F93F5F50F4D8F2207D98FB387BE
:10207400C7024AD04ECE5EC662C4B697C207C183B9
:1020840013D7774013D557400989058B498F13D54A
:1020940037401189498F13D517402189498F1395EA
:1020A40017004189498F1395370013750502498F2D
:1020B4001395570093D58700137505049E07498F20
:1020C40093F7F70FD98F13D5354013D7554011899E
:1020D400098B498F13D57540498F13D51540218934
:1020E400498F139515004189498F13953500137550
:1020F4000502498F13955500137505049E05498FF4
:1021040093F5F50F4D8F2207D98FB387C7021306B6
:1021140050025285D685B697BD8E93940601C18030
:1021240033F6C402137BF60F972002E0E780C0DA8F
:1021340005890DED8347D41201498149B38497027F
:10214400130C5002C1804A865285D685972002E03E
:10215400E78080D80589937BF90F11C56386340322
:10216400850993F9F90F0509E31F89FD230B64130E
:10217400B250225492540259F249624AD24A424B12
:10218400B24B224C456182805E8BCDB7797122D4EB
:1021940006D683C735002E8423160100A307F10059
:1021A40083C74500100802C02307F10083C7550008
:1021B4008A8502C2A306F10002C402C802CA02CC84
:1021C40002CEEFE09FF00347F1018347040001458D
:1021D4006310F7020347E1018347140001456319C3
:1021E400F7000345D101834724001D8D13351500E5
:1021F400B2502254456182800111972700009387D1
:10220400673D22CC03A4870C26CA4AC84EC606CE14
:10221400AA8413092500854915C083C71400034700
:102224003400858B6304F700405CFDB719469305C1
:1022340044004A85EFE09FA5E31835FF2285F2406C
:102244006244D2444249B2490561828041119727D0
:1022540000009387273822C403A4870C26C24AC0EF
:1022640006C693042500054901E82285B2402244AC
:102274009244024941018280A6851305A40239379C
:10228400E30525FF405CCDB74111972700009387F4
:10229400673422C403A4870C26C24AC006C693042A
:1022A4002500054901E82285B240224492440249AE
:1022B40041018280A6851305A401C93DE30525FFDC
:0422C400405CCDB7F6
:1022C80097110020938181D417610020130101D355
:1022D8001305400097E5FF1F938545D21706002098
:1022E800130606FE63FAC5008322050023A05500E5
:1022F80011059105E3EAC5FE17450200130585059A
:10230800970500209385C5FB1386018863FAC500ED
:102318008322050023A0550011059105E3EAC5FEB7
:1023280013850188972500209385453E6377B5007E
:10233800232005001105E36DB5FEFD42739002BC34
:102348008D4273904280930280087390023097E226
:10235800FF1F9382A2CA93E23200739052309722F1
:1023680000009382427673901234730020303D430C
:102378002A876373C3029377F700BDEFADE59376C1
:1023880006FF3D8ABA960CC34CC30CC74CC741071D
:10239800E36BD7FE11E28280B306C3408A06970238
:1023A800000096966780A6002307B700A306B7002B
:1023B8002306B700A305B7002305B700A304B70099
:1023C8002304B700A303B7002303B700A302B70091
:1023D8002302B700A301B7002301B700A300B70089
:1023E8002300B700828093F5F50F93968500D58D6D
:1023F80093960501D58D61B7939627009702000043
:1024080096968682E78086FA9680C1171D8F3E963B
:10241800E374C3F8A5B7B7170040854603C8870516
:1024280083C89705238CD70403C797051378F80F3B
:1024380093F8F80F13678700A38CE70403C7970581
:102448001377B70FA38CE704238DD7043717004001
:102458008347A7051306A705858BFDFB056541473F
:10246800B7150040054E1303F5FF2300C601834648
:102478000600858AEDFE83D6C5057D17420793C6FB
:10248800F6FFB3F666004183B69765F3A10791831B
:10249800130505801D8DA38C15054205238C0505A4
:1024A80041858280B717004003C777051A05920552
:1024B8004D8D1377E70F13653500A38BE70413756C
:1024C800F50FA38CA7048280B717004003C77705D0
:1024D8001377E70FA38BE704130700F8A38DE7042E
:1024E8003D47238CE70413075003A38CE70482803D
:1024F8000547B7170040238DE70437170040834787
:10250800A705858BEDFF0355C705520551818280CC
:10251800B717004083C7E7020D8993F7C70FC98F24
:1025280073270080218B9386018809CB732700804D
:1025380023A0E18898425D9B731007800100010089
:1025480037170040130670052300C704130680FAE6
:102558002300C704010001002307F7022300070432
:10256800732700809C42A18BD98F7390078023A08A
:10257800018801000100828041112A83014E930ED7
:10258800407E130F0019930F400663E66E149308FC
:10259800001913034006B3781503854E0D4FA14F5C
:1025A800337365020D891335150063E0BE161308F1
:1025B800F6FF794672984208135808013307C70294
:1025C80013D61700BE0732976146B3F6C602130644
:1025D8008070B386C6023697A166F58F42075D8F75
:1025E800B716004083C7F60293F70708A307F10060
:1025F8000346F10083C7F60293F70708E394C7FE82
:102608008347F100B716004093F7F70F6389071463
:10261800F3270080A18B9386018863980714010033
:102628000100B7170040130670052380C70413067E
:1026380080FA2380C7040100010023AA070303C608
:10264800170313660608A388C702238007047326A6
:1026580000809C42A18BD18F7390078023A00188B2
:10266800010001001166B71500407D16DC59C85DF0
:10267800A98FF18FE5FFF3270080A18B89CBF32782
:10268800008023A0F1889C42DD9B739007800100A5
:102698000100B7170040130670052380C70413060E
:1026A80080FA2380C70401000100D8DB03C71703A1
:1026B80013670704A388E7022380070473270080B1
:1026C8009C42A18BD98F7390078023A001880100B9
:1026D8000100410182807D133368E3039308E0160B
:1026E800630E08003368F3039308D01663080800E4
:1026F8009378330093B818009388D81633081E01CE
:10270800131E0801135E0E0149B56393E5030548DE
:10271800638608000148630303002A8871087298D9
:10272800FD15131E0801C205135E0E01C181B5BD5A
:1027380013F8150063F4BF007908D5B713381800EB
:10274800E5BF83C7F60293F70708A307F10003461E
:10275800F10083C7F60293F70708E394C7FE83479F
:10276800F10093F7F70FF1DF65B5F327008023A099
:10277800F1889C42DD9B7390078055B55971E2C47E
:1027880086D6A2D4A6D2CAD0CECED2CCD6CADAC8E1
:10279800DEC6E6C2EAC06EDE2A8C02D6EF005029F9
:1027A800F3270080A18B138D018891CBF32700803C
:1027B80023A0F18883270D00DD9B7390078001001B
:1027C8000100B7170040130770052380E7041307BB
:1027D80080FA2380E7040100010003C7F70213779A
:1027E800770FA387E70203C7F70213678700A3875A
:1027F800E702238007047327008083270D00A18B3D
:10280800D98F7390078023A0018801000100F32766
:102818000080A18B91CBF327008023A0F188832728
:102828000D00DD9B7390078001000100B717004081
:10283800130770052380E704130780FA2380E70451
:102848000100010003C7E7021377C70F2387E702D8
:1028580003C7E702136717002387E70223800704EB
:102868007327008083270D00A18BD98F7390078071
:1028780023A0018801000100130780C13347E50246
:102888009169938709E8130650023D69B7440F0020
:1028980093840424856B130BA004014A814A130412
:1028A8007005FD19B347F5023307C7023EC2930707
:1028B80009A61309803E3347F7023AC43347250374
:1028C80005493319890113593940334595029384D1
:1028D8000BFAB3948401811B3306C702B346F60290
:1028E8003309E90236C6330B670313076055B3048F
:1028F8009502130500103309E902B346FB02130BD6
:1029080080FAB3C4A40236C8B347F90293963400D8
:102918003719004036CC930409043ECA7326008058
:10292800218A11CA7326008023A0C18803260D00BE
:102938005D9A7310068001000100930770052380DB
:10294800F400238064010100010003463905137671
:10295800860FA309C9040346390513661600A3099F
:10296800C904238004007325008003260D00218AF2
:10297800498E7310068023A0018801000100916C24
:10298800E17D73260080218A11CA7326008023A066
:10299800C18803260D005D9A7310068001000100AE
:1029A800930770052380F40023806401010001006F
:1029B8000346390513660602A309C9040356090527
:1029C800336696012318C904035609053366B60110
:1029D800420641822318C90423800400732500801D
:1029E80003260D00218A498E7310068023A00188D2
:1029F800010001000346390513760602630706162F
:102A080003463905218A6DDE6810EF0090067326AB
:102A18000080218A11CA7326008023A0C18803265A
:102A28000D005D9A73100680010001002380840068
:102A38002380640101000100034639051376F60D71
:102A4800A309C9040346390513660602A309C90484
:102A580003560905336696012318C9040356090568
:102A68003366B601420641822318C9042380040054
:102A78007325008003260D00218A498E7310068075
:102A880023A00188010001000346390513760602D8
:102A98006309061003463905218A6DFE97D0FF1F8A
:102AA800E780E05E2A8632CE97D0FF1FE780205E5F
:102AB8007246E30AC5FE0356090532553366960188
:102AC8002318C904EF00A07C03463905218A6DDE6E
:102AD8000355090503462905924733F5A9003386AE
:102AE800C90232951D8DA24763D5A700B247634638
:102AF800F50E09466365560FC247850A1316150079
:102B080093FAFA0F3346F6026354A03A05060945CC
:102B18003346A60273250080218911C973250080D8
:102B280023A0A18803250D005D997310058001007D
:102B38000100238084002380640101000100035503
:102B4800C9022A96420641822316C902238004003C
:102B58007325008003260D00218A498E7310068094
:102B680023A001880100010029BD73260080218A65
:102B780011CA7326008023A0C18803260D005D9A20
:102B88007310068001000100238084002380640103
:102B9800010001000346390513660602A309C904AA
:102BA80025BD73260080218A11CA7326008023A0C0
:102BB800C18803260D005D9A73100680010001008C
:102BC8002380840023806401010001000346390545
:102BD80013660602A309C90451BDE38F0AF07326E0
:102BE8000080218A11CA7326008023A0C188032689
:102BF8000D005D9A73100680010001002380840097
:102C08002380640101000100034639051375FC0F98
:102C18001376860FA309C90403463905498EA3090B
:102C2800C904238004007328008003260D00218A2C
:102C3800336606017310068023A001880100010095
:102C4800034639051D8A6317862773260080218A63
:102C580011CA7326008023A0C18803260D005D9A3F
:102C68007310068001000100238084002380640122
:102C7800010001000346390511651376F60DA30915
:102C8800C9040346390513660602A309C904035695
:102C98000905498E2318C904035609052165498E7B
:102CA8002318C904238004007325008003260D001F
:102CB800218A498E7310068023A001880100010033
:102CC8000346390513760602630E062003463905C6
:102CD800218A6DDE6810712B73260080218A11CA43
:102CE8007326008023A0C18803260D005D9A731007
:102CF8000680010001002380840023806401010014
:102D080001000346390511651376F60DA309C904B8
:102D18000346390513660602A309C90403560905C3
:102D2800498E2318C904035609052165498E2318BD
:102D3800C904238004007325008003260D00218A1E
:102D4800498E7310068023A0018801000100034604
:102D58003905137606026303061C03463905218AE2
:102D68006DFE97D0FF1FE7808032AA8C97D0FF1F97
:102D7800E780E031E30C95FF035609051165498E9C
:102D880032552318C904212303463905218A6DDEEB
:102D980073260080218A1385018809CA732600805A
:102DA80023A0C18810415D9A7310068001000100BC
:102DB8002380840023806401010001000346390553
:102DC8001376F60DA309C904238004007328008034
:102DD8001041218A336606017310068023A00188FA
:102DE800010001000358090503462905E24733F8A5
:102DF80009013386C90232983308F8401306800C5B
:102E08003306C802D2473346F60263550015050655
:102E18000948334606036351C0140358C90293088E
:102E2800F00F13585800329863D6081F0946637389
:102E38004619F3270080A18B89CBF327008023A0B4
:102E4800F1881C41DD9B7390078001000100371752
:102E58000040930770052300F704930780FA2300C6
:102E6800F704010001008356C70289678117D58FCF
:102E7800C207C1832316F7022300070473270080C3
:102E88001C41A18BD98F7390078023A00188010072
:102E98000100B650265496540659F649664AD64A51
:102EA800464BB64B264C964C064DF25D65618280CA
:102EB8007D16B1B973260080218A11CA7326008055
:102EC80023A0C18803260D005D9A731006800100B7
:102ED800010023808400238064010100010003466F
:102EE80039052DBB73260080218A11CA73260080FC
:102EF80023A0C18803260D005D9A73100680010087
:102F0800010023808400238064010100010003463E
:102F1800390513660602A309C90469B3732600803C
:102F2800218A11CA7326008023A0C18803260D00B8
:102F38005D9A7310068001000100238084002380BD
:102F48006401010001000346390513660602A3095E
:102F5800C904C5B37D166DBD55CE0358C902B30863
:102F6800C040135858006357180B09466374460548
:102F7800F3270080A18B89CBF327008023A0F18859
:102F88001C41DD9B7390078001000100B7170040CA
:102F9800130770052380E704130780FA2380E704EA
:102FA8000100010003D7C7027D8B2396E702238027
:102FB8000704E9B573260080218A09CA73260080B0
:102FC80023A0C18810415D9A73100680010001009A
:102FD8002380840023806401010001000356C90294
:102FE8001376F60F33667601420641822316C9022C
:102FF80023800400732800801041218A336606016B
:103008007310068023A0018801000100050A137AC5
:10301800FA0F29B2F3270080A18B89CBF327008010
:1030280023A0F1881C41DD9B7390078001000100FB
:10303800B7170040130770052380E704130780FAC9
:103048002380E7040100010003D7C70216063A9659
:10305800420641822396C70299BF914763EEB702A1
:10306800172702001307C7678A05BA959C41BA97C4
:103078008287B717004003A7470B1345F5FF698FF1
:1030880023AAE70A03A7070B698F23A8E70A03A760
:10309800070A798D23A0A70A8280B717004083A664
:1030A800470B1347F5FFF98E23AAD70A83A6070B08
:1030B800558D23A8A70A83A6070A758F23A0E70AB8
:1030C8008280B717004003A7470B498F23AAE70A56
:1030D80003A7070B1345F5FF45BFB717004083A6A5
:1030E800470B1347F5FF758F23AAE70A03A7070ABB
:1030F800598D4DB7B717004003A7470B498FEDB758
:10310800914763EEB702172702001307A75E8A05E7
:10311800BA959C41BA978287B717004003A7470D15
:103128001345F5FF698F23AAE70C03A7070D698FDD
:1031380023A8E70C03A7070C798D23A0A70C82808E
:10314800B717004083A6470D1347F5FFF98E23AA4A
:10315800D70C83A6070D558D23A8A70C83A6070CAB
:10316800758F23A0E70C8280B717004003A7470D8F
:10317800498F23AAE70C03A7070D1345F5FF45BFA1
:10318800B717004083A6470D1347F5FF758F23AA8D
:10319800E70C03A7070C598D4DB7B717004003A7D5
:1031A800470D498FEDB79357E50093F70730C98F5F
:1031B800C2070547C1836382E5048DC10947638D52
:1031C800E5040D476380E50637170040231FF7081D
:1031D80083562709D58F2319F708828037170040AF
:1031E8000356670993C6F7FFF18E231BD70883267A
:1031F800C70C558D2326A70CC1BF371700400356AF
:10320800670993C6F7FFF18E231BD7088326870C1F
:10321800558D2324A70C4DBF3717004083566709E7
:10322800DD8EE1B73717004083566709DD8EE9BFA9
:10323800B717004003D587004205418193770504FD
:1032480091EB9377F5013755E80113050580334570
:10325800F50282809377050C130700046397E70053
:103268009377F50137459C1CCDB72165130505D02B
:10327800828037E700E01C435443A183E206D58FE0
:103288001CC1FD572320F7182322F7188280131733
:103298008500B7E700E023A0E710618123A2A7100B
:1032A8008280B7F700E08847CC478280814737376C
:1032B8000040A14663C4C700328582800345B740F9
:1032C800E38EA6FE3385F500034505008507230434
:1032D800A740CDB797F7FF1F938747539C4317170E
:1032E80000201307A7423E95636EE500175700209C
:1032F8001307C7B06368A70017F7FF1F2328A75055
:103308003E858280FD57EDBFB7270040C8C70947F3
:103318002380E70011472380E7008280411122C4FF
:1033280006C62A8431372947B307E502B2408D83A0
:10333800B3D7870222449507B3D7E702373700404F
:10334800C207C1832316F74041018280716541118C
:103358001305052006C6D937B7370040130770F89C
:103368002381E7400D47A381E74013070004A380AA
:10337800E74005472387E740B24041018280411179
:1033880006C622C426C24AC0EFF0EF88B71700402D
:103398000947238CE70413140501EFF06F95AA85FC
:1033A800AA841725020013052536EF00927C418078
:1033B800B30594001725020013050536139405017B
:1033C800EF00327B938701899C43418091C38297A8
:1033D800938741899C4391C3829783D7618013095E
:1033E8004006637EF40083D48180014963F9840038
:1033F8001387C188184315C3228502972A89CA856D
:103408001725020013058537EF00B276B240224433
:103418004A859244024941018280B30594401309C8
:103428004006B386250313851700058D93140501FF
:10343800C1802686172502001305C52EB3C696023D
:1034480093F6F60FEF00F27203D581803305A4409E
:1034580033052503334595021379F50F4DB703A8B6
:103468004500411126C206C622C4834718000348F6
:103478000800A944A207B3E70701C2070D68C1877E
:10348800130828906396070385473284EF704064D9
:10349800AA8419ED938781889C4399CB034514002E
:1034A800034704002205598D133515000505829739
:1034B800B240224426859244410182802D453DE751
:1034C800D841411122C426C206C6834717000347C4
:1034D8000700B684A207D98F0D67930697A1328497
:1034E8006396D702693D83C741806374F5002382E0
:1034F800A18085472390F40083C741802300F4000E
:103508000145B240224492444101828013078790CA
:103518002945E398E7FECC4589472390F4000946FE
:10352800228597D0FF1FE780206DD9BF828083470F
:103538004500858BADC7011122CC2A84035525008F
:103548009385C19C06CEEF706053058929C5035544
:103558002400014781460546ED45EF70800C2AC6D8
:103568001DC997F7FF1F9387A7D583D7A7020146E1
:103578002C002314F10085472315F10083C74180EF
:103588002300F50003552400EF80202C09C5ED45E4
:103598002800EF70C020F24062440561828082807A
:1035A800416541119385C19C7D1506C6EF90201B8E
:1035B800B24097F6FF1F9386A6D54146954517F565
:1035C800FF1F1305E5CF41016F90800E23A4A1884A
:1035D8008280411122C406C6854709446311F50259
:1035E8008347060001442382F18803C7418063783A
:1035F800F700170500001305C5F3EFB080572285C3
:10360800B24022444101828085476301F50209C91D
:1036180009476302E5020D476306E5020945828012
:1036280083C741802380F5000145828093874188C4
:1036380083C70700C5BF97F7FF1F83D707C9239024
:10364800F500DDB71387C180035707002392E50013
:1036580017F7FF1F1307C7C68356A7020357A70309
:103668002383F5002390D5002391E50075BF411110
:1036780006C6313383C74180637AF5002382A1806F
:10368800170500001305E5EAEFB0A04EB24001456A
:103698004101828041677917630CE502411122C418
:1036A80006C685472A84639AF50022852244B240DB
:1036B8009385C19C41016F90800A89476396F50004
:1036C8008545EFB0804575D1B240224441018280E2
:1036D8008280CC41411106C6328503C6150083C5D8
:1036E800050022064D8E42068D654186138875A217
:1036F800630C060F6348C804138845A26306060BCB
:10370800634AC800938535A26309B606239006006C
:10371800294679A0138855A26308060B938565A2EC
:10372800E316B6FEC1451D4663ECE5064546198E0F
:1037380063F3C7003E862390C60097250200938551
:10374800E50589A8138895A26300060F634E060B4A
:103758001388A5A2630A060F938505A5E318B6FA90
:1037680099451D4663EEE502198E63F3C7003E8650
:103778002390C6009385418131A89D451D4663E18C
:10378800E5022146198E63F3C7003E862390C600E2
:1037980093858189BA9597D0FF1FE780E045014658
:1037A800B240328541018280AD451D46E3EAE5FE1F
:1037B8003146198E63F3C7003E862390C6009725CD
:1037C800020093856501F9B7B1451D46E3EAE5FCBA
:1037D8003546198E63F3C7003E862390C6009725A9
:1037E8000200938565007DB7C1451D46E3EAE5FA09
:1037F8004546198E63F3C7003E862390C600972579
:1038080002009385E5FA79B7C1451D46E3EAE5F874
:103818004546198E63F3C7003E862390C600972558
:103828000200938565FDBDB7C1451D46E3EAE5F68F
:103838004546198E63F3C7003E862390C600972538
:103848000200938525F8B9B7B5451D46E3EAE5F4C6
:103858003946198E63F3C7003E862390C600972524
:1038680002009385A5F23DB797F6FF1F938606BE23
:103878004146CD4517F5FF1F130545AA6F805063D4
:1038880082809387418B9C4303C7818A83C6318298
:1038980001E781473E85828003D607006316A600AC
:1038A80003C66700E308D6FE7D171377F70FA10755
:1038B800C5B7B2862E86AA8517250200130585F896
:1038C8006F00322B0111930500030D4506CEEF3032
:1038D8003050930500051145EF30904F9305C00314
:1038E8000545EF30F04E85471306F1008545130571
:1038F8005030A307F100EF70F158F2400561828063
:103908008547631AF5001166130686A9894503C51C
:10391800918A6F10F01089476317F500894503C530
:10392800918A6F103032828085476398F50019E2DA
:103938002381B18A238CC18A828009476399E50073
:1039480019E62381F18A03D5018A6F00D0078280A6
:103958009387C18A9C43011122CC06CE2E8481CB49
:103968009C4791C78297F2406244056182806C004F
:1039780013057040EF60A130324681452285EF6023
:103988006172D5B701119397050126CA06CE22CCDC
:103998004AC84EC652C4C187AE8463DA070803C555
:1039A800918AEF10E03B2A8431CD03470500930745
:1039B800000D6316F704834725004547638EE70427
:1039C8006547639EE70217250200130525E4EF000B
:1039D800521A130954009309B400172A0200130A53
:1039E8002AE48345090052850509EF009218E39AF5
:1039F80029FF17250200130525FFEF00D22B22858A
:103A0800EF10E02E2165258DF2406244D2444249F0
:103A1800B249224A056182800346650083457500E4
:103A280017250200130545E0EF00B214C9BF93F74C
:103A3800150085C317F6FF1F1306C6A297F5FF1FCB
:103A4800938585A103C5918AEF70111013C51400E1
:103A580065BF93F725000145C5DB113911661306CB
:103A680086A9894503C5918AEF10807B13C5240078
:103A780061BF797126D24ECE06D622D44AD052CC16
:103A88009147AA84AE896314F50483D7A500130669
:103A9800E1008545130550302390F18A2307010082
:103AA8002381018AEF70113E9387C18A9C4391C795
:103AB800DC4781C7CE8526858297B250225423A23F
:103AC800918A02599254F249624A45618280138769
:103AD800418A1843E31AF7FC854503D5018A5D3E00
:103AE800854503D5018AEF00C073C16703DA018AEF
:103AF800F917631BFA0205449305E10013055041C9
:103B08002381018AA381818223070100EF602117A5
:103B18008347E100B1E303C7818B9147E316F7F8C8
:103B28005533238C018A49B79387418B03A9070032
:103B380003C4818A69D00355290011C99305E1009E
:103B4800EF70205909C54C455285EF8050417D14CE
:103B58001374F40F2109F9BF9387018B9C4383C722
:103B68004700898BCDDB9305000A0D45EF305026C1
:103B78009305000A1145EF30B02581450545EF3022
:103B880030251306E10085451305503023078100D1
:103B9800EF70512F49B70111170500001305C5DE55
:103BA80006CE22CCEF10F03D1384918A8547130688
:103BB800F10085452300A40013054041A307F10047
:103BC800EF60E1747D55EF60006E7D55EF80103633
:103BD8006139F932C123170500001305A5D2FD325A
:103BE80017050000130505CAE12B034504008545A8
:103BF800EF10004BF24062440561828023A6B18A2F
:103C080023A8A18A828023AAB18A2384A18A8280D8
:103C18009387418A9C43797106D622D426D24AD00A
:103C28004ECE52CC1147639BE70483C7218A414497
:103C380081CF9387418B8043B284B68983C7818AB9
:103C480003C7318299EB55442285B25022549254CD
:103C58000259F249624A4561828083464400639A68
:103C6800A600834654006396B600834664006380CA
:103C7800E606FD1793F7F70F2104E9B70947414412
:103C8800E384E7FC2C001305504123040100EF50A6
:103C9800117F834781008DCB930500020D45EF30DE
:103CA8003013930500031145EF30901295450545F3
:103CB800EF30101285473000854513055030230436
:103CC800F100EF70311C49B7F53E4144B5BF0355CB
:103CD800240093056100EF70C03F35D54C4503D5EE
:103CE800018AEF60B059058939DD13990401135928
:103CF8000901014781464A86ED4503D5018A035AE1
:103D08000400EF6010122AC64D441DDD2686CE85BC
:103D1800231441012315210197D0FF1FE780C0ED2F
:103D280001462C0003D5018AEF7030322A84E30D56
:103D380005F0ED452800EF60902639B7C84101111C
:103D480022CC06CE32840346150003450500220620
:103D5800498E19CB0D681308B8A42D4563090607C9
:103D6800F2406244056182800D651308D5A46300A2
:103D78000603130825A2630C060175781308E85C8E
:103D88003298420813580801854863EE080303D5A2
:103D9800A50036C632C4F534B24615C19387C18A28
:103DA8009C4322468345550003A30700A28762442B
:103DB800F240034545003687854605610283239016
:103DC8000600014571BF1308B5A46317060303D69F
:103DD800A1821D45E376C7F8198E63D3C7003E86D6
:103DE800CC452390C60042064182BA95228597D0D9
:103DF800FF1FE78060E0F1B79307A5A46318F600FA
:103E080091472390F6001146CC45CDB7930785908E
:103E18006317F60089472390F6000946F5B793071C
:103E2800E5A4631AF600DC452390160183C7070052
:103E38002300F40079B713057590E314A6F8D9BFE9
:103E4800011122CC06CE26CA4AC82317D1002D4418
:103E580029EBDC412E89B28403C4170083C707000D
:103E680022045D8C8D679386D7A46306D40093865D
:103E780027A3631FD4020355A900213419E1014483
:103E88000DA09387C18A9C4383455500034545008F
:103E980003A807002286A6871307E1008146029837
:103EA8002A842285F2406244D244424905618280D4
:103EB8009386C7A46314D4028357E10005473544A9
:103EC800E391E7FE0345060013040008E3EBA7FCB3
:103ED8009387C18A9C43DC43829755B79386279082
:103EE800631AD4028356E1008547EF60703E2A8446
:103EF8004DF99387418B8356A9009C4303C7818A58
:103F08003DDF03D627006302D6047D171377F70F2A
:103F1800A107FDB79387E7A4E313F4F68357E100FD
:103F280005473544E39FE7F60345060013040008F8
:103F3800E3E9A7F6DC452380A7009387C18A9C4361
:103F48003335A0000905DC4341BF1387C18A1843F4
:103F580003C5470083C5570083C71400032807001B
:103F680003C70400A2078946D98FC207C18705473E
:103F78006383E7008D460D66A6871307E1001306E5
:103F88002690029839BF411122C441641305F4FFF9
:103F98009385C19E06C626C24AC0EF80407C1305A1
:103FA800F4FF9385C19D97E4FF1F9384644CEF80D1
:103FB800007B97E6FF1F9386A6654146E94526855F
:103FC800EF80006FCC4C2A890945EFF0EFE31387A7
:103FD800818383460700938741830347170003C6FD
:103FE80017001384C19F83C50700A306E40083D785
:103FF800A40CA30EE40003D7A416A302C400A30ACA
:10400800C40003D6A4132310F400231CE40083D7B0
:10401800A40D1387018303D5A4102318C4000357E4
:10402800070003D6A4142311F40085472303F400E2
:104038002306D4002307F4002319C400230ED40058
:104048002302B4002314A400230AB4002315040097
:10405800230B0400231D0400230F04002312E40291
:1040680003D7A418938541A22303F4022310E40282
:10407800231104020D45EFF02FD9A2851D456136A5
:10408800B24022444A8592440249410182808D67A8
:10409800138527A36301A6049387D7A40145631E4C
:1040A800F6008947639CF500854735456397F60018
:1040B80083470700238FF18A014582808D47294570
:1040C800E39DF5FE85473545E399F6FE83470700EE
:1040D800238EF18AD5B785473545E390F6FE8347A9
:1040E8000700A38DF18AC9BF8D67138527A36308CD
:1040F800A6029387D7A46317F6028947639BF50046
:1041080083C7E18B2300F70085472390F60001451C
:1041180082808D476398F50083C7C18BE5B783C755
:10412800B18BCDB723900600DDB70145828025E32A
:1041380003A84500AE888347180003480800A20773
:10414800B3E707010D68930EF8A4639AD703914764
:104158003548639FF60203A5C8004111B285114690
:1041680006C697D0FF1FE78020A99387C18C9C4380
:1041780005458297B24001484285410182809308F3
:10418800289029486396170185476F6070142D4859
:104198004285828041654111938541A37D1506C6FC
:1041A800EF80E05BB24097E6FF1F9386264D4146BD
:1041B800994517E5FF1F1305654641016F80404F7C
:1041C80023A6A18C82800111938541A322CC06CE1F
:1041D8002A84EF60B00A058929C10147814605464E
:1041E800ED452285EF60E0432AC605C997E7FF1F22
:1041F8009387C74283D7A70501462C002314F100F3
:1042080085472315F100230005002285EF70E06340
:1042180009C5ED452800EF608058F2406244056109
:10422800828041677917630CE502411122C406C6F2
:1042380085472A84639AF50022852244B2409385F3
:1042480041A341016F80A05189476396F5008545D8
:10425800EFA0B00C75D1B240224441018280828027
:1042680011456FE0AFD1411193962500AA852D45E0
:1042780006C697C0FF1FE7808061B2400145410133
:104288008280411126C29394250022C44AC02A8400
:104298003289A686AA850146254506C697C0FF1F0E
:1042A800E780E05EA6864A86A285294597C0FF1F5B
:1042B800E780E05DB2402244924402490145410151
:1042C8008280011122CC06CE3714004026CA4AC883
:1042D8004EC652C483447405034AB4058349840511
:1042E80003499405EFE04F9E8347A40593F4F40F28
:1042F800137AFA0F93E71700230DF40493F9F90FD3
:104308001379F90FB717004003C7A705058B6DFF91
:1043180003D5C705A38D4705238C3705A38C27052F
:10432800A38B9704F2406244D2444249B249224ADC
:104338000561828041119397050122C406C6C18791
:104348002E8463DD0700EF00B02119C1EF00301A99
:104358002165218DB24022444101828093F71500E6
:1043680013C51500E5FB9397250163D00702EF10ED
:10437800A178FD3537F60200130606E0896503C506
:10438800018DEF00F0690965E9B7939715010145BB
:10439800E3D207FC1715020013058555EF00A2119B
:1043A80013060064916503C5018DEF007067116500
:1043B8004DB71D714946971502009385E54E17259F
:1043C80002001305E59886CE97D0FF1FE780C08BC3
:1043D80001E9171502001305654EEF00C20D01A093
:1043E800B7F600E0795798CAFD57DCCA0567B7E702
:1043F80000E023A0E7101306F00290C223A0E718FC
:10440800010001001306C0038145480897D0FF1F2B
:10441800E780008297E7FF1F938787633ECA896713
:1044280093870780231CF100B5472304F102A16795
:10443800938707E03ECEB7070105938707103ED064
:10444800ED472312F10285472303F1029707000085
:104458009387A7E1BEC4970700009387C7E2BEC64B
:104468008567938717D02315F10297F7FFFF938786
:1044780087E33EDAB7F50700970700009387A7E4BC
:104488003EDE8146970700009387C7DD7000E1058F
:104498001945BEC097C0FF1FE780603F5808814795
:1044A800994670003E960346060085070507A30C4B
:1044B800C700E398D7FED24791C7035781018567A4
:1044C8006373F70001A04808EF10602FAA8501C99F
:1044D800171502001305C53FEFF0B16901A0F640BA
:1044E800256182804111170500001305E5E406C621
:1044F80022C4EF1000291384018D2300A400192879
:10450800034504002244B240130600328965410184
:104518006F001051411106C6F3270080A18B138745
:10452800018889CBF327008023A0F1881C43DD9BF9
:104538007390078001000100B717004093067005CB
:104548002380D704930680FA2380D7040100010052
:1045580083C6F70293F6A60FA387D7022380070422
:10456800F32600801C43A18BD58F7390078023A06E
:10457800018801000100F3270080A18B89CBF32774
:10458800008023A0F1881C43DD9B73900780010005
:104598000100B7170040930670052380D7049306DF
:1045A80080FA2380D7040100010083C6F70293E64E
:1045B8002600A387D70223800704F32600801C4324
:1045C800A18BD58F7390078023A00188010001007B
:1045D8000545EFD0FFF369311305407E8147014758
:1045E800814605468545EFD03FF9B2400145410176
:1045F8006F10805182803D897D15954763EAA70E2B
:10460800171702001307072F0A053A951C410111D5
:1046180006CEBA9782872C0013054030EF60D1721E
:104628002C000545EF502010171502001305053C16
:10463800EFF0716811A803C725008D471715020010
:104648001305C53BE306F7FEF2400561828003C708
:1046580025009547E31AF7FE83D7A5000D661306D4
:104668000620914503C5E1842396F184EF00503B71
:10467800171502001305853965BF03C725008D4747
:10468800E314F7FC171502001305453955B783C71E
:1046980025001147171502001305053A638EE70236
:1046A80019476394E70283C56500171502001305CF
:1046B800653AEFF0114C85473000854513055030B9
:1046C8002304F100EF60117C41B71547E395E7FE3D
:1046D800171502001305C539EFF0F15DE9BF83C571
:1046E8002500171502001305253AEFF09148A9BFD8
:1046F800828001112305A10034002146854501452A
:1047080006CE23140100A305010002C6EFF04FD026
:10471800F24005618280411106C622C43A883E876C
:1047280095EA32830D661306D6A42A8EAE88834690
:1047380008006319C30089476396F5008547354427
:10474800639EF6022244B2401A86C68572854101EC
:104758006FF0FF9385476398F6002244B240C28603
:1047680041016FF07F98894701446399F600130669
:10477800401F894503C5E184EF00902A2285B24095
:1047880022444101828083D7C1838507C207C18340
:1047980051476367F700239EF18203C5818E8280AB
:1047A800011106CE22CC26CA4AC84EC6239E0182D3
:1047B800B7190040EFD03FC6094913140501238CEF
:1047C8002905EFD0FFD24180B305A40093940501D9
:1047D8000564C1801306C49933B6C40017150200D6
:1047E80013050517EFF0F138239D918C83A7490C29
:1047F8001397170163460704130474938D47637E68
:104808009404A387218583D5A18D1715020013056C
:104818002517EFF01136854703C4F184630CF406BD
:104828002DC48944630194048D476307F404F2405E
:10483800624403C5818ED2444249B24905618280EF
:10484800171502001305C512EFF0F14683D7A18DA5
:10485800130474A26366F4008547A387F18465B7DF
:10486800A38701844DB7171502001305E512EFF071
:1048780091442384018E65BF171502001305C512E4
:10488800EFF071432384918E5DB71715020013056D
:104898002513F1BF171502001305C513EFF0B14139
:1048A8002384818E69B741119397050122C406C6F6
:1048B800C1872E8463DD070003C5E184552111C13A
:1048C8003D212165218DB24022444101828093F728
:1048D800150013C51500E5FB93F7450099CF83C76D
:1048E800E1841307401F81462146A14503D5C184B1
:1048F800EF60F11E13454400F9B793F785009DC397
:10490800014789460946814503D5C184EF7061098D
:10491800AA8517150200130565FFEFF091251345C9
:10492800840055B793F72500A1C393870184984362
:104938000DE79307F004238FF18C03C5E18D553BF8
:1049480083C5E18D171502001305C5FDEFF071222F
:104958000145453313452400BDB798438547E31EF9
:10496800F7FC93070005C1BF93F705010145A1DFD7
:10497800193D85476303F50293178501E1879DC7B4
:104988008947630EF5021306401FC14503C5E1843C
:10499800EF001009134504013DB73717004083277E
:1049A800C70C93E707082326F70CF1BF3717004019
:1049B8008327870C93E707082324F70CE9B73717F1
:1049C80000408327870C93C70708FDB70111170517
:1049D8000000130585ED06CE22CC26CA1384E18497
:1049E800EF00305A85442300A40070008545130564
:1049F800503023069100EF60F14817E6FF1F1306B9
:104A0800A6C8E54513056030EF60D14717E6FF1FDC
:104A1800130646CABD4513057030EF60B146171638
:104A28000200130666F1D5450145EF5060768D47C3
:104A380070009145130570402305F100230491008F
:104A4800A305910002C6A3040100EF50510C3000E9
:104A5800854513050040EF50910B130691008545DD
:104A680013051040EF50B10A1306A1008545130540
:104A78002040EF50D1091306B10085451305504079
:104A8800EF50F10899477000854505452306F10068
:104A9800EFE03FB4EFF02FCF97E5FF1F938585C078
:104AA80013854184EFF08F95034504008545CD2B90
:104AB80003450400C145ED23F2406244D244056138
:104AC800828039711305800406DE22DC26DA371469
:104AD80000404AD84ED652D497B0FF1FE780A05C5A
:104AE8000327C40C85648D45458F2326E40C056592
:104AF800EFE00FE18327C40C81450565C58F2326A8
:104B0800F40CEFE08FD581450145EFD0BF9985457D
:104B18002165EFE0EFDE89452165EFE0CFE8E17739
:104B2800231FF408B7E400E0370904008545414530
:104B380023A02411EFE0CFDC89454145EFE0AFE643
:104B4800C147231FF4088945116523A02411EFE00C
:104B58002FDB8327840C8D451305000893E707088E
:104B68002324F40CEFE0CFD98327840A21678D45ED
:104B7800D98F2324F40A2165EFE02FCE8327840AF6
:104B88008D451305001093E707102324F40AEFE07E
:104B9800CFCC8327840A09678D45D98F2324F40A4B
:104BA8000965EFE08FCB8327840A11678D45D98F7C
:104BB8002324F40A1165EFE04FCA51469715020005
:104BC8009385C5AF6800EFF0616F8D49154A814440
:104BD800F9E432498327C40C13054006B3E72701DB
:104BE8002326F40C97C0FF1FE78020988327840CA6
:104BF8003369F9002324240D8504E39B44FDFD1942
:104C0800E39709FC1305401F97C0FF1FE780E09555
:104C1800371400408327840A21673795040093E7F7
:104C280007102324F40A8327C40A1305053ED98FE5
:104C38002326F40AEFE04FED37270040834727008B
:104C48008D451305002093E717002301F7004167FE
:104C5800B7E700E023A0E7108327840A93E707203B
:104C68002324F40AEFE06FBFEFE04FEE17150200C0
:104C78001305050EEFF03104171502001305C5E7FB
:104C8800EFF0216FEFF0EFF2EFF0DF85EF60B15159
:104C9800EFE07FF0253B97C0FF1FE78000B374006B
:104CA800139724003697032907008327C40A13059E
:104CB8004006B3E727012326F40A97C0FF1FE780C1
:104CC800C08A8327840A3369F9002324240B2DB76B
:104CD80023AC05FE1C4191E7010001000CC1828054
:104CE800BA8703A787FF6DFF23ACB7FE82801DC17B
:104CF8008346E5FF1307F00F9147639EE6004111D5
:104D080006C697D0FF1FE78040DAB24081473E854C
:104D18004101828095473E85828001E90145828074
:104D28000145B24022444101828095654111938535
:104D380005D022C4C98D2A842105C2054205C18136
:104D4800418106C697D0FF1FE78000C971D9FD577A
:104D580023200500231285002303F5002105D1B780
:104D680017F7FF1F130787531C43411122C426C29C
:104D78004AC006C601440149BA8489E7A165D92514
:104D88001DC401A803C7E7FF631AA7020DCCA165DC
:104D9800012E9840832784FF6319E40217F7FF1F49
:104DA800232EF74EFD57232C04FE230FF4FE2285F5
:104DB800B2402244924402494101828011E03E8976
:104DC80083A787FF5DBF3E84E5BF232CF9FED9BFCB
:104DD800B1CD411122C406C62A8497F7FF1F83C7A5
:104DE800374C2E856375F400894763E887000137DF
:104DF8000D45B24022444101828083A785FF99E78F
:104E080003C7E5FF9307F00F6305F700CD35154598
:104E1800CDB7238F85FE17F5FF1F130525484D3D98
:104E280022852244B240A16541019DAC154582808E
:104E380097F7FF1F23A40746828097F7FF1F9387E2
:104E4800674B9C4399E33E85828003D7270063160E
:104E5800B70003C70700E308A7FEDC47E5B7C9C1E9
:104E6800797122D406D626D24AD04ECE0144414783
:104E7800B3D78540858BA5C31205314722953305E5
:104E8800E50297F7FF1F9387E74A03A907008544C0
:104E9800B3948400C204C180BE892A9903270900FB
:104EA80011C7032549002EC60297B245314733047E
:104EB800E40283A709003E941C4489E723200900E3
:104EC80023220900B2502254A58D02599254F24966
:104ED8002E85456182800504E31CE4F88144DDB732
:104EE8002E85828041111397050122C406C626C269
:104EF8004AC041872E84635E07009D3511C1C53BBA
:104F0800A1673D8C2285B240224492440249410166
:104F18008280EDD9AA8701474146B356E440858A85
:104F28008DCE9207BA97B146B387D70297F6FF1F7F
:104F38009386464003A906008544B394E400C2045E
:104F4800C1803E99832709000325490082972320C1
:104F5800090023220900258C75B70507E31FC7FA46
:104F68008144D5BF97F7FF1F938707399C53411199
:104F780022C406C61384018599C782971C403E95B2
:104F880023A8A18439A097F7FF1F938727369C434E
:104F9800EDF70840B74703009387D73F3305F5027D
:104FA800B7A72600938737ECB24022443E9523A842
:104FB800A184410182807DC197F7FF1F9387073342
:104FC8009C43797122D426D24AD04ECE52CC56CAAE
:104FD8005AC806D65EC63A8AB689328BAE8A2A89FC
:104FE800829797F7FF1F9387E7349843BE8401445D
:104FF800B146C147B30BD40233067701104251EAD8
:10500800C165938505F0414597D0FF1FE780C09C97
:105018001DE597F7FF1F9387272E9C5B2D4589C7B2
:105028001145814582972D45B25022549254025918
:10503800F249624AD24A424BB24B4561828097F7A5
:10504800FF1F9387272B984329E397F7FF1F23A375
:10505800A72A230005009C4005473317870023260D
:105068000500232465012311E50023224501DE976D
:1050780023A0270123A2570123A447010145E38563
:1050880009FA238089004DB73E875C47F5FF48C77A
:10509800C9B70504E310F4F6214579B709458280BC
:1050A80097F7FF1F83C7D71F6371F50217F7FF1F15
:1050B800130707249317150008433E9583570500E7
:1050C800DD8D2310B500014582800D45828097F75C
:1050D800FF1F83C7F71C6373F50217F7FF1F13073A
:1050E800272193171500084393C5F5FF3E9583576D
:1050F8000500FD8D2310B500014582800D45828095
:10510800130705FF1377F70FFD4763E9E70AB14671
:10511800B306D50297F7FF1F9387C721984389479E
:105128003697184349CF011122CC4EC605449359EE
:1051380045003D893315A40013140501418026CA92
:105148004E85AE84A2854AC806CEC5392A898147CC
:1051580031CDA2854E85A53F97F7FF1F9387071985
:105168009C43829797F7FF1F83D7C71D3387970202
:105178002A84814613060064B3B7970213050732E1
:10518800B335E500BE95EFE0F159B307850097F612
:10519800FF1F9386A61A3E87D44263E4A70063E400
:1051A800D7003387D7402324E9008147F24062447F
:1051B800D2444249B2493E850561828089473E858D
:1051C8008280011126CA06CE22CC4AC84EC6BD47E7
:1051D800894463EFA70231473307E50297F7FF1FBA
:1051E800938747159C438944BA979C4395C30544C4
:1051F8003314A400420441802E890145A285353923
:10520800AA89814411C5A2850145D13523A4290164
:10521800F240624426854249D244B24905618280FF
:1052280097F7FF1F83C7D7076364F500014582809E
:10523800011197F7FF1F9387670B56C283AA0700D0
:1052480006CE22CC26CA4AC84EC652C4638E0A0A63
:1052580017FAFF1F130A8A0E83244A00B74736FE3F
:10526800938707C8AE8997F5FF1F83D5A50DBE9410
:10527800B387C5022A8432898146B3B5C50213852E
:105288000732B337F50013060064BE95EFE0914985
:1052980063ECA406829A97F5FF1F83D5A50AB38706
:1052A8002503AA84130600648146B3B52503138534
:1052B8000732B337F500BE95EFE0D146B307950046
:1052C800BE8403274A0063E4A70063E4E700B384CD
:1052D800E740CE852285EFF05FB601C504C50545D8
:1052E8002DA0936504F0C205C181414597C0FF1FF9
:1052F800E780806E05E597F7FF1F9387E7FF9C5BC4
:1053080081C7A285114582970145F2406244D24483
:105318004249B249224A924A0561828097F7FF1FA3
:10532800938747FD9C439DE397F7FF1F23A4A7FCA2
:1053380085472326050004C5231135012300850070
:10534800A300F5002322050059BFBA87D84775FF87
:10535800C8C7F9BF59C9797122D426D24AD04ECECE
:1053680052CC56CA5EC662C466C206D65AC83689C8
:10537800328AAE89AA844144314C97FAFF1F938A36
:105388006AFB854C930B0003330B840303A70A00C5
:105398005A971C43B1E79375F400B395BC001355B5
:1053A8004440C2055286C1811375F50F953D0DC95C
:1053B80083A70A000145DA9784C323A2370163044F
:1053C800090023008900B250225492540259F2492C
:1053D800624AD24A424BB24B224C924C456182807F
:1053E8000504E31374FB2145F9BF09458280411187
:1053F80022C426C24AC006C62A842E89B2840D3524
:10540800CA852285EFF07FA305CD97F5FF1F83D5C9
:1054180065F3B38795022A84130600648146B3B501
:10542800950213850732B337F500BE95EFE0912F4B
:1054380048C00145B2402244924402494101828059
:105448002145CDBF411122C426C24AC006C62A89B9
:105458002E84EFF09F9EAA8419C123110500A2850E
:105468004A85B53197F7FF1F83C787E3639B2701F9
:1054780097F7FF1F83D747E75D8C97F7FF1F2395A3
:1054880087E6014591E01945B24022449244024919
:10549800410182809307F00263E8A7044111B147F4
:1054A80022C43304F50226C297F4FF1F938484E8CC
:1054B8009C4006C6A297984389470DC39377F50089
:1054C8008545B395F500C205C1811181A53F9C4072
:1054D800A29723A0070023A207008147B2402244D5
:1054E80092443E854101828089473E8582804111F0
:1054F80006C622C4EFF07F9411E50145B24022446C
:105508004101828097F7FF1F938747DE9C43004540
:10551800829797F7FF1F938767E26368A402D843CF
:10552800B74636FE938606C83305A4403697E37619
:10553800E5FC13070064B335E50203D6870081460E
:105548003305E502EFE0111E55BFD8433A94C1BFB9
:10555800411122C426C217F4FF1F130424DE97F456
:10556800FF1F9384E4D39448584097F7FF1F93870D
:10557800E7D706C69C436393E60882975440B7472B
:1055880036FE938707C8B6973387A7003A856364C2
:10559800F7006364D7003305D74097F4FF1F93845F
:1055A800E4F29C4C81CF97F7FF1F938727F9944328
:1055B8003707CDFF7D179C46F98F9CC611E14840FF
:1055C80097F7FF1F938747D3DC53829719E59C4CC5
:1055D8008DC3EF00E168EFF0D04B9C4C99CB97F767
:1055E800FF1F9387A7F59843B70633001C47D58F4D
:1055F8001CC7B24022449244410182808297984855
:1056080097F7FF1F83C797D054401D8FB307A70094
:105618003E8563E4E700E3E2D7F83385D740B5BFBA
:10562800411106C697F7FF1F23A8A7D00295B240DD
:1056380097F7FF1F23A2A7C8014541018280994718
:1056480063E9B7008A0597F7FF1F938727C8BE95B8
:1056580088C1828041117146814517F5FF1F1305E6
:10566800E5C606C697F7FF1F23A607C897F7FF1FCB
:1056780023A407CC97F7FF1F23AA07C697B0FF1FDD
:10568800E780005B13068002814517F5FF1F1305AD
:1056980025C197B0FF1FE780A059EF60813A97F7BF
:1056A800FF1F83C7D7C613D527008D8B3E958D471F
:1056B8003305F502854539051375F50F97F7FF1F73
:1056C8002381A7BE99473305F5021305052497C022
:1056D800FF1FE780603017F7FF1F232DA7C459CDA0
:1056E800994717F6FF1F0346C6BB3306F6028145E6
:1056F8001306062497B0FF1FE780805397F7FF1F14
:10570800938747C39C439387072417F7FF1F232DCD
:10571800F7BA17F7FF1F0347C7B80A07BA9717F76B
:10572800FF1F2327F7BCEFF0AFF0052B97F7FF1FFC
:10573800938787B9944397F7FF1F83C777B6139763
:105748002700369717F6FFFF1306A67110C31387B5
:1057580017001377F70F0A07369717F6FFFF130698
:10576800A67810C313873700890793F7F70F8A07BE
:1057780097F5FF1FA386E5B2B69790C3B2404101E3
:10578800828097F7FF1F83C7B7B117F7FF1F03473B
:1057980047B163F3E70217F7FF1F1307E7B2184390
:1057A8009386170017F6FF1FA30CD6AE9396270013
:1057B800369708C33E8582809307F00FE5BF1C41EA
:1057C800638A071641777D8FB706002089476314DF
:1057D800D7160357450063000716411122C419461E
:1057E8002A849305F00F690506C697B0FF1FE78066
:1057F800404E05478D47630AE5121C4481CB585833
:10580800994763040712185C630107121306C00363
:10581800814517F5FF1F130525AE97B0FF1FE780D9
:1058280020411306C003A28517F5FF1F1305C5AC59
:1058380097B0FF1FE780403C17F7FF1F035787AC5F
:1058480097F7FF1F938747AB19E71307001097F6E1
:10585800FF1F2399E6AA17F7FF1F0347C7AA11E7F7
:10586800054797F6FF1F2380E6AA17F7FF1F035780
:10587800A7A911E76D4797F6FF1F2397E6A817F723
:10588800FF1F034757A811E7154797F6FF1FA38C7B
:10589800E6A617F7FF1F034747A711E7054797F63F
:1058A800FF1F2384E6A617F7FF1F034717A619E76C
:1058B80003C7F70097F6FF1FA389E6A417F7FF1F92
:1058C8000347C7A411E7354797F6FF1F2380E6A4CF
:1058D80017F7FF1F0347D7A319E71307800297F6A7
:1058E800FF1FA387E6A217F7FF1F034737A219E791
:1058F8001307D00297F6FF1FA38AE6A00347840187
:1059080019E71307C00397F6FF1F2383E6A09C57E8
:1059180091C7829797F7FF1F2398A798FD5717F706
:10592800FF1FA30FF7C63D338147B24022443E858F
:105938004101828089473E85828001114EC697F9D0
:10594800FF1F9389A99F83A7090006CE22CC26CAE8
:105958004AC852C4829713090064B335250303DA91
:1059680089008146528633052503EFE0A15B97F74E
:10597800FF1F9387E792804FAA840145630694022C
:1059880033858440636E940003A54900528681469E
:10599800B335A9023305A902EFE0C158018D269558
:1059A80097F7FF1F23AA9790F2406244D2444249D6
:1059B800B249224A05618280011122CC0A852E84CF
:1059C8004146970502009385A5D006CEEFE0110F5A
:1059D800180806043A94035504FF97F7FF1F83D766
:1059E8008796F2406244AA9737450F0013050524AD
:1059F8003355F5020561828097F7FF1F83D7A79477
:105A080051471D45637CF702794719456378F702CA
:105A18001307200315456373F7021307B0041145F4
:105A2800637EF700130740060D456379F7001307F7
:105A3800600909456374F70013B5B70F8280011137
:105A480022CC06CE2A842EC6EFF0CFD1B245F24042
:105A5800818D33A5A502229562441375F50F056162
:105A68008280011122CC06CE2A842EC6EFF08FCF79
:105A7800B245F240818D33A5A502229562444205C4
:105A8800418105618280011122CC06CE2A842EC66E
:105A9800EFF04FCDB245F240818D33B5A502229586
:105AA80062440561828097F7FF1F9387E7849857C0
:105AB80039CB411122C426C206C6BE84029717E715
:105AC800FF1F0357677E2A8415CBBA876373A70025
:105AD800AA87C207C183BA866373E400A286C20696
:105AE800C182958F5147635BF700DC5491C382975D
:105AF800EF00810097E7FF1F2398877AB24022447E
:105B0800924441018280828097E7FF1F9387C77E76
:105B1800DC57011106CEAA8581C72AC68297B245ED
:105B2800C1C59C410545B5CFDC41A5CF83D78500CC
:105B3800ADCB83D7A500B5C783C7C500BDE3414634
:105B480017E5FF1F1305857F97B0FF1FE780C00A81
:105B580097E7FF1F9387877E9C4317E7FF1F23273D
:105B6800F77897E7FF1F83C7B77A8DE79307800217
:105B780017E5FF1F0355057D3305F50237460F006E
:105B88001306062481468145EFE0C13997E7FF1FD8
:105B9800A380A77817050000130565DAEFF05FA862
:105BA8000145F2400561828097E7FF1F83C727768A
:105BB8001397870161876354070497E7FF1F23AF93
:105BC800076E97B7FF1F9387274617E7FF1F2327FF
:105BD800F7767D5797E7FF1F23A4E776B78732004C
:105BE800938727A197E6FF1F23AEF67497E7FF1F59
:105BF800238C0774B7C7004023A4E72691BF13F787
:105C0800170005CFB7872003938707D017E7FF1F33
:105C1800232AF772B707C0A817E7FF1F2322F772D6
:105C280097B7FF1F9387674317E7FF1F2328F7706E
:105C380097E7FF1F238A077021BF617797E6FF1F49
:105C48002392E67081CB9307003217E7FF1F231CCE
:105C5800F76EC9B793072003CDBF011122CC17E413
:105C6800FF1F13046469084406CE26CA4AC801E91E
:105C78000545F2406244D2444249056182805C583D
:105C8800E5DB185C75D77000854582971844B247E4
:105C9800E300F7FE9305E00417E5FF1F035585664B
:105CA80097C0FF1FE78040D317E7FF1F232AA7608D
:105CB80061D117E6FF1F0356E6649305F00F97B00E
:105CC800FF1FE780E0F6814417E9FF1F1309495DCC
:105CD80097E7FF1F83C727630326090263C1F402FE
:105CE800328597C0FF1FE78040DC014597E7FF1F1B
:105CF80023A8075C97E7FF1F23A6075C9DBF97E5CE
:105D0800FF1F83D52560B38795020844185C8981F5
:105D180085043E9508C2029765BF011156C297EAED
:105D2800FF1F938A6A5D83A78A0022CC4AC84EC6A1
:105D380006CE26CA52C45AC0AA892E8432896385DF
:105D4800072203A74A03630707147D476366A7145E
:105D580097E4FF1F9384C45403AA040263170A0A32
:105D68009565938515E017E5FF1F0355A55997C05D
:105D7800FF1FE78060C697E7FF1F23A3A7542A8663
:105D8800630A051083A74A0303A58A0097E5FF1F46
:105D980083D545578981829783A78A0003AA04027D
:105DA80017E7FF1F2320F7528947639CF908C1476B
:105DB8006312F40E97E5FF1F83D5C554938505FC40
:105DC8009147B3C5F5028A05D29503C70500930725
:105DD800A005631DF70A83C715006399370B4A8529
:105DE8002286910597B0FF1FE78000E19C505285FD
:105DF800639347150145F2406244D2444249B2498F
:105E0800224A924A024B05618280D850E38EE7F815
:105E18009565938525E017E5FF1F0355A54E97C0A7
:105E2800FF1FE78060BB2A8A35C52A8683A74A03F5
:105E380003A58A0097E5FF1F83D5C54C8981829702
:105E4800A5B78D47639DF900C1476315F40497E52D
:105E5800FF1F83D5254B938545FDF199B5B791472C
:105E6800639AF9006318340397E5FF1F83D58549C2
:105E7800A115E5B7C147639FF900A14763EC870007
:105E880097E5FF1F83D50548C115C1BF9C505285B2
:105E98006397470D294585B71307F006568B63614D
:105EA800A70A130A05FE1947334AEA0217E7FF1F34
:105EB8000357474597EAFF1F938A8A3E330AEA0247
:105EC8003E9A83A74A026395470183A40A029DE488
:105ED8009305E00417E5FF1F0355C54297C0FF1F50
:105EE800E78080AFAA845DD583274B0397E5FF1F22
:105EF80083D545412A868981528582979145130722
:105F0800A005898193972500A69783C60700639308
:105F1800E60483C61700639C360385058A05228636
:105F2800A6954A8597B0FF1FE78000CD83A70A0290
:105F3800E38297EC268597C0FF1FE78000B75DBD19
:105F48001307E007E368A7F4130A05F985B783D5B3
:105F5800270045BF83A70A02E38E97F2268597C0DC
:105F6800FF1FE78080B43DB797E7FF1F938747334C
:105F78008C538DD191479306A005898313972700E9
:105F88002E9703460700E317D6F003461700631C55
:105F9800360185078A072286BE954A8597B0FF1F76
:105FA800E78080C581BD83572700C1BF97E7FF1FE2
:105FB80093878734984739C79C5FA9C705476313F8
:105FC800E504411122C417E4FF1F1304642D105087
:105FD80006C60DC6485097E5FF1F83D5A5328981AF
:105FE8008297085097C0FF1FE78020AC97E7FF1FF4
:105FF80023A8072C97E7FF1F23A6072CB2402244AB
:10600800410182808280011117E7FF1F1307C72E05
:106018004EC68329870022CC26CA4AC806CE52C457
:1060280056C2AA842E843289638A09201C5FBA8AE0
:1060380099EB2945F2406244D2444249B249224A86
:10604800924A056182805C5BEDD7FD4763E9A70E44
:1060580097E9FF1F9389C92483A70902B1CB03A538
:106068008A0083A749026395A70689476393F408C2
:10607800C147E310F4FC17E5FF1F0355A528914716
:10608800130505FC3345F5029317250003A50902FE
:106098002286CA853E959307A0052300F500A30034
:1060A8009500110597B0FF1FE78000B5014559B766
:1060B8009305E00417E5FF1F0355C52497C0FF1F8C
:1060C800E780809197E7FF1F23ACA71E49F995B792
:1060D80083A74A0303A6090297E5FF1F83D58522F4
:1060E8008981829783A78A0017E7FF1F232CF71C53
:1060F800ADBF8D47639EF400C147E31CF4F217E57A
:10610800FF1F03552520130545FD9377C5FFBDBF28
:106118009147639AF400E31E94F017E5FF1F0355B7
:10612800651E2115DDB7C147E395F4F0A147E3E209
:1061380087F017E5FF1F0355E51C4115F9B79307CD
:10614800F00663EAA706930705FE1947B3C7E702F7
:1061580017E7FF1F0357071B17EAFF1F130A4A1405
:10616800B387E702BE9983270A02A9CF83274A0289
:10617800639A370703250A0291461308A005FD55BF
:1061880093D72600C207C183139727002A9703468F
:106198000700631D06078348170003562700639509
:1061A8009806B306D64063CF860485078A072286F9
:1061B800CA853E95C5BD9307E007E3ECA7E69307BC
:1061C80005F979B79305E00417E5FF1F0355851313
:1061D80097C0FF1FE780408097E7FF1F23A2A70E05
:1061E80051F581BD83A74A0303260A0297E5FF1FDD
:1061F80083D5451189814E85829797E7FF1F23A391
:10620800370D8DBFA300B700B2869DBFB38586004A
:1062180017E6FF1F0356060F9105130606FCE3FA5F
:10622800C5E0130634001376C60F1106B296230094
:106238000701A30097002311D70085BF97E7FF1F29
:10624800938707069453BE89A1C203A50902914604
:106258001308A005FD5593D72600C207C1831397DD
:1062680027002A9703460700631606058348170088
:106278000356270063989800B306D640E3D786F202
:10628800A300B700B286C1BF8357C70017E5FF1F39
:10629800034565079305E0043305F502420541818E
:1062A80097B0FF1FE780407397E7FF1F23AAA70057
:1062B80049FD41B317E6FF1F0356C60497E5FF1FC4
:1062C80083C56504B385C502338686001106E3E2FB
:1062D800C5D681BF01458280011106CE2EC6EF804A
:1062E800807101C9B245F2400355250005616FC0B0
:1062F800F00EF240494505618280A38E0190238EFD
:10630800019023A2019023A4019023A6019023A821
:10631800019023A0019023AE018E97E7FF1F93877A
:10632800E704930640382391D702F1761307400B10
:10633800938606B82391E7002392D70211679D46FA
:10634800130600059305000A1305007D2392E70054
:106358002393D70241478546130810F82395E70091
:106368002396E7002399E700239AE700239BE70099
:10637800239CE7002394E702239007002393B700A8
:106388002394B7002397C7002398C700239DA7002D
:10639800239E0700239F0700239007022395D70217
:1063A80023960703239707029308F0072398070209
:1063B8002392E7042393E704239FE7042390E70647
:1063C8002391E7062392E706239917031307C01CB6
:1063D800239AD702239BD702239C0702239D0702F7
:1063E800239E0702239F0702239007042391D704C3
:1063F80023940704239507042396D7042397C704F7
:106408002398C7042399A704239A0704239B070406
:10641800239C0704239DC704239EC7042393A70630
:106428002394070623950706239607062397B7069E
:106438002398B70623990706239AE7065147239D11
:10644800E7067D57239B0706239C0706239ED7064E
:10645800239F07062390070823910708239207091B
:106468002393E7088280011126CAAA84214522CCF9
:1064780006CE2E8432C636C43AC2EFE01F8A1DC942
:10648800A24612473246930700FD2300F5009947BC
:10649800A30095002301F5002303D500A303E5001D
:1064A8002312C500AA8522856244F240D2440561C0
:1064B8006FE01F92F2406244D2440561828023A2B9
:1064C800A190828023A4A190828023A6A19082809B
:1064D80023A8A1908280011122CC4AC806CE26CAE0
:1064E8002A890144B30489006368B400F240624415
:1064F800D2444249056182802EC6EFE0BFA69317B9
:106508000501C183A183B2452380F40093071400D9
:1065180093F7F70F850463F9B700CA970904238036
:10652800A7001374F40F7DBF3E847DBFC16717E5D4
:10653800FF1F035505E2FD176304F502411117E635
:10654800FF1F0346A6F69385419106C6EF80A02853
:10655800B240FD5717E7FF1F231DF7DE4101828078
:10656800828009C925151375F50F1335850E134556
:10657800150082800145828023900500C9C6797183
:1065880022D426D24ECE52CC5AC806D64AD056CAA3
:106598005EC63684328AAE892A8B814463F3440707
:1065A800B307940083C70700138914004209939A1C
:1065B800070193DA0A011359090163840A04CA9787
:1065C8006341FA04B307240183CB07005E85513F7A
:1065D8000DC99387FAFF2390F90063906B031305A5
:1065E80019002295B250225492540259F249624A33
:1065F800D24A424BB24B45618280D694C204C180D4
:1066080071BF0145C5B701458280411126C2AE84DC
:1066180022C497E7FF1F23A5C7D497E7FF1F23AF1F
:10662800B7D297E7FF1F23A9A7D22A84414693052B
:10663800F00F26854AC006C6054997A0FF1FE780C8
:1066480040696310250597E7FF1F938727D0884B7C
:10665800C145513541469305F00F228597A0FF1F8C
:10666800E7802067854463189502224497E7FF1F57
:106678009387C7CDB24092440249C847C1454101FA
:1066880099BD41468145268597A0FF1FE780606434
:10669800E31225FD4DBF41468145228597A0FF1F86
:1066A800E7802063E30395FCB24022449244024908
:1066B80041018280411122C426C22E84AA84130675
:1066C8000002814517E5FF1F130545C806C697A0B8
:1066D800FF1FE780E05597E7FF1FA38A97C697E754
:1066E800FF1F238787DCEFC06051854719C18147A9
:1066F8004945B240224417E7FF1F2309F7C49244D3
:1067080041018280814781CD19C98547631BF50006
:1067180083C7550093E707FCA382F50085473E85AC
:10672800828089476317F50083C7550093F7F703FD
:10673800E5B70D478547E314E5FE03C75500137712
:10674800F70313670704A382E500D1BF81478DC112
:1067580005C103C755009306000C85471377070C3E
:106768006308D700930600048D476303D700894761
:106778003E858280411122C4005D06C626C21DC81E
:10678800AA84085009C597B0FF1FE7800032485017
:1067980009C597B0FF1FE7804031085409C597B075
:1067A800FF1FE7808030228597B0FF1FE780E02F2A
:1067B80023AC0402B240224492444101828009ED94
:1067C80097E7FF1F83C7A7B817E5FF1F130585B90C
:1067D80081CB1385418F828017E5FF1F130585B88C
:1067E800828017E5FF1F034585B6828097E7FF1F64
:1067F8009387C7B5C847828097E7FF1F938707B578
:10680800884B828097E7FF1F938747B4DC4B884308
:10681800828097E7FF1F938767B3D84B1C43850790
:106828001CC317E5FF1F034595B29307F00F6305D7
:10683800F50091656FE0DF868280011122CC06CEDB
:106848002E8432C6EF80E02B9147B245631FF500D6
:10685800938701919C438DC303A30700630E030034
:1068680022856244F24005610283938781909C43AC
:1068780081C703A34700DDB7F240624405450561BF
:106888008280011122CC2A840355450006CE26CAEF
:106898004AC84EC6EF80000535C52A8983440500DD
:1068A8008349C500C13D4A85EF80206503554400F2
:1068B800EF80602083C7C191B1CB6399970483C5EA
:1068C800D1912685EFF05FA119E1238E0190035540
:1068D8004400EF8000239147631FF50003574400ED
:1068E80097E7FF1F83D7E7A66317F700FD5717E75A
:1068F800FF1F2310F7A6F2406244D2444249B2492E
:106908000561828081499304F00F6DB79307F00FFA
:10691800E38FF4FA834664000356440003452400D9
:106928004E87A685EFF03FB45DB779715EC6AA8B36
:106938002E8552CC56CA5AC806D622D426D24AD058
:106948004ECEAE8A328B368AEF70D0797DC1045D27
:106958002A89E5C09C50614599C3130540039C549E
:1069680081C751054205418163050A007105420549
:106978004181DC5081C75D0542054181EFE0EFB9F7
:106988002A8445C96146814597A0FF1FE780402AB0
:1069980097E9FF1F83C989A0639409008349090007
:1069A800930700FD2300F400A947A3007401230105
:1069B800F400230364018C5023125401130584014D
:1069C80091C908C47146930A440397A0FF1FE78042
:1069D800A02256858C5491C948C45146930A450152
:1069E80097A0FF1FE78040215685630C0A0008C85E
:1069F8007146D285930AC50197A0FF1FE780C01F83
:106A08005685CC5099C548C85D4697A0FF1FE780BA
:106A1800A01EA2854E85EFE0AFBB2254B25092541F
:106A2800F249624AD24A424BB24B4A850259456101
:106A380091B3B250225492540259F249624AD24A4E
:106A4800424BB24B4561828001114EC6AA892E8500
:106A58004AC806CE22CC26CA2E89EF70B06821C952
:106A680097E4FF1F83C4849399E083440500194584
:106A7800EFE0AFAA2A8405CD8145194697A0FF1FEC
:106A8800E780001B930700FD2300F400B947A3002B
:106A980034012301F40023122401A2856244F24048
:106AA8004249B2492685D24405616FE06FB2F2408F
:106AB8006244D2444249B2490561828039715ECE4E
:106AC800AA8B2E8526DA4ED652D456D25AD006DE56
:106AD80022DC4AD8AE84328BB68A3A8ABE8942C64C
:106AE800EF70506021CD2A894145EFE00FA32A8439
:106AF80031C54146814597A0FF1FE780601317E520
:106B0800FF1F0345A58919E103450900930700FD07
:106B18002300F400BD472301F400B247A300740129
:106B28002312940023046401A3045401230544019F
:106B3800A30534015CC4A285EFE08FA9F25062542A
:106B4800D2544259B259225A925A025BF24B2161ED
:106B58008280797126D2AA8439454AD04ECE06D68B
:106B680022D42EC6B2893689EFE02F9B21C1B245C7
:106B78009307000D2310F500B1472A842312B500AE
:106B88002301F500CE851905194697A0FF1FE78058
:106B9800A00623062401A2852254B2500259F249C4
:106BA80013F5F40F925445616FE08FA2B25022544E
:106BB80092540259F2494561828017D7FF1F034753
:106BC80017799307F00F630DF706411126C2AA84BF
:106BD800394522C406C64AC0EFE02F942A8439C931
:106BE800930700FD2300F500A3009500230105008D
:106BF80097D5FF1F938505770D05194697A0FF1FA9
:106C0800E78080FF17D9FF1F13094974835789004C
:106C1800A28517D5FF1F034595732315F4008347F5
:106C280019002306F4002244B2409244024941016B
:106C38006FE00F9AB2402244924402494101828097
:106C4800828001115AC02A8B314526CA4EC652C4C9
:106C580056C206CE22CC4AC8AE84B28A368ABA89CF
:106C6800EFE0AF8B35CD2A842685EF70B04711C58C
:106C78000347C500A1476314F70417D9FF1F034949
:106C8800196D930700FD2300F4009D47A3006401DC
:106C98002301F40023129400231354012314440104
:106CA80023153401A2856244F240D244B249224AF3
:106CB800924A024B4A85424905616FE06F9117D9A4
:106CC800FF1F0349F97EE31E0BFA9387019B9C4340
:106CD8009C47C5DBCE865286D6852685829755B7D2
:106CE800F2406244D2444249B249224A924A024B93
:106CF80005618280011122CC2A84214506CE2EC648
:106D0800EFE0AF8121C1B245930700FD2300F500F4
:106D1800C5472301F50083C73500A301F50083D7D4
:106D280045002312F50083C765002303F50083C7D8
:106D38007500AA85A303F50022856244F240056127
:106D48006FE00F89F240624405618280397162CC3C
:106D58002A8C594526DA4AD84ED652D456D25AD019
:106D68005ECE06DE22DCAE8432C636C4BA8B3E8BDB
:106D7800C28A468A8359010403494104EFD0FFF9C6
:106D880025C93246930700FDA2462300F500954722
:106D9800A301C500A30085012301F5002A84194633
:106DA8001105A9C2B68597A0FF1FE780E0E4230676
:106DB8006401230A2401231574012317540123189D
:106DC800440123193401A2856254F2504259B25940
:106DD800225A925A025BF24B624C2685D2542161A8
:106DE8006FD01FFF814597A0FF1FE78060E4C1B700
:106DF800F2506254D2544259B259225A925A025B02
:106E0800F24B624C2161828097D7FF1F83C72754BA
:106E18008DCB4111AA8519461385418F06C697A0C7
:106E2800FF1FE78060DD9385418F17D5FF1F03455E
:106E38000552EFF03F8DB2401385418F41016FB08D
:106E4800705C0145828017D7FF1F0347575093078F
:106E5800F00F6305F708411126C2AA84294522C408
:106E680006C6EFD09FEB2A8429C1930700FD2300B3
:106E7800F500A1472301F500A300950097D7FF1F50
:106E88009387C74C83C727009385418F1105A30FAC
:106E9800F5FE194697A0FF1FE78000D6A28517D5F3
:106EA800FF1F0345D54AEFD0BFF217D7FF1F03478F
:106EB800074A8D47631FF7009387C1909C4391CB86
:106EC80003A38700630703002244B24092444101B0
:106ED8000283B240224492444101828017D7FF1FA7
:106EE8000347E7468D47631AF7009387C1909C4391
:106EF80089C703A38700E31D03FC8280797122D42C
:106F080006D626D24AD04ECE52CC094455CD2A892F
:106F1800035505002E8A5144EF70D01CAA844DC534
:106F280097D7FF1F83C7C758FD1793F7F70F054774
:106F38004944637BF7080347C500A1476314F7007A
:106F480063140A089C5C4544C1E3916593854571C7
:106F58001305C00297B0FF1FE78000A888DCAA8944
:106F68004D443DC11306C002814597A0FF1FE7802D
:106F780020CC835709009386490036852391F90070
:106F880071469305490036C697A0FF1FE780C0C623
:106F980089472380F90003C5C400B2460356090097
:106FA800611597D5FF1F83C5655013351500EF8010
:106FB800303B2A8463060A00D2852685EF80C023E9
:106FC80001C42685EFF00FFB2285B250225492545B
:106FD8000259F249624A4561828097D7FF1F83C7E9
:106FE800274DFD1793F7F70F0547637AF708894789
:106FF80041CA011122CC26CA4AC84EC652C406CE7E
:10700800AA89368AB2842E89EF70D00D2A84D14796
:1070180039C9485509C597B0FF1FE78000A9F14550
:10702800268597A0FF1FE78000C348D4CD4705CD2C
:107038008346C40021478147639FE600630D0A0029
:107048000347A5010356050193062501AA854E8528
:10705800EF804022AA8703474400630F09001367A3
:1070680067002302E400F2406244D2444249B24934
:10707800224A3E850561828013674700DDB7C9470C
:107088003E8582809307200463EBA70097D7FF1FF4
:107098009387C72D06053E950355050082804165F7
:1070A8007D158280011122CC2A842E8526CA06CE1F
:1070B800AE84EF7030031DCDB7470F009387F723D9
:1070C800094563E4870281450A85414697A0FF1F69
:1070D800E78000B6A685231081000A854180230138
:1070E8008100A3010100EF805013F2406244D244B2
:1070F800056182804945D5BF97D7FF1F2389A73AE5
:1071080082806F801020797152CC2A8A328522D4ED
:1071180026D24AD04ECE56CA5AC85EC606D662C4D1
:10712800AE8BB28A368BBA843E89C2894684EF70A8
:10713800607B15C92A8C63140A0213774B008347B6
:10714800450015CF93E727012302FC008DEC631C53
:107158000902639A090205E8ED9B2302FC00832BD0
:107168008C0363910B08B250225492540259F2498D
:10717800624AD24A424BB24B224C45618280F59B0F
:1071880093E70701D1B793E747002302FC0001CC3E
:107198001C484146A2852324FC0213058C0197A0B4
:1071A800FF1FE78060A563930B02D5D80325CC02A7
:1071B80009C597B0FF1FE780408FF145268597A046
:1071C800FF1FE78040A92326AC0251BFE30909F855
:1071D8000325CC0209C597B0FF1FE780008DF14554
:1071E8004A85F1BF9DC483A70B0299EB91659385EE
:1071F8003571714597A0FF1FE780007E23A0AB0281
:1072080003A50B0219C57146A68597A0FF1FE78045
:10721800A09E6388090283A74B0299EB9165938529
:1072280025715D4597A0FF1FE780007B23A2AB0275
:1072380003A54B0219C55D46CE8597A0FF1FE780C1
:10724800A09B1DC483A78B0299EB9165938515714B
:10725800514597A0FF1FE780207823A4AB0203A520
:107268008B0219C55146A28597A0FF1FE780C098D9
:107278002254B2509254F249B24B224CCA865A86D2
:107288000259424BD6855285D24A624A45616FF00F
:10729800CFE9011126CA52C406CE22CC4AC84EC62E
:1072A8002A8AAE84EF70006425C5AA893945EFD0D3
:1072B800DFA62A8431CD17D9FF1F0349290E63148D
:1072C800090003C909009307000D2310F400AD4716
:1072D8002301F4009385690013053400194697A02B
:1072E800FF1FE780609193F7140085808588230647
:1072F800F400A306940023154401A2856244F240D9
:10730800D244B249224A4A85424905616FD05FACEE
:10731800F2406244D2444249B249224A056182801D
:1073280001114EC652C456C206CE22CC26CA4AC83D
:10733800AA8A2E8AB289EF70E05A2DCD2A891305C0
:10734800C002EFD09F9D2A8435C597D4FF1F83C400
:10735800E40499E0834409009307000D2310F40026
:10736800E9472301F4009305690013053400194621
:1073780097A0FF1FE7804088D28523155401130585
:10738800C400414697A0FF1FE7800087CE851305FC
:10739800C401414697A0FF1FE7800086A28562448A
:1073A800F2404249B249224A924A2685D2440561AE
:1073B8006FD01FA2F2406244D2444249B249224AE5
:1073C800924A056182809387C18F884301CD41111C
:1073D80006C697A0FF1FE780406DB24023AE018E1E
:1073E800410182808280011106CE22CC26CA4AC879
:1073F8002EC6EF70204F39CDB24517D9FF1F03496C
:10740800E9F9AA840CD5631409000349050041452C
:10741800EFD0BF902A841DCD9307000D2310F500EF
:10742800A5472301F50083C754009385640011051F
:10743800A30FF5FE19469790FF1FE780E07B9C5449
:10744800A285F2405CC46244D2444A85424905613F
:107458006FD01F98F2406244D2444249056182804D
:107468001D71A2CC86CE2A842EC6EF70A04705CD0A
:107478008346C5001147AA8749456392E6029C5F87
:10748800B24599C383C567012308B10097960000E8
:107498009386866B100889452285EF70B04CF640BC
:1074A8006644256182805145DDBF97D7FF1F83C79A
:1074B8002700FD1793F7F70F0547637AF704894705
:1074C80021CA411122C426C24AC006C6B2842E89E6
:1074D800EF7040412A84D14705C5630809008347F6
:1074E800450093E727002302F5004146A6851305CA
:1074F80084019790FF1FE78020709C481CD4814727
:10750800B2402244924402493E8541018280C947E3
:107518003E858280797122D406D62A842EC6EF70E1
:10752800603C01CDB2452285230EB1006C08EF7096
:107538003049B2502254456182805145DDBF6F7099
:107548000051C1671387E7FF6394E5029387819031
:107558009C4391EB494582804945B240224492447C
:1075680002494101828003A30700E30503FE028369
:10757800411122C426C24AC006C6FD172A892E8494
:10758800B2846395F502938781909C4391CB9C4389
:1075980081CB829711E5238E2191A38E919075BF9F
:1075A800A6854A85EFE05FD34DF9F5B72E85EF70D4
:1075B80060335DD1834705000D45E39027FB2285A5
:1075C8002244B2400249A685924441016FB000614D
:1075D8009307200463E2A7064111C16722C406C6C7
:1075E80026C2FD172A8409456382F502C547AE8481
:1075F8006313F4022E85EFB0606517D5FF1F1305DE
:10760800E5D606042A94231094000145B24022448A
:107618009244410182809307A0036316F4002E85EB
:10762800EFB0405CD9BF9307B003E318F4FC13F53F
:10763800F50FEFB0605BD1B709458280011106CE26
:107648002AC6EFE09FCBEF202023EF10C060EF3079
:107658005167324597D7FF1F938747CF130700F02D
:107668002391E700238207007D5797D7FF1F938751
:10767800E7E32381E7002380A700F24095450561F1
:107688006F503039597193970501CAD086D6A2D464
:10769800A6D2CECED2CCD6CADAC8DEC6E2C4E6C2FC
:1076A800EAC06EDEC1872E8963D1075A17D5FF1F3E
:1076B8000345C5DFEFD0CFEA8964416A856A797BE3
:1076C8002A84938BD4007D1AA50A130CABFF1DE006
:1076D80021653345A900B650265496540659F649F3
:1076E800664AD64A464BB64B264C964C064DF25D3A
:1076F80065618280834704001307200A639DE700C1
:107708000355240097D9FF1F83C979C42286D285DF
:10771800EFF0AF9259A21307100997D9FF1F83C939
:1077280009D96398E7188347140015476390E7025F
:107738002285EFF00F952285EFD06FDB17D5FF1F5D
:107748000345C5D6EFD0CFE12A8451B73947639BAB
:10775800E71803554400631B55050C4483CC05000A
:10776800639D0C00850591C9194617D5FF1F1305A0
:1077780065BF9790FF1FE780204817D7FF1F034773
:10778800E7BC85476317F712638A0C0097D7FF1F7A
:10779800238E07BA6685EFF04FC271BF894717D7A6
:1077A800FF1F2305F7BAEFB0A04571B793872400F0
:1077B800631AF506832C8400638D0C0E83C70C00B6
:1077C8008DE383C72C0003C71C00A207D98F17D7E6
:1077D800FF1F2311F7B883C73C0017D7FF1FA30764
:1077E800F7B617D7FF1F034767B689476313F70C28
:1077F80083C70C0081CB97D7FF1F238907B403C524
:107808000C0051BF8D4797D5FF1F83C535B417D5D9
:10781800FF1F035525B417D7FF1F2309F7B2EF50F1
:107828005022F1BF938754006318F5001C4403C528
:107838000700EFF04FE101B7B3078501C207C18325
:1078480011476372F7049307ABFCAA9713970701D4
:107858004183F14763F1E7029387B4006312F504AB
:10786800938741909C43E38807EC9C43A285E3847B
:1078780007EC82971DA0B70700189387F770B3D756
:10788800E700858BB9CB9387C1909C43E38507EAD2
:107898009C43E38207EA22858297E31E05E811A844
:1078A8009387C4006310F5021C4483C70700E38470
:1078B80007E89307F00FE380F9E8A2854E85EFD03B
:1078C8002FD1ADBD9387E4006319F50093878190AC
:1078D8009C43E38207E6DC4351BF93871404E3012A
:1078E800F5F8C1BF3D476397E70403554400E30F2C
:1078F80075FD93879401E30BF5FC93873401E31A34
:10790800F5FA97D7FF1F83D7C7A4639E47019387CC
:1079180081909C43E38107E2DC43E38E07E0A28584
:1079280013853401B9B7938701919C43E38507E038
:107938009C43E5B71307E003E39DE7F6834724007C
:1079480005476397E70E83476400938DC18FF1E382
:1079580083A70D00D5CB83CC0700A149034574004C
:10796800130D8400EA85EFE07FDE83474401A3031B
:10797800A400835804010358E400035744002A86EE
:10798800034534003EC283572401EA86E6853EC09B
:10799800CE87EFF0AFBB8347340095E7DD478358C8
:1079A80004010358E40083467400835544003EC232
:1079B800835724016A8705463EC06685CE87EF70E7
:1079C800402BA301A40083A70D0081C71145EFF048
:1079D8009F9F03C5C191E30005D683C5D191EFE010
:1079E800BF8FE30A05D48346340093071003638AE4
:1079F800F600035644004E8783C5C1913685EFE0F3
:107A08009FA6238E019005BB97DCFF1F83CC3C9477
:107A1800A9B79387C1909C4397DCFF1F83CC3C9305
:107A280091498DDFDC439DDB8145014582973DB758
:107A380029476391E70C83476400138DC18FC1E721
:107A480083270D00A5CF83CC0700A1490345740007
:107A58009306840093772500D1C713761500930DFC
:107A68004401834704028358C4010358A4010357FF
:107A78004400034534003EC28357E401E6853EC016
:107A8800CE87EFF0AFAC8347340095E7DD478358E6
:107A9800C4010358A40183467400835544003EC2C0
:107AA8008357E4016E8705463EC06685CE87EF7032
:107AB800401CA301A40083270D0001BF97DCFF1F12
:107AC80083CCFC8859B79387C1909C4397DCFF1FF0
:107AD80083CCFC879149BDDBDC43ADDB81450145A7
:107AE8008297ADB7B68536CEEFE05FC6F2462A86F6
:107AF800B68D85BF0947639DE700938741909C43F6
:107B0800E38B07C2DC43E38807C22285829725B14D
:107B18002D476399E700938741909C43E38D07C005
:107B28009C47D5B70D476397E70022868D450355D7
:107B38004400F9BE19476395E706930561021305EA
:107B48001031EF3071202C1013052031EF30D11F88
:107B580003566400835781020355440063E8C70055
:107B6800835684000357610263F7E6009305000219
:107B7800EFB0C00CC9B66374E6002313E40063F4E5
:107B8800D7002314F4000357C4008356A4000356F7
:107B980084008355640001488147EFB0E00961BE65
:107BA8001D47E388E7D031476395E7002286B14552
:107BB800BDBF35476399E700938741909C43E38CA9
:107BC80007B6DC4789B739476396E7002285EF0097
:107BD800D00395B63D476399E700938741909C434E
:107BE800E38B07B49C4B05B741476396E7002285B2
:107BF800EF00900C89B645476396E7000145EF0012
:107C0800701B15BE4947639EE7009387C1909C434C
:107C1800E38107CADC43E38E07C88145054582979F
:107C280049B94D47639DE7009387C1909C43E38220
:107C380007C8DC43E38F07C6A2850945CDB761476E
:107C4800E399E7C62286E145DDB593F7150081CFB4
:107C5800938741909C4389C7DC4399C30145829728
:107C6800134519008DBC93F7250089CF9387C190E0
:107C78009C4391C7DC4381C78145054582971345DD
:107C8800290091BC93F745000145E38607A4938733
:107C980001909C4399CF854717C7FF1F230AF76AAE
:107CA8009387C1909C4391C7DC4381C781450545B3
:107CB800829797C7FF1F93876769C8472C10EF7093
:107CC80030422810EFF04F9497C7FF1F83D7276CD7
:107CD80081CF130600643386C702914517C5FF1F7D
:107CE8000345C57CEFD0CFD313454900EDB2011150
:107CF80022CC2A84554506CE26CAEFF0AFB8AA840E
:107D080013054002EFF00FB82AC613055002EFF032
:107D18006FB7AA86228562443246F240B335900096
:107D2800D24405616FA03079797122D406D68D4787
:107D38002E84631FF50003D7A50083D6850003D6DC
:107D480065000345340083D54500EFE09FEF09A89F
:107D580089671387D7006310E50403C5250019E573
:107D68008547B25022543E85456182809387C18FF2
:107D78009443FDD603C6360083C50600814802C277
:107D880002C00148814701479106EFE03FFC0545E5
:107D9800EFF06FE3F1B71387E700E303E5FC138720
:107DA8003701631AE50003C525005DD901478146FF
:107DB8000146814559BFE507E304F5FAB147631960
:107DC800F50017C5FF1F03459558EFE0BFF249BFFF
:107DD80041677D178147E316E5F803C75500C94792
:107DE800E310F7F883D6E50003D6C50003558400F1
:107DF80083D5A500EFA0306D41C95D45EFF08FA890
:107E08003335A000231CA1008345440003552400FA
:107E18003008EF60B01D83578101B9F36C08130572
:107E28001031EF3061729305E10113052031EF3015
:107E3800A1718357C101035784006374F7002314A9
:107E4800F4008357E1010357A40063F4E700231506
:107E5800F400835784000357A4006374F7002315C4
:107E6800F40003552400EFA0D06A0357E4008356BA
:107E7800C4000356A4008355840003552400014818
:107E88008147EFA07059E9BD8547231CF100ADBFBC
:107E980017C7FF1F0347F7619307F00F6309F70838
:107EA80059C5411122C426C206C6AA840345A500A5
:107EB8004105EFC09FE62A8435C59307000D2310BE
:107EC800F500D9472301F50083D744002312F500B4
:107ED80083C764002303F50083C77400A303F50078
:107EE80083C784002304F50083C79400A304F50026
:107EF80003C6A4002305C5001DC2CC44410548C4DF
:107F08009790FF1FE78040CFA2852244B240924459
:107F180017C5FF1F0345F55941016FC07FEB2326A5
:107F28000500DDB7B240224492444101828082803C
:107F3800C1671387E7FF639DE5009387C18F9C4363
:107F480095C383C707000D47639CA7006FA0104C1B
:107F5800FD1749476396F5009387C18F9C43FDF74A
:107F68003A8582804947EDBF797122D406D626D258
:107F78004AD04ECE52CC56CA5AC803470500854748
:107F88002A84630AF704034685009306950093053F
:107F9800E1000545EFE04FDE814719C18347050041
:107FA8008346040011476380E6041387019218434F
:107FB8008D46034717006308D70295C70DC719ED0B
:107FC8000145B250225492540259F249624AD24AA7
:107FD800424B4561828081470145D9B78546631880
:107FE800D7028D8BF1DF03451400130A2400D285D4
:107FF800EFE0CFF5A300A40013894192832709007D
:10800800AA8A81499304F00F99EB05455DBF89461B
:10801800E318D7FA858BF9B7850993F9F90F83C760
:10802800E19163FDF90203250900139B49005A9564
:1080380083470500E38297FE83471500E39E57FDBB
:108048001946D28509059790FF1FE780E0C369D5D7
:108058008324090003470400DA9485EC834604006E
:108068009147E38FF6F483270900B9DB03C6E19152
:1080780001479305F00FE305E6F4BE84C10703C585
:1080880007FF630EB50A05071377F70FEDB788C426
:10809800F5A09147631AF706C84405C583478400CD
:1080A800034605006304F606034704009147631D71
:1080B800F706C84419C597A0FF1FE780009F23A6AD
:1080C80004000345840091659385E571050597A033
:1080D800FF1FE780609005C5034704009147631EB2
:1080E800F704C8C483478400930594000505A30FCB
:1080F800F5FE034684009790FF1FE780E0AF034535
:1081080084003335A00075BD884441BF93059400B1
:1081180005059790FF1FE78020B78547E316F5F818
:108128005545EFE03FF6BDA8884441DD97A0FF1F05
:10813800E780A09723A4040069B788C465B72380A3
:10814800D40083471400D28513852400A380F4004B
:1081580019469790FF1FE78020AA03458400916580
:108168009385F571050597A0FF1FE780E08605C593
:10817800034704009147E31CF7F0C8C48347840011
:10818800930594000505A30FF5FE03468400979018
:10819800FF1FE78060A683478400E39807E603454E
:1081A80004007D151335150029BD797122D426D216
:1081B8004ECE52CC06D64AD056CA5AC82A849309FB
:1081C800250003451500CE8593840192EFE00FD872
:1081D800A300A4009C400D472A8A83C71700639B0D
:1081E800E7001389419283270900814A63910718A0
:1081F800054535A0FDD7144C034674019305E100ED
:108208000545EFE06FB71DC99840854683470500CF
:1082180003471700631FD7008D8BE1F70145B25064
:10822800225492540259F249624AD24A424B456159
:1082380082808946858BE316D7FAC5B78347040041
:1082480011476385E7002D47E39AE7FC9384419241
:108258009C40E9D7814A01491DA88840139B4A00E0
:10826800834704005A95034705006311F7028347C3
:108278001500639D47011946CE8509059790FF1F94
:10828800E78080A001C503A904005A99850A93973D
:108298000A0103C7E191C183E3E1E7FCE31309F4B1
:1082A800B5BF93944A002695034705008347040009
:1082B800631EF70A83471500639A470B1946CE8554
:1082C80009059790FF1FE780209C4DC1832709006F
:1082D8001147BE94834704006385E7002D47639DDB
:1082E800E70203AAC4008347740103460A0063082F
:1082F800F60252859790FF1FE780207B03457401A3
:1083080091659385E57105059790FF1FE780C06C1F
:1083180015E5E39F04ECADA003AA8400E9B70C4C73
:1083280013051A009790FF1FE78000968547E31210
:10833800F5FC5545EFE01FD569DDCDB58347040051
:1083480011476385E7002D476390E702C8C4834758
:1083580074010505A30FF5FE034674010C4C9790B4
:10836800FF1FE780608975B788C4D5B7850A9397DA
:108378000A0103C7E191C18303250900E3E3E7F29A
:1083880083C6E1910327090081471306F00F11A85E
:10839800BA844107834507FF638AC5008507C2077A
:1083A800C183E3E7D7FEA9B588C499A08347040031
:1083B800CE85138524002380F400834714001946D2
:1083C800A380F4009790FF1FE780008303457401A2
:1083D80091659385F57105059790FF1FE780C05F4C
:1083E800E30805E0034704009147E31FF7FAC8C410
:1083F800834774010505A30FF5FE034674010C4C71
:108408009780FF1FE780407FE5B317C7FF1F03472B
:10841800570A9307F00F6300F70A51CD411126C29E
:10842800AA84514522C406C64AC0EFC01F8F2A84B9
:108438002DCD9307000D2310F500D5472301F50036
:1084480083C7340013898400CA85A301F50083D744
:1084580044002312F50083C764002303F50003C515
:108468007400EFE0AFAEA303A400CA85130584002F
:1084780019469780FF1FE780207883C7E400A2850C
:1084880017C5FF1F0345F5022307F40083D704012E
:108498002318F40083C724012309F4002244B240BE
:1084A8009244024941016FC0BF92B24022449244B3
:1084B800024941018280828017C7FF1F034777FF67
:1084C8009307F00F6304F70431C1411122C42A84D1
:1084D800194506C6EFC07F84AA850DC59307000D10
:1084E8002310F500DD472301F5008357440022449B
:1084F800B2402312F50017C5FF1F034595FB410144
:108508006FC01F8DB24022444101828082800111D8
:1085180022CC138441921C4006CE26CA4AC84EC6B5
:1085280052C499CF2E8AAA8401490840631299023D
:10853800630C0A049790FF1FE780205723A201923B
:10854800F2406244D2444249B249224A05618280DB
:1085580093194900B3073501884709C99790FF1F48
:10856800E780A0541C40CE9723A407001C40CE9758
:10857800C84709C99790FF1FE78020531C40BE9940
:1085880023A60900050955B745DD13964400814522
:108598009780FF1FE780C069144081477D5613F715
:1085A800F70FE37F97F81397470036972300C70024
:1085B8008507F5B7011152C4138A019283270A006F
:1085C80006CE22CC26CA4AC84EC656C25AC0C9CF01
:1085D8002A89014419ED93874192944399CA03C6A5
:1085E800E1912A8481479305F00F13F7F70F63672A
:1085F800C708131534002105EFC02FF2AA8401E93A
:108608002145EFC08FF1AA8421C501444D49930744
:1086180000FD2380F4008547A38024012381F40012
:10862800A38184005DC41389840023A224018149A5
:10863800938A4192130BF00F83C7E19163F3F9001A
:1086480031E883270A00A68503C50700EFC04FF865
:10865800814503C5E191653D03250A009790FF1FF9
:10866800E780A04423A00192F2406244D2444249E8
:10867800B249224A924A024B056182801397470009
:108688003697034707006305B70005041374F40F12
:108698008507A1BF83A70A0093954900BE9583C7A4
:1086A8000500638467032300F90083C715001305D9
:1086B80029007D14A300F900194689051374F40FE5
:1086C8009780FF1FE78040532109850993F9F90F27
:1086D800A5B723A20400B5B7938701929C43B1C7FD
:1086E800411122C406C62A841DE10945EFE09F997D
:1086F8002A8601C9854517C5FF1F034525DBEFC03D
:108708003FB20545EFF0AFDE2A84054519C8854517
:1087180017C5FF1F034585D9EFC0DFD22285593D14
:108728000545B24022444101828001458280896723
:108738009386B7006316D5009C4503C5070069BF3B
:108748009386C7006318D5009C45854603C5070076
:1087580019C9F5B793861704E300D5FE9387270454
:108768008146E303F5FE36858280797106D622D4E8
:1087780026D24AD04ECE52CC56CA5AC85EC679C9FD
:1087880083473500AA8985C7404115C05945EFE0A0
:108798007F8F931A850193DA8A410149138A0192DE
:1087A800130B000DB54B83C73900636DF900B25048
:1087B800225492540259F249624AD24A424BB24B6D
:1087C800456182808307840263CD570783270A00A7
:1087D800ADCB2285EFF04FF92DC503458400510537
:1087E800EFC0AFD3AA8431CD2310650123017501F1
:1087F80083470400194693052400A301F500830765
:10880800840215052303F50083471400A30FF5FE22
:108818009780FF1FE780403E034684002386C400FC
:108828001DC61385440188C8930594009780FF1FCF
:10883800E780803C83270A00A68503C50700EFC0B0
:108848002FD90509130494021379F90FA9BF23A896
:108858000400CDB7938701929C43B1DBEFF09FD51D
:108868002254B25092540259F249624AD24A424BB7
:10887800B24B014545616FF08FC7797106D622D496
:1088880026D24AD04ECE52CC56CA5AC85EC671C1FC
:1088980083473500AA8985C7444195C05945EFE00B
:1088A8006FFE931A850193DA8A410149138A01926E
:1088B800130B00FDC14B83C73900636DF900B2503B
:1088C800225492540259F249624AD24A424BB24B5C
:1088D800456182808387F40063C8570783270A00AD
:1088E800A5C75145EFC06FC32A8439CD2300650160
:1088F800A30005002301750183C704001946938569
:108908002400A301F5008387F4001505A306F500EC
:1089180083C71400A30FF5FE9780FF1FE780C02DC3
:1089280083C78400938594001305C400A305F4004D
:1089380019469780FF1FE780202C83270A00A2850D
:1089480003C50700EFC0CFC80509C1041379F90FA3
:108958009DB7938701929C43BDD3EFF0BFC52254C6
:10896800B25092540259F249624AD24A424BB24B2F
:10897800014545616FF0AFB75D7186C6A2C4A6C256
:10898800CAC04EDE52DC56DA5AD85ED662D466D2F7
:108998006AD06ECE630C0526834735002A898DCBB5
:1089A80040411DC45945EFE0EFED93178501E1877C
:1089B8003EC6814493890192130A000DC94B054CA8
:1089C800B54C130D00FDC14D8347390063E1F40236
:1089D800B640264496440649F259625AD25A425B36
:1089E800B25B225C925C025DF24D6161828083071A
:1089F800C400324763C6E71683A7090063820716D7
:108A0800034B040093770B01CDCFCD47631EFB06C4
:108A1800230004002285EFF04FF963030514834710
:108A2800040011476363F7146399870D5145EFC03C
:108A3800CFAEAA8A630605122300A501A30005008C
:108A48002301B50103470400194693052400A30137
:108A5800E5000307C4001505A306E5000347140055
:108A6800A30FE5FE9780FF1FE78000190347040165
:108A7800194693051401A385EA001385CA00978057
:108A8800FF1FE7806017F1A0D5476318FB008547F3
:108A98002300F400A30B0400B5BFF547E309FBFE70
:108AA800C9476316FB0089472300F400A5B7C147EF
:108AB8006314FB008D47CDBFED47E31DFBF49147E1
:108AC800E5B793778B0099C3AD47F9BF93761B0041
:108AD80093774B0091C699C395475DBFA147E9B706
:108AE80093762B0091C699C3A5475DB799476DBF8B
:108AF80099C3A94755BF9D4745BF03457401510513
:108B0800EFC0AFA1AA8A29CD231045012301950101
:108B180003470400194693052400A301E500030751
:108B2800C40015052303E50003471400A30FE5FE61
:108B38009780FF1FE780400C034674012386CA0014
:108B480019C613854A0123A8AA000C4C0DBF23A8F7
:108B58000A0003A70900D68503450700EFC04FA701
:108B68008504710493F4F40F85B503457401130566
:108B78000502EFC08F9AAA8A65D523104501230103
:108B880075018346040013770B061946558FA30118
:108B9800E50003471400930524001505A30FE5FE1F
:108BA8009780FF1FE7804005034784001946930517
:108BB8001401A385EA000347940013853A0123862C
:108BC800EA000347A400A386EA000347B40023870A
:108BD800EA000307C400A387EA000357E4002398C8
:108BE800EA00034704012389EA009780FF1FE78012
:108BF800A00003467401A38CCA0011C613850A029B
:108C080023AEAA0099B723AE0A00A1B793870192B1
:108C18009C43E38F07DAEFF0FF992644B640964469
:108C28000649F259625AD25A425BB25B225C925CA4
:108C3800025DF24D014561616FF06F8B97C7FF1FB1
:108C480083C70787A18B17B5FF1F1305E57B91E342
:108C580001456FD03F87238F0190FD5717C7FF1F2E
:108C6800A309F78423A2019223A0019297B7FF1FBB
:108C780093874778170700001307A7AB98C3170710
:108C880000001307C7AED8C317070000130727BF94
:108C980098C717070000130767CED8C717F7FFFF55
:108CA8001307471F98CB97B7FF1F9387E77517F7E9
:108CB800FFFF1307272898C317F7FFFF13070707B6
:108CC800D8C38280411122C485452A8403C5E19115
:108CD80006C6EFF0DF8397B7FF1F83C7677DA98BB1
:108CE800B5CB17B5FF1F1305E570238F8190EFD023
:108CF8000FFD138441921C4091C74D45B240224458
:108D08004101828003C5E19119E10145C5BF916523
:108D18009385B57112059790FF1FE780E0CB23A2DA
:108D2800A19261DD03C6E191120681459780FF1F7C
:108D3800E78000F0104083C6E1918147FD5513F7A5
:108D4800F70FE374D7FC1397470032972300B70057
:108D58008507F5B70145238F0190EFD04FF675B71A
:108D680093870190884301CD411106C69790FF1F54
:108D7800E780A0D3B24023A0019041018280828085
:108D880001111305700306CEEFE0CFAF2AC6130515
:108D98008003EFE02FAF2AC413059003EFE08FAEF6
:108DA8002246B245F240AA86054505616F90F06FEC
:108DB8005D711305D00386C6A2C4A6C2CAC0EFE07F
:108DC8006FAC2A841305C003EFE0CFABAA84130568
:108DD800E003EFE02FAB2A891305F003EFE08FAA39
:108DE8008A871377F50F9376F90F13F6F40F9375B7
:108DF800F40F0545EF90706CB6402644964406493A
:108E080061618280757122C5138401901C4006C778
:108E180026C34AC1CEDED2DCD6DADAD8DED6E2D430
:108E280005456388070E9305F1051305F041EF002A
:108E380011659305F1051305F041EF005164834670
:108E4800F10517B7FF1F03478750B337E00091C2FA
:108E580089071840BEC60345370093054700EFD081
:108E68007F8A1840AAC40D4583452700AEC2EFE0AB
:108E78006FA1AAC01145EFE0EFA000402ADE6545CA
:108E88000347A400034CB4003ADCEFE0AF9FAA8488
:108E98006945EFE02F9F2A897145EFE0AF9EAA89C7
:108EA8006D45EFE02F9E2A8A7545EFE0AF9DAA8AAF
:108EB8007945EFE02F9D2A8B13050004EFE08F9C86
:108EC800AA8B13051004EFE0EF9BE2042648B6478F
:108ED8006257F256064696451375F50F93FBFB0F3E
:108EE800137BFB0F93FAFA0F137AFA0F93F9F90F22
:108EF8001379F90FE1842AD05ECE5ACC56CA52C8EB
:108F08004EC64AC426C262C0930844000545EF9085
:108F1800B054BA402A449A440A49F659665AD65A6D
:108F2800465BB65B265C49618280011122CC06CE85
:108F38008D472E846316F50603C73500E94703D528
:108F480045006318F70097B7FF1F83D787406385ED
:108F5800A706EF50301909C5835764002317F50099
:108F68000357A400835684000356640083554400C5
:108F780003453400EFD0FFCC0357440097B7FF1FD9
:108F880083D7273D6308F7008547F24062443E8552
:108F980005618280FD5717B7FF1F231CF73AEDB70D
:108FA8008967CD07631DF50083C7250031476385B1
:108FB800E7004547E39AE7FCEFD04FD7F1B7B14751
:108FC8006319F50017B5FF1F0345954EEFD09FD2E3
:108FD80065BF41677D178147E319E5FA83C65500E8
:108FE8004947E394E6FA83C5450003552400300059
:108FF80023140100EF50607A41BF411122C406C614
:1090080026C283C781921307E00F2E846383E70487
:109018001307F00F6387E7021145EFB01FD015C1A2
:10902800930700FD2300F50089472301F5008547D4
:10903800A3008500A301F500AA8503C58192EFB0BE
:109048003FD9F9572384F192B24022449244410116
:109058008280AA841145EFB05FCC7DD5930700FDCF
:109068002300F5008947A30085002301F500A3012B
:1090780095002244B2409244AA8503C591924101C9
:109088006FB01FD579714AD01389019083270900E1
:1090980022D406D626D24ECE52CC4544C5EF97B739
:1090A800FF1F83C7E740958B4944CDC7AE899165BB
:1090B800A384A192AA849385757131459790FF1F67
:1090C800E780809123A0A1904D4449C523009500D5
:1090D800A30005002946CE8509059780FF1FE78074
:1090E800A0B183270900914603C7270063EEE6086D
:1090F8003DEB4D472381E70003C7270013670701AE
:109108002381E700930571001305F041EF00313723
:1091180083477100F9EB17B7FF1F034747238D47B4
:109128006315F70CEFD08FEC2C00EF60607B280004
:10913800EFD09FCD4545EFD0FFF4014401CD130694
:1091480000643306C502914517B5FF1F0345053670
:10915800EFC00F8D2285B250225492540259F24921
:10916800624A4561828085466314D700754759B7BE
:1091780089466314D7004947B5BF8D466314D700A5
:1091880041478DBF5547BDB795464A8A630ED700FC
:1091980099466316D70009472381E70031A01D4689
:1091A8006314C702238107006545EFD0BFED93071D
:1091B800F007E309F5F403270A008347270093E73C
:1091C80007042301F7003DBF21466314C700054784
:1091D800E1B725466315C7002381D700F1B7A94633
:1091E8000544E319D7F6114745BFEFF0BFC12A84FC
:1091F80035D1EFF0FFB6B9BF011126CA93840190AB
:109208009C4022CC06CE4944A9C783C707000D4419
:109218006391A704894517B5FF1F03452529EFC0AA
:109228006FA2914517B5FF1F034545282396019264
:10923800EFC04FA19C4001478146A38087001306D9
:10924800F100854785450145A307F100EF90B0255A
:109258002A842285F2406244D24405618280011149
:1092680006CE22CC26CA8547631AF50683D7C19253
:10927800B1CB17B7FF1F0347A70D29E71307B003A3
:10928800636DF702894517B5FF1F03452522EFC017
:109298006F9B9307006403D6C1923306F602894593
:1092A80017B5FF1F03458520EFB09FF7239601925E
:1092B800F2406244D24405618280938747FC23963A
:1092C800F192FDB7938701909C43FDD36244F2402D
:1092D800D24403C5070005616FF01FF29384019023
:1092E8009C40F9D797B7FF1F83C7871C918BE9D399
:1092F80089476313F5062D452EC6EFB01FA22A84B1
:1093080045D9B245930700FD2300F500E547A300C2
:1093180005002301F50083C7350015051946230FFD
:10932800F5FE83C745009505A30FF5FE9780FF1F3F
:10933800E780808C17B5FF1F034595179307F00F3B
:109348006315F5009C4003C50700A2856244F240FE
:10935800D24405616FB0DFA7894517B5FF1F0345E4
:10936800E514EFC02F8E6244F240D2442396019256
:1093780005616FF0FF9E97B7FF1F83C76713958B33
:1093880091CB938781939C4381CB85472387F19227
:109398006FF01F9F49458280414582802387019253
:1093A800854501456F90F01097B7FF1F83C7471099
:1093B800958B91C785472385F1926FF07F9F49452B
:1093C800828023850192814505456F90500F930750
:1093D800C01C63FCA700094582800945F24062442D
:1093E800D2444249B249056182805DC5011122CC4F
:1093F8002A8421054EC64205AE899165938565711B
:1094080041814AC806CE26CA9780FF1FE780C05C04
:109418002A8961D593844193884009C59780FF1FA5
:10942800E780A068130589002320A90022868145CA
:1094380023AA21939770FF1FE780807F9C40228694
:10944800CE8588439770FF1FE780007B9C4023925E
:109458008700938701909C4385CF97B7FF1F83C7E9
:109468002705958B85CB938741939C4399CF984348
:1094780083D647006244F240D2444249B249054685
:109488008D45054505616F90900101478146DDB71F
:109498000145A9B7494599B7938701909C438DC762
:1094A80097B7FF1F83C7C700958B8DC393874193D9
:1094B8009C4381CB984383D6470005468D45054597
:1094C800D9B701478146D5BF014582804945828089
:1094D8009307C01C63FCA700094582800945F24038
:1094E8006244D2444249B249056182805DC5011196
:1094F80022CC2A8421054EC64205AE899165938502
:10950800557141814AC806CE26CA9780FF1FE78059
:10951800A04C2A8961D59384C193884009C5978056
:10952800FF1FE7808058130589002320A9002286A1
:10953800814523AE21939770FF1FE780606F9C40A1
:109548002286CE8588439770FF1FE780E06A9C409B
:1095580023928700938701909C4385CF97B7FF1F7D
:1095680083C707F5958B85CB9387C1939C4399CF88
:10957800984383D647006244F240D2444249B249F4
:1095880005468D45054505616F90A07101478146E7
:10959800DDB70145A9B7494599B7938701909C4321
:1095A8008DC797B7FF1F83C7A7F0958B8DC3938788
:1095B800C1939C4381CB984383D6470005468D458C
:1095C8000545D9B701478146D5BF01458280494540
:1095D80082809307C01C63F4A700094582807971D3
:1095E80022D44ECE06D626D24AD0AE892A8431CD90
:1095F8002105916542059385757141819780FF1F0B
:10960800E780803D2A89094563010908938481938D
:10961800884009C59780FF1FE78020491305890006
:109628002320A9002286814523AC21939770FF1F30
:10963800E78000609C402286CE8588439770FF1F94
:10964800E780805B9C4023928700938701909C432E
:10965800014585CF97B7FF1F83C787E5958B494598
:109668008DC76C001305D030EF10116EB24701455D
:1096780093F7070F99CB938781939C438D450545B5
:10968800944303D64700EF908062B250225492541C
:109698000259F24945618280938741939C4391CF57
:1096A80003D647008C43411106C69770FF1FE78019
:1096B800A054B240014541018280094582809387C8
:1096C80041939C4385C79387C1939843894705C3B2
:1096D800035647000C43411106C69770FF1FE780E9
:1096E800A051B24081473E854101828089473E852D
:1096F8008280938741939C4385C79387819398433E
:10970800894705C3035647000C43411106C69770A5
:10971800FF1FE780604EB24081473E85410182804D
:1097280089473E858280011106CE22CC26CA4AC8C6
:109738008D4763FAA7008944F2406244268542496E
:10974800D2440561828017B7FF1F034727C0C14471
:10975800E314F7FE9307F5FF93F7F70F8546AE84FA
:109768002A8417B9FF1F034989BE63ECF6069DE1F9
:1097780099452800EFC03FD6914517B5FF1F03450F
:10978800E5D297B7FF1F238487BCEFB0BFCB3DE876
:1097980081445DB71946814528009770FF1FE7800F
:1097A800204919462C0026859770FF1FE780C04D79
:1097B80059F119469305F00F28009770FF1FE780AD
:1097C800204719462C0026859770FF1FE780C04B5D
:1097D8003DF11946A68528009770FF1FE780C04114
:1097E80061BFE31BE5F897B7FF1F938727B6C84704
:1097F8002C00EF60E00EAA8441D197B7FF1F2388A1
:1098080027B51DBF2800EFD02FE0AA847DF593056A
:1098180071001305F041EF00814683447100ADF8F3
:109828008D47E317F4F64545EFD0DF8535D1B77797
:109838001800938707A03306F502914517B5FF1F57
:109848000345C5C6EFB0BFBAC5BD97B7FF1F83C7ED
:1098580027C6918B99CF41111385019306C6EFC096
:109868003FC7B240FD5717B7FF1F2314F7AE41019A
:10987800828001456FC0DFC5FD57A384F192F95777
:109888002384F192238701922385019223960192E2
:1098980023AA019223AE019223AC019297B7FF1F2E
:1098A8009387079B170700001307472198C31707DB
:1098B80000001307079BD8C317F7FFFF1307C75408
:1098C80098C717F7FFFF1307E74BD8C717F7FFFF2E
:1098D8001307474E98CB97F7FFFF9387476523A851
:1098E800F1928280411126C2938401909C4006C661
:1098F80022C485CF2A840D45EFB02FC2AA8519CD81
:10990800930700FD2300F5008D47A3008500230180
:10991800F5009C4003C50700EFB08FCB19C4224463
:10992800B240924441016FF0AFC3B2402244924426
:109938004101828079714ECE9389019083A70900F5
:1099480026D206D622D44AD052CC8144A1C783C499
:10995800170085472A896388F40497B7FF1F83C7D0
:10996800279F854485EB0D45EFB02FBBAA8505C120
:10997800930700FD2300F5009147A300250123016B
:10998800F50083A7090003C50700EFB06FC4EFF027
:109998002FBD8544B2502254268502599254F2496B
:1099A800624A45618280938741939C434E8A85E34E
:1099B8000145EFD02FED2A8601CA894517B5FF1F4B
:1099C8000345C5AEEFB0DF8583270A00B1A09443F5
:1099D80003D647009305E1000545EFC0FFB969D9F3
:1099E80083470500858BE9D70545EFD0AFE9930795
:1099F800B0032A8463F3A7045D66130606708945DD
:109A080017B5FF1F034585AA130444FCEFB03F9E1A
:109A18002396819283A709000947A380E70097B797
:109A2800FF1F83C7E79291C797B7FF1F238207924B
:109A380095B74A85EFF01FEBB1BF130600643306F4
:109A4800C5029DBF411122C42A840D4506C6EFB048
:109A5800CFAC15C1930700FD2300F500CD47A30047
:109A680085002301F5002244B240AA8503C59192DE
:109A780041016FB0EFB5B2402244410182804111EB
:109A880022C42A840D4506C6EFB02FA915C1930735
:109A980000FD2300F500ED47A30085002301F50034
:109AA8002244B240AA8503C5919241016FB04FB2DA
:109AB800B240224441018280035745000111896662
:109AC80006CE22CC26CA13866600AA876317C7006B
:109AD8009C47014583C5070009A813868600631AB9
:109AE800C7009C47054583C50700EFF00FD1054522
:109AF8003DA8138696006313C70213870190184385
:109B0800014515C79C4703C50700631B050C85471E
:109B1800A300F7000545EF90200FD1BF1386A600DC
:109B2800631CC7009C4703C50700EFF0BFE0F24085
:109B38006244D2440561828013866603E30AC7F84B
:109B480013867603E30FC7F813868603631DC708D9
:109B58001C451307E00F83C4070083C78192638EF7
:109B6800E7021307F00F6386E7021145EFB0EF9A9B
:109B7800AA8505C1930700FD2300F5008947A300C6
:109B880095002301F500A301050003C58192EFB0FC
:109B98002FA4F9572384F19299BF93870190984392
:109BA8003E84014549D785EC85447D4523059100D0
:109BB800EFD04FCD2316A10013050002EFD08FCCB4
:109BC8001C40A305A1001307B100A38097007400EF
:109BD8001306A10085450545EF90E00C09BF2685D1
:109BE800EFF05FD029B713869603E30DC7F213860B
:109BF800E6036317C7001C45094583C50700F5B58B
:109C08009386F603631DD7021C4503C507003DE98B
:109C18006C001305D030EF103113B247414793F76A
:109C2800070FE386E7EC9305B10013056031EF10E9
:109C3800B1110345B1008545EF90A0074DBD896678
:109C4800138606046313C7041C4503C4070083C7AF
:109C5800E192228585EB0D45EFB02F8CAA85E308AC
:109C680005E8930700FD2300F500D1472301F5001F
:109C7800A3008500938701909C4303C50700EFB0BC
:109C88002F95B5B5EFF01FDC9DB513861605631B40
:109C9800C7001C4503C5070021E585450545EF902C
:109CA8000002B1B5938626050145E312D7E89C4723
:109CB80003C4070083C7A19222859DE30D45EFB039
:109CC800CF85AA85E30505E2930700FD2300F5008B
:109CD800F147A30085002301F50003C5919245B71C
:109CE800EFF0FFD929B5411197A7FF1F83C7477C1C
:109CF80006C6958B99CB17A5FF1F13056555EFC0B1
:109D0800CFFC4D45B240410182800145EFC0EFFBD9
:109D18000145CDBF03C70500937625009377D70F7C
:109D280099C293672700131885011358884113F7C0
:109D3800F7076354080013E70708937685009377BD
:109D4800770F99C2936787001377050293F6F70D8B
:109D580019C393E607022380D5006345080093776B
:109D6800A50281CB8347060093E7C7002300F600CE
:109D780082807DFD83470600CD9BCDBF2D456319AD
:109D8800071403C5050009476310E51401114EC601
:109D9800BE89DC4122CC26CA4AC806CE03C71700B2
:109DA80083C70700B68422075D8F42078D66418707
:109DB800938736A032842E896301F70E63C0E702C9
:109DC800938716A06309F70A63C1E70E938606A076
:109DD800630CD7062390040005454DA8938766AA0F
:109DE8006305F70C938786B8630BF70C938646A038
:109DF800E312D7FEDC45DDC721472390E40003D7F3
:109E080007002300E60003D707002183A300E6002C
:109E180003D727002301E60003D727002183A301E6
:109E2800E60003D747002302E60003D74700218353
:109E3800A302E60003D767002303E60083D7670081
:109E4800A183A303F60091A0C8459770FF1FE78080
:109E580040DF420541814E86637335012A8623908F
:109E6800C400420641828325C90022859770FF1FDE
:109E7800E78080D819A8DC4583D707002390A40081
:109E88002300F600A183A300F6000145F2406244D6
:109E9800D2444249B2490561828099472390F4002F
:109EA8001946D1B723900400CDB785472390F40015
:109EB8008327C90083C707002300F400F9B7E147E7
:109EC8002390F400614645B723900600054582803B
:109ED800828083C805008947639BF814DC41797147
:109EE80022D406D626D24AD04ECE52CC03C817006A
:109EF80083C707002E8422083368F80042088D675C
:109F080013580841138327A0630468102A8A3A89E2
:109F1800B684B285634C0301138707A0630AE8027D
:109F2800938717A0630BF808854711A8138737A0F4
:109F3800630CE80A138767AA8D47E317E8FEB25057
:109F4800225492540259F249624A3E854561828000
:109F5800484432C69770FF1FE780A0CE4205418172
:109F68009D47E36E25FDB309990083C72194B24547
:109F780063D43701B547E1B748442686C2094A95F4
:109F88009770FF1FE78040C7484403C6219493D9C0
:109F9800090105063306364181454E959770FF1F26
:109FA800E78000C9938741949C4399E3814741BF67
:109FB8009C438145E5DF528535A0AD47E31109F89B
:109FC800E39A16FB83471600834606005844A20707
:109FD800D58F2310F700938741949C43E1DB9C4382
:109FE8008545E9D78297D9B7AD47E31A09F4994768
:109FF800E392F6F8484419469770FF1FE780C0BF00
:10A00800938741949C43DDD39C43CDD38D4565B75D
:10A01800AD4715F78547E39FF6F403470600930716
:10A028000008E3EEE6F0DC452380E70041B785470A
:10A038003E85828023A20194A38101942381019407
:10A04800B707A0009385C185938707059CC1B7070B
:10A05800E803DCC117C601001306862E9787FF1F89
:10A06800938747660947938E7185D0C317C6010049
:10A078001306062A85462380EE00138E41859388B1
:10A088008185D0C723AED70117C60100130646291C
:10A0980013830194138861851385518597CE010038
:10A0A800938E8E282300EE002380E8002380E700AB
:10A0B8002388E7002380E7022388E70223AEC7034B
:10A0C8002380E7042300E8002384D70023950700B2
:10A0D800D0CB238CD700239D070023A2D70323844A
:10A0E800D7022395070223A60702D0DB238CD702C9
:10A0F800239D0702231003002300D50017CE01007B
:10A10800130E8E2123A2C7052388E70423AE170563
:10A118002380E7062388E7062380E70897C801001D
:10A128009388C82117C701001307471F23A2E70810
:10A138002384D70417070000130787C4239507044F
:10A1480023A66704F0CB238CD704239D070423A2FE
:10A1580017072384D70623950706ECD7F0DB238C53
:10A16800D706239D070623AE07072384D708239520
:10A17800070823A6A7089787FF1F9387A75D98C39B
:10A1880017070000130727D5D8C323A40700828028
:10A19800A54763E8A71017C70100130727970A0503
:10A1A8003A951C41011122CC26CA06CE4AC8BA9754
:10A1B800B2842E8482879307800F63F9B7006145C4
:10A1C800F2406244D2444249056182809787FF1F6A
:10A1D8009387474FC8573E8919C59780FF1FE78067
:10A1E800C08C238101941306140091659385057131
:10A1F800328532C69770FF1FE780007E1787FF1FE2
:10A208002328A74E4DDD324681459770FF1FE78012
:10A2180020A20325C9022286A6859770FF1FE78022
:10A22800A09D23818194014561BF8947E399F5F891
:10A23800835706002390F194FDB7A147E391F5F801
:10A248002146A6851385C1859770FF1FE780C09AB0
:10A25800D9BF8547E395F5F69787FF1F938787460C
:10A26800D04F9785FF1F9385654803C50400EFF01D
:10A278007FAA55BF8547E394F5F49787FF1F938717
:10A288006744D05F9785FF1F93854548F9BF854789
:10A29800E397F5F283470600A38AF18469B7094575
:10A2A80005B70945828083C7319495E38547A38123
:10A2B800F194058909CD9786FF1F9386A6494146E3
:10A2C800A5451785FF1F1305E53F6F20603E014533
:10A2D800828001111388F5FF06CE22CC26CA4AC80F
:10A2E8004EC652C41378F80FAD4563EE050BBA8914
:10A2F8000A0817C701001307E7833A983E8A83279D
:10A3080008003689B284BA9782878545EFC08FBA2C
:10A318002A8419E1EFF03F9D2285F2406244D2443D
:10A328004249B249224A056182808945EFC08FB807
:10A338002A847DF12685EFE0FF98F9BF9145EFC0AB
:10A348006FB72A8471F95286CE854A85EFC0EFAB84
:10A35800EFF07F99EFF06FCFEF50703575BFA145E3
:10A36800EFC04FB52A844DF95286CE854A85EFC095
:10A37800CFA92685EFE01F95EFE05F8CEF501031F5
:10A3880061BFB145EFC00FB32A8459F55286CE8517
:10A398004A85EFC08FA72685EFE0DF92EFE01F8A9E
:10A3A800EF50D02E75B7094485BFBD47638CF506BD
:10A3B80063E9B702A5476387F50663EDB7009947D8
:10A3C800638CF5049D47638FF5049547638CF5040A
:10A3D80001458280B5476387F50463E1B704AD475B
:10A3E800F5B7DD47638EF50263EAB700C947638BAB
:10A3F800F502D9476386F502C547C9BFF5476383A8
:10A40800F50263E4B700ED47D1B793072005638BE6
:10A41800F5009307200D5DBF484582800841828082
:10A4280008458280484182809307F00F630EF50645
:10A43800011126CAAA841305000222CC4AC84EC6B6
:10A4480052C456C206CE3A89B689B28A2E8AEFA07D
:10A45800DF8C2A844D4515C8930700FB2300F400C0
:10A46800A30054012311440123023401130584007D
:10A47800614663050902CA859760FF1FE780C077B8
:10A48800A2852685EFA0DF940145F2406244D244BC
:10A498004249B249224A924A0561828081459760C1
:10A4A800FF1FE780E078E9BF09458280011122CCCF
:10A4B80006CE2A842306B100A306C100EF408042DD
:10A4C8000DC10347C500A1476311F7027800930641
:10A4D800E0070146A28517A5FF1F034585FDEFF09C
:10A4E800BFF4F24062440561828078009306E00779
:10A4F8000146A28517A5FF1F034595FBCDB7930716
:10A5080000643306F6026FA0FFE405C9034705009F
:10A5180085469307270093F7F70F63F0F60241117A
:10A5280022C42A843A8506C6EFA0DFF6FD57230029
:10A53800F400B24022444101828082800357050022
:10A548009307000B6313F702834745004947639C51
:10A55800E7000347150185476399E7000355250080
:10A5680085456F20D03F6D47C5BF8280011122CC41
:10A5780006CE2A842EC632C436C2EF40A0360DCD90
:10A588008346C500A14712472246B245639EF6009E
:10A59800B28617A5FF1F0345C5F12E86A285624422
:10A5A800F24005616FF05FE8B28617A5FF1F03450B
:10A5B80035F02E86A285E5B7F2406244054505616F
:10A5C800828023A6A1948280011122CC26CA06CEBD
:10A5D8002A84AE84EF400031A6852285EF10616C95
:10A5E8001DE5228523169100EF40C02F0DC10347BA
:10A5F800C500A1476312F70217A5FF1F034565EBC6
:10A6080078009306F0070146A285EFF0FFE1F240DB
:10A618006244D2440561828017A5FF1F034555E9AE
:10A62800C5B7011126CA06CEB68422CCDD4663E240
:10A63800B608D94663FED50AA5466381D50A63EEF6
:10A64800B6049546638CD50899466387D50A0544B0
:10A6580041687D18631606093AC6EF10416833064B
:10A668008540324742064182420441803305C40096
:10A678004205BA85418132C6EF20903EAA8749C17A
:10A6880081C432462390C400B30580406244F2403E
:10A69800D2443E8505616F106145C5466380D50487
:10A6A800C9460D44E395D5FAC167FD17E31EF6FACE
:10A6B80065B7F5466380D50463E4B600ED46D5B7C3
:10A6C800930620056388D5029306200DE391D5F8FB
:10A6D800C167FD170D446319F600BDBF09448DBF5E
:10A6E8009306200DE392D5F8310642064182ADBFAC
:10A6F80015445DBF0D444DBFC167FD171D447DB7AF
:10A70800F2406244D2440561828079714ECEAE89AE
:10A71800C16526D20147AA84894617C601001306D7
:10A72800E6C2FD15054522D406D64AD0EF00906151
:10A73800054431CD2A891307300281461146F54573
:10A748002685EFF01FEE2AC6554431C18357A9006C
:10A75800CE8601462314F10091472315F100854761
:10A768002300F500B2472C002685A3800700324756
:10A77800FD572301F7003247A301F700EF005052BD
:10A788002A8411C532459770FF1FE7800032228561
:10A79800B250225492540259F249456182804111C3
:10A7A80006C6EFF09FC019C5B24041011773FF1FDD
:10A7B8006700A32FB24041018280011106CE2AC64C
:10A7C800EF10E1383245914523A4019423A6019462
:10A7D80097A7FF1FA38CA7CCEF20B023F2400561F9
:10A7E8006F20A00193970501C18763D8071279717B
:10A7F80017A5FF1F034595CB22D44AD006D626D2EB
:10A808002E89EFA0EFD52A8449CD03470500930789
:10A81800000A6315F70885474C08A305F100EF10F7
:10A82800013FAA8405ED8347610171476374F70806
:10A83800138717FE1377F70F9306000263F3E608F2
:10A84800858BC5C7938781949C43994481CB0355D5
:10A8580024001306B1004C088297AA848347B100EC
:10A8680099C7084409C59770FF1FE780002495E041
:10A878005247B7070001938707F07D8FB70712008B
:10A8880093870710630CF70003476101ED476317CF
:10A89800F700035524008545EF20700C2285EFA0B2
:10A8A8000FC5B250225421653345A900925402596C
:10A8B800456182803707301405073357F700058B49
:10A8C80041D31387C194184351DB0347510159F70A
:10A8D8002306F10099472308F100035524006C0072
:10A8E80023170100EF10815195BF9387C1949C43B2
:10A8F8009DC3035524001306B1004C08829739DD27
:10A90800AA8483475101B9FB834761012308910059
:10A918002306F100D9B79944EDB701458280014576
:10A92800828097A6FF1F83C6F6B8814763E5D700E4
:10A9380001473A8582802E87910503D6C5FFE30A31
:10A94800A6FE8507E5B70DCD83472500054789078E
:10A9580093F7F70F6376F702411122C406C62A84DB
:10A9680083550500034535000147F9465D46EFF07C
:10A97800BFABF9572311F400B24022444101828051
:10A98800828017A7FF1F0347F7B28147FD5663E38D
:10A99800E70082802310D5002301050085071105F3
:10A9A800FDB701458280938531879307000285466C
:10A9B8002380F500FD572389F186A382F18623823F
:10A9C800F1862398D1862398019423AC019423A47B
:10A9D800019623AE01941386818697C70100938759
:10A9E80067955CC2238901949787FF1F938747D790
:10A9F80009472300E6002380E7002388E700238037
:10AA0800E7022388E70217C701001307A791D8DBDD
:10AA18000D47238CE7021387419518432384D700F9
:10AA2800D0C7238CD70017C501001305659117C639
:10AA380001001306E68E97C6010093862691C8C3C7
:10AA480023950700D0CB239D0700CCCFD4D32384F4
:10AA580007022395070223A60702239D0702D8DFD2
:10AA68009787FF1F9387C7D3170700001307870C23
:10AA780023A00700D8C323A407008280411106C67B
:10AA8800EFF03FEA11C503452500B240410182803D
:10AA98000145E5BF411122C426C24AC006C6AA84A0
:10AAA8002E893284EFF0FFE711E94165CA857D15EB
:10AAB800EFF03FE7C54711C5231095002301850036
:10AAC8008147B2402244924402493E854101828036
:10AAD80029E78948354763931605011106CE22CC2C
:10AAE80026CA034716000346060093C7F7FF220746
:10AAF800598EF18F32C68DE7C4452A84A685EFF0BA
:10AB0800FFF732460147630FA60022856244F240F0
:10AB1800A685D24405616FF0FFF72D473A858280FC
:10AB280013070008F2406244D2443A8505618280E6
:10AB380083C8050009486395080303A845008347AF
:10AB4800180003480800A207B3E70701C2070D6809
:10AB5800C187130828906395070189476FF05FF74D
:10AB68000545828003C751869307F00F630AF704EF
:10AB780041114AC02A89294522C426C206C6328400
:10AB8800AE84EFA08F991DC59307100B2310F50015
:10AB980023020500231485002244231125012313D1
:10ABA8009500B24092440249AA8503C551864101E5
:10ABB8006FA00FA2B2402244924402494101828010
:10ABC800828041119387419526C2AE848C4322C46A
:10ABD80006C62A84EFF09FEA098909C9228522441A
:10ABE800B240A685924441016FF03FB2B240224480
:10ABF8009244054541018280411122C426C24AC0BF
:10AC080006C6AA84130445001309850B835704005C
:10AC18009DC3084409C59770FF1FE78000E9228596
:10AC2800314681459760FF1FE78080003104231A71
:10AC380004FEE31D24FDB2402244FD572390F40096
:10AC4800024992444101828093870196984317A64E
:10AC5800FF1F0346368681476315F6008146368511
:10AC68008280BA861307870B835587F4E389A5FE8C
:10AC7800850793F7F70FCDB7938781969C4399C7BC
:10AC880003D74700E31CA7FE8847828001458280DE
:10AC9800411106C6EFF05FFE09C50845B240410103
:10ACA80082800145E5BF011126CA9384450022CC64
:10ACB8004EC606CE4AC852C456C25AC026878149D3
:10ACC8000144814681473D450356070055CED9E2E8
:10ACD8000354470083572700B286A297C207C1834F
:10ACE80085093107E392A9FE25C82E8991659385C8
:10ACF800457022859770FF1FE78000CE2A8B29CDEB
:10AD0800814A014A8C4485C503D6440033054B016A
:10AD18009760FF1FE78040EE83D7440088443E9A3F
:10AD2800420A135A0A019770FF1FE78000D8638907
:10AD38000A003146814526859760FF1FE78040EF6E
:10AD4800850AB104E3E03AFD23266901231489004A
:10AD5800054521A0630DD6000145F2406244D24466
:10AD68004249B249224A924A024B056182800356FF
:10AD78002700E313F6FE035647003294B2974204C5
:10AD8800C2074180C183A9BF0545E37835FDA9BF46
:10AD98009387C1959C4399E301458280984703575F
:10ADA800A700E319A7FE138547008280411106C654
:10ADB800EFF01FFE11C503550500B2404101828026
:10ADC8000145E5BF411106C6EFF09FFC11C50345DB
:10ADD8002500B240410182804145E5BF411122C4AE
:10ADE8002A842E8506C6EFF0FFFDAA850546228532
:10ADF800EF30903295476305F500BD476313F500C2
:10AE08002145B240224441018280411122C42A8452
:10AE1800090506C6EFF06FEFFD57A301F400B24035
:10AE2800224441018280938741969C431797FF1FD4
:10AE3800034757682A86050781463E8583D707005A
:10AE48006388C700850693076500E3E8E6FE0145C9
:10AE58008280411122C4416406C626C29307E4FFDA
:10AE6800630EF500AA8485E1EFF0FFFB01E9130505
:10AE7800F4FFEFF05FFB19C123109500B2402244A4
:10AE880092444101828085476394F504EFF0BFF94D
:10AE98002A846DD5FD572310F50083472400130736
:10AEA800F00F6384E7021307E00F638AE7000345A6
:10AEB80034000147F9465146A685EFF0EFD62285C2
:10AEC800EFF0BFF4FD572301F400230204007DB71F
:10AED8008947E395F5FA8545EF30304445F12685F5
:10AEE800EFF07FF42A8455F951BF5D71A6C24EDE9A
:10AEF80086C6A2C4CAC052DC56DA5AD8AE8483C504
:10AF08002500F947AA896396F504EFF0DFF12A8452
:10AF180009ED01442285B640264496440649F25973
:10AF2800625AD25A425B6161828083472500054795
:10AF3800890793F7F70FE37EF7FC034535000147D0
:10AF4800F9460146CE85EFF02FCE2285EFF0FFEBD4
:10AF5800C9B783AA0400B7070001938707F037072A
:10AF68001200B3F7FA0013070710328A0149638AFF
:10AF7800E7022EC6EFF03FEB2A89B2451DC1034612
:10AF8800450005C293178601E187E3C407F84E859B
:10AF9800EFF0CFD18347490093E707F82302F90080
:10AFA8008DBF03C721879307F00F1944E304F7F611
:10AFB800E147E3E1B7F693D71500FD178E0717B7FA
:10AFC8000100130727BABA9703A80700E30408F497
:10AFD80003AB4700E3000BF4C20A93DA0A01638566
:10AFE8000A00C947E398F5F283D64400904483C524
:10AFF800140003C50400380802982A8401FD2C08AF
:10B008004E85029B2A8421C983C71400E39407F064
:10B0180083C72400230AA10039472308F100639954
:10B02800E70262478347170003470700A207D98F43
:10B038000C084E852319F100EF00515CE30B05EC79
:10B0480014080546D9454E85EFF04FD22A84D9B564
:10B0580083578101F1BF83C624009147E38BF6EA49
:10B0680038080146CE8503C52187EFF0EFBB2A8457
:10B07800E31205EA83C524002808EFF00FB319C1CD
:10B0880023000A009840B7070001938707F07D8FD7
:10B09800B707120093870710E30DF7E6E30B09E6FD
:10B0A80083C724002302F900B5B5011106CE2EC6C8
:10B0B800EFF07FD701CD83474500B24513871700CE
:10B0C8006396E50093F707F82302F500F24005615F
:10B0D80082809387C195984319E3014615A81C47B8
:10B0E80003D8A700636B050183584700B38608019E
:10B0F8006355D5008146639416011843F1BF3E8617
:10B10800C10703D3A7FF6317A30099C123900501C3
:10B11800328582808506C206C182F1BF397152D458
:10B128002E8A4ED69305E101AA89528522DC4AD897
:10B1380056D206DE26DA328936C63AC4BE8AEFF01F
:10B148005FF9054435C5AA840355E1013944EFF098
:10B15800BFB239CD03284500630C08042247B24624
:10B16800D6874A86A6854E8502982A8431E19307B8
:10B17800E00F638FFA0203C704008947631AF702D6
:10B18800D8408347170003470700A207D98FC20793
:10B198000D67C18713072790639CE7008347190051
:10B1A80003460900D285A2075D8E4E85EFF09F9B6E
:10B1B8002285F2506254D2544259B259225A925AB4
:10B1C80021618280797122D4035425004ECEAA8948
:10B1D800228556CA06D626D24AD052CC5AC85EC64E
:10B1E80062C4AE8AEFF05FA601E92285EF10A111D3
:10B1F800594429E90144B9A003C789008547AA84AD
:10B208000144631AF702AA8513858900EFF0BFA9E4
:10B2180029CD03D7640083D68400D04483D5440065
:10B2280003D52900E147EFF07FEFD9472A84631857
:10B23800F50223A604002685EFF01F9C49C0D947D4
:10B24800E30AF4FA2285B250225492540259F24980
:10B25800624AD24A424BB24B224C4561828061DD40
:10B2680083D744002390FA00F9B713894400014AB0
:10B27800B94B594C3D4B83550900D5DDE147630671
:10B288007A010357C90011C3D947035729008356C8
:10B2980049000326890003D52900EFF03FE82A84F6
:10B2A8006319850123240900050A3109E3156AFD9C
:10B2B80059B77DD9835709002390FA00F5B703D50C
:10B2C80029002DB701112317C1009307E00F1306BA
:10B2D800E1000147894606CEEFF05FE4F2400561E0
:10B2E8008280797122D42A840355850026D2AE84BF
:10B2F8009305210106D64AD0EFF0BFDD6308050E9D
:10B30800834785002AC693F707028DCF035521018D
:10B31800EFF01F98AA87B24501ED8357840039459D
:10B328002390F400B250225492540259456182800D
:10B33800035524004946829711C5835784002390FA
:10B34800F400CDB7035924004A85EFF0FF8F11EDC3
:10B3580041657D15EFF05F8F19E58357840025451A
:10B368002390F400C1B72310250113074500814736
:10B37800BD46035607002DE63147B387E702130998
:10B3880084003146CA8591073E959760FF1FE78084
:10B39800A0863146CA8548089760FF1FE780C085A8
:10B3A8000356C4000355240041478146DD45EFF0AC
:10B3B8004FA72ACE19E58357840045452390F4000A
:10B3C80095B70C480356C4009760FF1FE780C082FA
:10B3D800035524004C08EF00D16E29D5594599B77B
:10B3E80085073107E397D7F8254581BF0545B1B7EC
:10B3F800797122D42A840355850026D2AE84930518
:10B40800E1014AD006D63289EFF0BFCC51C5834757
:10B41800850093F70702A9E703471401930720055E
:10B4280019E3834744008356A4005044835584009D
:10B43800035524000147EFF07FCEAA8721E983470F
:10B44800140199E703552400EF00D162D94711E1AF
:10B458008147B2502254925402593E8545618280F8
:10B468002AC60355E101EFF0BF82AA8705C9B24594
:10B478000355240049468297AA8759DD035784005B
:10B488002390E4000347140161F7E1B75947E31734
:10B49800E5FE230009006DBF8547CDB7B947F9BF61
:10B4A800397122DC4AD84ED652D406DE26DAAA8969
:10B4B8002E8A32C63689EFF01F97094415C583478F
:10B4C80025001307E00FAA845D44638FE700130784
:10B4D800F00F5944639AE700324605E2D2854E855B
:10B4E800EF0051662A8415CD2285F2506254D25459
:10B4F8004259B259225A2161828003550A009305A4
:10B50800E101231F0100EFF0DFBC0355E101EFF07B
:10B518007F8BAA8505464E85EF3000402A845DDD85
:10B52800E1B79307F00FE301F9FC9386240079460D
:10B53800A68517F5FFFF13054541EFE05FFCA381E2
:10B5480024015DB739719387C19526DA844352D4B3
:10B558005AD05ECE62CC06DE22DC4AD84ED656D20F
:10B5680066CA2A8BAE8B328C368A99E08149B9A09B
:10B57800804483DC44000149835AA4006314990180
:10B588008440E5B78357A400A28963F867010509D9
:10B598004209135909014104D5B7E3EAFBFE630CDC
:10B5A8000A00834504004840D28662863AC6EF0006
:10B5B800015F324769DD19C323105701F250625405
:10B5C8004E85D2544259B259225A925A025BF24BD2
:10B5D800624CD24C2161828003D7050083D62500B6
:10B5E800854763E9E60439C7411183C6450026C289
:10B5F8009384550022C426862E8417B501001305AE
:10B6080025D4894506C6EF008159C14711CD834627
:10B618004400835524000355040001472686EFF0B3
:10B628007FF2814711E1A947B240224492443E8506
:10B63800410182803E8582802E860355060083D58F
:10B648002500854763E2A50205C1834646004111EE
:10B658000147150606C6EFF0FFEE814711E1A9473D
:10B66800B2403E85410182803E8582802E86035508
:10B67800060083D52500854763E2A50205C18346F8
:10B68800460041110147150606C6EFF0BFEB81479A
:10B6980011E1A947B2403E85410182803E85828002
:10B6A80039714ED683D7250083D9050006DE22DC02
:10B6B80026DA4AD852D456D25AD05ECE62CC66CA5E
:10B6C8006AC863E037198547638E0914416BAE8AEF
:10B6D8002A8A2314010002C6014401497D1B894BB3
:10B6E800054CC94C054D83D52A00014781460146C2
:10B6F8004E8523130100EFF0FFE4AA8463000512CE
:10B7080009EC13072002930661005A869545528575
:10B71800EFE03FF12A84630805120357810083C7CD
:10B72800040045C70347A100630CA7074147638589
:10B73800E7022C005285EF00D10109CD34001546EF
:10B74800D9455285EFE09FE211C532459760FF1F4A
:10B75800E780A0358147F9A083D7A40041461305A7
:10B7680024002300F40083D7A400A183A300F400DD
:10B77800CC409750FF1FE780204849048357810039
:10B788008507C207C1832314F10063F9270983D70A
:10B79800A400638567098509C20993D90901A1B77E
:10B7A800E39977F983D7A4000946130524002300F9
:10B7B800F40083D7A400A183A300F400CC409750E1
:10B7C800FF1FE7806043110455BF22C6035961007B
:10B7D80003C7A40013052400638277033359990330
:10B7E800230571012300E40083D7A4004146A18307
:10B7F800A300F400CC401379F90FA5BF23058101FC
:10B808002300E40083D7A400135929001379F90F02
:10B81800A183A300F4000946CC4055B783578100A3
:10B8280089FBA947F2506254D2544259B259225A5C
:10B83800925A025BF24B624CD24C424D3E852161DA
:10B8480082808547C5B7C547F1BF03C7619785475C
:10B8580063F3E706011122CC26CA4AC806CE2A8419
:10B868003289AE84EFF02FDC01C903472500930726
:10B87800E00F5D456308F700631C0900A685228573
:10B88800EF003129F2406244D24442490561828086
:10B8980003D504009305E10023170100EFF07F832F
:10B8A8000355E100EFF00FD2AA8505462285EF3057
:10B8B800A00669D5C1BF5945828013F7050201C7A3
:10B8C800B2856FF0AFD1411126C24AC006C622C464
:10B8D80013F98500AA846317090013978501618706
:10B8E800635D070232853684EFF0CFCDAA85054621
:10B8F8006313090001462685EF30000201E901457E
:10B90800B240224492440249410182808347940014
:10B91800E5DB83478400E5F7E5B793F72500E5F312
:10B928000D45F9BF7971AE8622D42A8403D5060065
:10B938009305E10106D636C6EFF0AFF909CD834588
:10B948008500B2460356E1012285EFF01FF7B25099
:10B958002254456182800545DDBF13F7050201C702
:10B96800B2856FF0AFC7411122C426C206C693F450
:10B9780085002A8491E41397850161876350070243
:10B988003285EFF02FC4AA85054691E0014622854D
:10B998002244B240924441016F20107893F7250069
:10B9A800014591E30D45B240224492444101828011
:10B9B8007971AE8622D42A8403D506009305E10165
:10B9C80036C606D6EFF0EFF0B24601CD83458500C6
:10B9D8000356E1012285EFF05FF8B2502254456129
:10B9E80082800545DDBF797126D2AA840355A5005A
:10B9F800C16722D44AD04ECE06D623170100FD17C0
:10BA08003284B6890149630DF500050583C6040033
:10BA1800D04042051307E1004181EFF0BFB22A8907
:10BA280083C60400D040894517B501001305459128
:10BA3800EF00E1161DC503D4A4002285EFF00FB76F
:10BA480009C57D142A944204418063840900239027
:10BA58008900B25022544A8592540259F2494561EC
:10BA6800828083C60400D040894517B501001305BC
:10BA7800A58DEF00C11261F183C60400D04089454D
:10BA880017B501001305C589EF00611119C9E3064F
:10BA980009FA8357E100E39287FA0354A9007D1459
:10BAA8005DB703D4A40055B7397122DC26DA4AD829
:10BAB8004ED652D456D25AD062CC06DE5ECEBE895D
:10BAC80083C785002A8AAE84C18B328C36843A8932
:10BAD800C28A468B9DE783CB04008947638BFB04AE
:10BAE8006285EFF06F991DC1832805006380080205
:10BAF8005A88D6874E87CA862286A6855285829816
:10BB080039A03285EFF0CF98AA8711ED3945F25068
:10BB18006254D2544259B259225A925A025BF24B99
:10BB2800624C216182802946A6855285829745D537
:10BB3800F9BFD8408347170003470700A207D98FEA
:10BB4800C2070D67C187930607906384D72263CE27
:10BB5800F60693062780638ED70C63C1F602130797
:10BB68000780E3CFE7F62D45E39309FADC4403C6E3
:10BB78000700CC432310C900228569A21307378028
:10BB8800E390E7F62D45E39409F885472310F9007B
:10BB9800DC44814583C707002300F40003D5A400D3
:10BBA800050542054181EFF0CFD28357090063179D
:10BBB800051291072310F900114681451305140059
:10BBC8009750FF1FE780C00629A29306279063833A
:10BBD800D71863CED71293063790638CD7181307FC
:10BBE8004790E39FE7EE2D45E39309F2DC441D47B8
:10BBF8002310E90003C707002300E40003C7170068
:10BC0800A300E40003D727002301E40003D727009B
:10BC18002183A301E40003C747002302E40003D7FC
:10BC28006700A302E40083D76700A1832303F4001D
:10BC38004DA02D45E39D09ECDC446C0083C9170039
:10BC480003C70700A209B3E9E90011472310E90077
:10BC580083C707004E852300F400DC4483C7170020
:10BC6800A300F400EFF0EFC6AA8435C50356C1005F
:10BC7800C1659306E100FD158329C500EFF0BFD625
:10BC880019ED83C60400D040894517A501001305A6
:10BC9800A56BEFF0D07001E5FD572317F10003C73E
:10BCA800090089476310F70283A54900094613056F
:10BCB80044009750FF1FE78020F483570900890745
:10BCC8002310F9008357E1002301F400A183A301A5
:10BCD800F40001452DBD23173101EDB703470500D9
:10BCE8008907BA972310F9008357A500A300F40029
:10BCF8008357A500A1832301F400034605004C41A6
:10BD0800130534009750FF1FE78000EFD9B7C844E8
:10BD18009750FF1FE780E0F293170501C1832A8738
:10BD28001D45E3E637DF6399F90023100900CC4489
:10BD380003560900CE9589B54207B3863A01418377
:10BD480063C7E600B38737412310F900CDB7231046
:10BD58005901F1BF2D45E39C09DACC445285EFE047
:10BD6800FFD1231079012300A4002181A300A4009E
:10BD78008DB72D45E39D09D8DC442310790183C78D
:10BD880007002300F400DC4483C71700A300F40075
:10BD980089B75D71CAC02A89035525004EDE52DC79
:10BDA80056DA5AD85ED662D466D26AD06ECE86C6C5
:10BDB800A2C4A6C22E8BEFF09072130CF5FF931D50
:10BDC8000C01C16BAA8A8149178AFF1F130A8A4985
:10BDD80093DD0D01938C8195138D0195FD1B835780
:10BDE800C90063F8F9009787FF1F83D7A74763CE79
:10BDF8008701035529009785FF1F9385A546EF0006
:10BE0800E13BAA841DCDD9442DA883278900139727
:10BE180019009305E100BA9703C4170083C7070008
:10BE280022045D8C2285EFF0CFAAAA851DE9231094
:10BE38008B0003254A00854409C59760FF1FE780EA
:10BE4800C0C6B6402644268506499644F259625A29
:10BE5800D25A425BB25B225C925C025DF24D616138
:10BE680082808348490083A60C000356E1000355ED
:10BE780029006E8881476A87EFF01FC3AA8411C51D
:10BE880023108B0003254A0045BF83274A0095E30A
:10BE980003552900514781465E86BD45EFE06FF89E
:10BEA8009787FF1F23A2A73C09E523108B00C544F1
:10BEB80049BF9787FF1F83D7E73A03D701953E9776
:10BEC8006347570113C7F7FF56972398E194032553
:10BED8004A0083A50C0003D601953E959750FF1F95
:10BEE800E78080D183570A0003570D008509C209EE
:10BEF800BA971787FF1F2317F73693D90901C5B5D6
:10BF0800397122DC2A840355250006DE26DA4AD850
:10BF18004ED652D45AD05ECE62CC66CAAE8B56D2BA
:10BF2800EFF0F05B2A8A8346C4008355A4000355CA
:10BF3800840078001306D400930CBAFF651AEFF05A
:10BF48006FE0420A416B2A898144135A0A01138C13
:10BF580081959789FF1F9389E9307D1B6302090446
:10BF680063D094058348440083260C000356C1001F
:10BF7800035524005288814713870195CA85EFF03D
:10BF8800BFB215C5814A0356C1008355A4004A852E
:10BF98009306E100EFF03FA52A89639D0A065DFD3F
:10BFA800E5E08357840029452390FB0081A00356D0
:10BFB800040183D70195E317F6FC83250C00484854
:10BFC8009750FF1FE78040CC55DD83A74900A1E3C8
:10BFD80003552400454781465A869D45EFE06FE4A6
:10BFE8001DE18357840045452390FB00F2506254BD
:10BFF800D2544259B259225A925A025BF24B624CBD
:10C00800D24C216182809787FF1F23AFA724835AD0
:10C01800A90095BF83A74900A69723805701938756
:10C0280014001397070183A74900418393DA8A0014
:10C03800BA97238057011387240083A64900938762
:10C048003400420791044183C207C204C183C180FE
:10C05800369711CD8356E1002300D70003A7490086
:10C06800BA970357E10021832380E700C5BDFD5639
:10C078002300D70003A74900BA972380D7000DB73C
:10C088000355240089809785FF1F9385A51D9787F1
:10C09800FF1F2399971CEFF0707829D95945B9B734
:10C0A800411122C406C693F705012A84328585C347
:10C0B800EFE05FD1AA8505462285EF20F005954778
:10C0C8006305F500BD47631DF502214515A893F7E3
:10C0D800450099CBEFE01FCF0546AA85228522446B
:10C0E800B24041016F20500393F7050489C7EFE080
:10C0F8007FCD0146DDB713F515001335150006058C
:10C10800B24022444101828079714AD04ECE52CC4D
:10C1180006D622D426D22A8AAE89014983D7490075
:10C128006364F9000145A1A083A70900131419004D
:10C13800930414003387970003470700A29703C5A9
:10C14800070022079305E100598DEFE09FF805E904
:10C1580083A7090005453E94034704002380E700B0
:10C1680083A70900BE9403C70400A380E700B25068
:10C17800225492540259F249624A456182808345A9
:10C1880085000356E1005285EFF09FF105C183A7B2
:10C1980009003E94034704002380E70083A70900B1
:10C1A800BE9403C70400A380E700D1B7050942097C
:10C1B80013590901A5B7011122CC2A8403D505001A
:10C1C8009305E10006CEEFE0DFF001CD8345850061
:10C1D8000356E1002285EFF0BFECF24062440561AE
:10C1E80082800545DDBF397126DAAA84035525000A
:10C1F80006DE22DC4ED652D456D25AD05ECE62CC5F
:10C2080066CA6AC82E8A4AD8EFF0702DAA8A83C6F1
:10C21800C40083D5A40003D58400138CAAFF78003A
:10C228001386D400EFF00FB2420CC16CAA89014406
:10C23800135C0C01138B0195938B8195FD1CED1AF2
:10C24800178DFF1F130D0D02638B091A0356C100CA
:10C2580083C5890003D52400EFF09FE42A89631B76
:10C26800051883C8440083A60B000356C10003D5F4
:10C2780024006288814713870195CE85EFF0DF821D
:10C288002A896319051639C003D7019511079787BD
:10C29800FF1F83D747FD6395E700A29763C057093F
:10C2A8009787FF1F83D727FC3354F40203D5240054
:10C2B8009785FF1F938505FB9787FF1F239487FAB0
:10C2C800EFF050732A890DC559491DA003D52400E4
:10C2D800494781466686C545EFE0AFB49787FF1F9B
:10C2E80023A4A7F80DE583D7A90045492310FA0030
:10C2F800F25062544A85D2544259B259225A925A3B
:10C30800025BF24B624CD24C424D216182808357D2
:10C318000B0091071787FF1F2317F7F483274D009A
:10C3280003D7A9009306E100A2972380E7009307AB
:10C3380014001397070183274D0041834E85BA9750
:10C3480003D7A90021832380E7000356C10083D5C2
:10C35800A400EFF04FE91307240083264D0093074C
:10C368003400420711044183C2074204AA89C183E9
:10C378004180369739E1FD562300D70003274D0049
:10C3880083A50B00BA972380D70003254D0003D659
:10C39800019522959750FF1FE780008683570B0071
:10C3A8003E9442044180E31D04EE83D784002310A9
:10C3B800FA00E31F09F2294925BF8356E10083A546
:10C3C8000B002300D70003274D00BA970357E1005D
:10C3D80021832380E70003254D0003D6019522958C
:10C3E8009750FF1FE780408183570B003E9442041B
:10C3F800418099BD83D7A9002310FA006DB7014980
:10C408005DB75D71A6C2CAC0AA84035985000355E9
:10C418002500A2C44EDE56DA5AD85ED662D466D259
:10C428006AD086C652DC6ECE2E8BEFF0500B930B83
:10C43800D5FF7115931905010144138DD40093D9C3
:10C448000901138C0195938C8195978AFF1F938A14
:10C458006AE16358741583C6C40083D5A400130722
:10C46800E1006A864A85EFF0EF8DAA8D630B05120D
:10C478000359A500834585000356E10003D5240030
:10C48800EFF01FC26314051283C8440083A60C0092
:10C498000356E10003D524004E8881471387019590
:10C4A800EE85EFF06FE0631305101DCC83D701957F
:10C4B8001787FF1F035727DB8907630EF706978740
:10C4C800FF1F83D747DA3354F40203D52400978536
:10C4D800FF1F938525D99787FF1F239587D8EFF0EE
:10C4E800B03D05C5594515A003D5240041664D4703
:10C4F80081467D16A545EFE0CF929787FF1F23A5BC
:10C50800A7D61DE123102B014545B6402644964485
:10C518000649F259625AD25A425BB25B225C925C7B
:10C52800025DF24D6161828083570C00890717878D
:10C53800FF1F231AF7D283D70195A29763D37707F2
:10C5480083A74A0003D7AD00130A2400A2972380CB
:10C55800E70005049317040103A44A00C183420AB3
:10C568003E9483D7AD0083A50C00135A0A01A1831A
:10C578002300F40003A54A0003D60195529597407D
:10C58800FF1FE780606703540C00C167FD175294D2
:10C5980042044180E30FF9EA0509420913590901E8
:10C5A8004DBD294509FC23102B0185B76DDC01BF62
:10C5B8008357050081E789473E858280411126C25D
:10C5C800444122C406C683C60400D0402A84894553
:10C5D80017A501001305C5D6EFF0605C19C983479C
:10C5E80024002547E51793F7F70F6376F702E1472D
:10C5F80029A883C60400D040894517A50100130562
:10C60800A5D4EFF0C05961FD8947B2402244924455
:10C618003E854101828083D601878547FDD6035731
:10C6280004003697C166E3C2E6FE916593852570DE
:10C6380031459750FF1FE780203AAA84CD4771D52E
:10C64800314681459740FF1FE780805E835704008D
:10C6580083D5018701460147B386E500C206C1823A
:10C668006369F702AE97C207C18319C22398F1869E
:10C6780023A004002146A285138544009740FF1F8C
:10C68800E78080579387C1959C4391EF23AE91949F
:10C6980031A850401315470005072A962315D600E0
:10C6A80005465DBFBA87984375FF84C38147B1BF0C
:10C6B800011106CE22CC26CA4AC809E98944F240AB
:10C6C800624426854249D244056182802AC62A846A
:10C6D800280036892314B1002305C100EFF05FED6F
:10C6E800AA8471FDE30D09FC8357A400E1DB916581
:10C6F8009385557031459750FF1FE780E02D0DC594
:10C708008357A40023200500232425012312F500C4
:10C71800938781969C4389E723A4A1964DB7BA874E
:10C72800984375FF88C361BFCD4451BF83C7219526
:10C7380095E385472389F194058909CD9766FF1FFD
:10C7480093860606414691451765FF1F1305450167
:10C758006FF01FF601458280A382A1868280C1679F
:10C76800FD176315F5002E856FE0AFA1411106C6D0
:10C77800EFE02F9B11C5FD572310F500230105009D
:10C78800B2404101828001114AC806CE22CC26CA95
:10C7980085472A896393F5044A85EFE0EFCA39E9AA
:10C7A800C1649385F4FF1307E100894617A60100C9
:10C7B800130646B70545EFE0FFD82A84FD140DC4DB
:10C7C8004C444A85EFF0BFF90356E10022858146C3
:10C7D800A685EFF04FA12A84DDB789476396F50057
:10C7E8008545EF2080334DD9F2406244D244424916
:10C7F80005618280EFE04FC065B7411106C623A0EE
:10C80800019623A2019623AA01941785FF1F0345C9
:10C8180075CA41CD9307200C3305F50291659385C0
:10C8280015701905420541819750FF1FE780C01A0E
:10C8380023A0A1969307200C1786FF1F034696C7CF
:10C848003306F602814519069740FF1FE780403EF0
:10C85800938701969C431787FF1F0347B7C58145F8
:10C868009386870B7D5563E8E5069306800BB30630
:10C87800D7020146FD550507B69723A2F196BE8655
:10C888002390B600A381B6002381B6002382060058
:10C8980005069906E366E6FEF9562390D700994601
:10C8A8003307D702BA9723AAF19417E5FFFF1305B8
:10C8B8000564EFD01FD117E5FFFF1305457FEFF0A3
:10C8C800A03417E5FFFF13050559EF20401CB240BF
:10C8D8000145410182802394A6F41386C6F42310EF
:10C8E8000600232406003106E31BD6FE8505938641
:10C8F800860B95BF411122C42A8406C6EFD08FF358
:10C90800EFE06F8A23828186938741958843EFE021
:10C918004F87238981862244B240170500001305FA
:10C92800C5E641016F20A01693970501C18763D022
:10C938000736797103C5418622D452CC06D626D251
:10C948004AD04ECE2E8AEF80AFC12A8421C9034730
:10C9580005009307000B6310F7048547A304F10053
:10C96800938781959C4323150100A1E7EF00C07EC2
:10C978009165938535709750FF1FE780E00523ACDC
:10C98800A19405E98347910099C78345440013059D
:10C998008400EFD0DFE02285EF806FB5B2502254DB
:10C9A80021653345AA0092540259F249624A456109
:10C9B8008280614681451785FF1F1305A58A974028
:10C9C800FF1FE780E0260349440089479789FF1F36
:10C9D80093894989631DF906EF0000789787FF1F3F
:10C9E8002392A78803552400CE85EFF0E051035722
:10C9F80024009787FF1F83D7E7868356840011EDAD
:10CA080063E4F6002314F400835584003A85EFD0DC
:10CA1800BFBB2285EFD09FB2B5B763E4F6002314FD
:10CA2800F40083578400D9450D469786FF1F239B42
:10CA3800F6829786FF1F9386E6823A85EFD01FB36A
:10CA48008D4561D91785FF1F1305C581E1A0994759
:10CA5800631CF9029305A1002285EFF06FCAAA842E
:10CA68004DD9D947639BF40E050903552400137962
:10CA7800F90FD9459776FF1F9386C67E4A86EFD071
:10CA8800FFAECA8559D57DBFA1476318F900930544
:10CA9800A1002285EFF0FF96D9B7A947631FF906D1
:10CAA800035584006C00EFE0CFE2AA846307051603
:10CAB8000355240041669306E10055477D16AD45B0
:10CAC800EFD03FB69777FF1F23A0A77AAA8649C160
:10CAD800834844000358E1000356C100035524006D
:10CAE800A68581474E87EFE03FFCAA8463160510B0
:10CAF80003552400CE85EFF00062E30C05F00355E2
:10CB08002400CE862D46D945EFD05FA6E30305F075
:10CB1800AD454E85EFD0BFC8EDBDB1476315F910DF
:10CB2800035584006C00EFE0CFDAAA846307050E92
:10CB38000355240041669306E10059477D16B54523
:10CB4800EFD03FAE9777FF1F23A0A772AA863DE1DB
:10CB580083578400C5442315F10003471400D147C7
:10CB6800E309F7EA83474400035524009775FF1F3C
:10CB78009385456F1777FF1F2306F76E8357A1002C
:10CB88001777FF1F2311F76E9777FF1F238E976C78
:10CB9800EFF0C026E30F05E6035524009776FF1F44
:10CBA8009386466C0546D945EFD05F9CE30305E6BE
:10CBB800854549BD834844000358E1008357A400D4
:10CBC8000356C10003552400A6854E87EFE0DFED2C
:10CBD800AA841DE103552400CE85EFF08059E30AAD
:10CBE80005E203552400D945CE863546EFD01F9877
:10CBF800B545E30005E2B9B5D9476393F40081442C
:10CC080003A549009750FF1FE78020EAE38304E06B
:10CC1800835784002315F10089B78357840085441E
:10CC28002315F1001DBFB9476318F9009305A1004A
:10CC38002285EFF00F9625B5C1476318F9009305D3
:10CC4800A1002285EFF02FDA19BDC947631AF90050
:10CC5800130691009305A1002285EFE06FF901B555
:10CC6800D947631DF9009305A1002285EFE06FE71E
:10CC7800AA84E31805DEA304010061BBE147E31AB7
:10CC8800F9D89305A1002285EFE0CFD3C9BB0145B0
:10CC98008280E9CE011152C42E8A854522CC4EC627
:10CCA80056C206CE26CA4AC8AA8AB6893284EF1066
:10CCB800D066D14715C183C7419783C65197814430
:10CCC80019E0B684BE861387C1961843939744002B
:10CCD800BA9763EDD400D547F2406244D244424942
:10CCE800B249224A924A3E85056182803E89C1073F
:10CCF80003D727FF09C7850493F4F40FD9BF2DC0C4
:10CD08009565938525C0130500029750FF1FE7809E
:10CD1800A0CC2326A90061D1130600028145938483
:10CD280004049740FF1FE780A0F023119900230017
:10CD380009002313590105C81777FF1F1307476D0B
:10CD48008347940010432304F900118C8327C900FA
:10CD580011841180238E870023A029018147ADBF4C
:10CD680023260900E9B723044901FDB785473E8515
:10CD780082809387C196984383C54197814763957D
:10CD8800F50081463685828003562700BA8619C287
:10CD9800E30AA6FE850793F7F70F4107CDB79387F8
:10CDA800C196984303C6419781476315F6008146AB
:10CDB8003685828083552700BA8689C58345470012
:10CDC800E388A5FE850793F7F70F4107F9BF977723
:10CDD800FF1F9387E763984383C5719781476395DE
:10CDE800F50081463685828003560700BA8619C247
:10CDF800E30AA6FE850793F7F70F4107CDB7938798
:10CE0800C1969C4303C8519701476315E8008146C2
:10CE18003685828003D62700BE8619CA03D66700E6
:10CE28006318A600D04709C603562600E302B6FEDB
:10CE380005071377F70FC107C9BF411122C4404541
:10CE480026C206C6AA8415C0484409C59750FF1FC4
:10CE5800E780A0C5484809C59750FF1FE780E0C490
:10CE680022859750FF1FE78040C4268541468145AB
:10CE78009740FF1FE780C0DBB2402244FD57A384E0
:10CE8800F400924441018280011122CC2A84035586
:10CE9800250006CE2EC6EF10701132462285814538
:10CEA800EF00906C22856244F24005616FF0FFF854
:10CEB8000DC503572500411122C406C62A8411CB8B
:10CEC800DD45EF00506E22852244B24041016FF0EB
:10CED800DFF6B2402244410182808280411126C29D
:10CEE80031479304C5FF3387E4029777FF1F938781
:10CEF800275306C622C43E978356A7006397B602F7
:10CF0800484305C53E849307F00F6306F600834740
:10CF18000500639CC7009750FF1FE78000B9B14721
:10CF2800B387F402A29723A20700B2402244924496
:10CF380041018280411122C42E8426C24946AA8416
:10CF48008145228506C69740FF1FE78060CEADC0A9
:10CF580083C7C401139747009777FF1F9387474BF1
:10CF68009C43BA9703D707002310E40003D7270090
:10CF780083D767002311E40013872197035707001D
:10CF88002312E40003D704002313E40003D724008A
:10CF98002314E40003D744002315E40003D76400F6
:10CFA8002316E40003D784002318F4002317E400B1
:10CFB800B24022449244410182809777FF1F9387B1
:10CFC800274503A807009387C196904383C54197D7
:10CFD800014781476394E5003E85828083460600C9
:10CFE80081CE544691CA83C6C6019206C29663157D
:10CFF800D500850793F7F70F05071377F70F410655
:10D00800D1BF130600643386C50293069500AA852E
:10D0180017050000130505EA6F80CFB3411122C43C
:10D0280006C62A8403459500EF80CFC6FD57A304A2
:10D03800F400B240224441018280011122CC4AC846
:10D048004EC652C456C206CE26CA2A89AE890144A3
:10D05800138AC1969D4A83C751976362F404639704
:10D0680009029389C196130AF00F83C74197636633
:10D07800F4061144A1442285050442041306F00F66
:10D08800CA854180EFF09FE5E31794FEF2406244C1
:10D09800D2444249B249224A924A05618280832792
:10D0A8000A0093144400BE9483C704009DC383D729
:10D0B8006400639027036396590103D52400EF1099
:10D0C800E06E26854E868145EF00104A2685EFF0F2
:10D0D800DFD605041374F40FBDBF83A709009314AA
:10D0E8004400BE9483C704009DC383C79400638033
:10D0F800470383D76400639C27012685EFF01FF25E
:10D108002685D145EF00304A2685EFF01FD3050468
:10D118001374F40F99BF41677917630BE502411146
:10D1280022C406C685472A846399F50022852244CD
:10D13800B240814541016FF05FF089476396F50081
:10D148008545EF10901D7DD1B24022444101828077
:10D1580082809D456FF07FEE03D521978280011173
:10D1680006CE2317A1002316B10003C701978547F0
:10D178006318F70070009305E1000545EF5010278C
:10D18800F24005618280A947631CF60483C7150035
:10D1980003C70500A207D98F2310F50083C7350000
:10D1A80003C72500A207D98F2311F50083C75500AF
:10D1B80003C74500A207D98F2312F50083C775005E
:10D1C80003C76500A207D98F2313F50083C795000D
:10D1D80003C78500A207D98F2314F5000145828073
:10D1E8000545828091476314F60283C7150003C77B
:10D1F8000500A207D98F2310F50083C7350003C7A0
:10D208002500A207D98F2311F50001458280054525
:10D2180082809387C5FF93960701C1820D4763609B
:10D22800D70231473387E7029777FF1F9387471F56
:10D23800BA972381A7002390B7000145828009454A
:10D24800828013074020AA876374A70093074020B1
:10D25800F1172399F196238BB196238CB19682808E
:10D268001905956542054111938535C0418106C66A
:10D278009740FF1FE780407611C5B240E95541014C
:10D288006FE0D006B24041018280238A0196238B49
:10D298000196A38B0196A38A019623880196854758
:10D2A80001111777FF1F230BF71606CE2AC622CCCB
:10D2B800A38C01962399019623A60196EF10005896
:10D2C80032451306000381459777FF1F2384A7146F
:10D2D8001775FF1F1305C5149740FF1FE78040957A
:10D2E8001775FF1F0345C51631C19565938545C060
:10D2F80012059740FF1FE780206E1777FF1F23292D
:10D30800A7100DC59777FF1F9387871483C717004A
:10D318001776FF1F0346C6138145A38AF196A38B90
:10D32800C19612069740FF1FE78080909387519718
:10D3380083C707001775FF1F0345C51795653E95F9
:10D348001375F50F238AA196938555C0120597404A
:10D35800FF1FE780606823A6A19651C103C64197C5
:10D36800120681459740FF1FE780808C9387C196FE
:10D37800984383C64197814725077D56639AF604EB
:10D38800EF104070B1473305F5029565938565C088
:10D39800420541819740FF1FE78000649777FF1F90
:10D3A80023ACA7062A8401CDEF10C06D31463306A1
:10D3B800C502814522859740FF1FE7806087624448
:10D3C800F24017050000130545D505616F10206C64
:10D3D80085072300C70093F7F70F410745B7238A4E
:10D3E8000196A38A019669BF41119397050126C248
:10D3F80006C622C4C187AE8463DE07081775FF1FFF
:10D4080003454501EF70DF952A8439C903470500B4
:10D41800930700096313F70403471500CD47631901
:10D42800F706034525009775FF1F83C5D5ED83C70C
:10D43800619793066400014601472E886319E50247
:10D4480019C2238BF19683C7619781CB85451775E0
:10D45800FF1F034525FCEF70BFC42285EF703F898D
:10D468002165258DB240224492444101828003C641
:10D478000600B29713F6F70F9377F80F6374B600A8
:10D488009377F60F05071377F70F890605467DB7DB
:10D498002125E1B793F715000145E9D7EF00506D55
:10D4A80019C983C7619781CB85451775FF1F034548
:10D4B80065F6EF70FFBE13C514006DB785462A8761
:10D4C80063FBC60483C7150003C60500A207D18FF6
:10D4D8002310F500639CD70083C7350083C6250059
:10D4E800A207D58F2311F5000145828089460145A1
:10D4F8006394D70283C7350083C62500A207D58F5A
:10D508002311F70083C7550083C64500A207D58FAE
:10D518002312F70082800545828091476314F60242
:10D5280083C7150003C70500A207D98F2310F5008C
:10D5380083C7350003C72500A207D98F2311F5003B
:10D54800014582800545828091476314F60283C7AE
:10D55800150003C70500A207D98F2310F50083C75C
:10D56800350003C72500A207D98F2311F50001450F
:10D57800828005458280A1476314F60483C715009D
:10D5880003C70500A207D98F2310F50083C735000C
:10D5980003C72500A207D98F2311F50083C75500BB
:10D5A80003C74500A207D98F2312F50083C775006A
:10D5B80003C76500A207D98F2313F50001458280B0
:10D5C800054582808947631CF60083C7150003C799
:10D5D8000500A207D98F2310F50001458280054573
:10D5E80082808357260079714ECE06D622D426D261
:10D5F8004AD01307F007AE896372F70209473AC4A5
:10D608002316F100300093F5F50FEF100019B25012
:10D61800225492540259F2494561828003574600C8
:10D62800D9462A89328463F8E6008357660063F492
:10D63800F6006379F70023140100300093F5F90F21
:10D648004A85E1B70355060002C4EFF04FF8AA84F3
:10D6580059C1EFF09F9683C784006369F5001146AE
:10D66800A246CE854A85EF10A00855B73400268615
:10D678009305F00F4A85EFF0CFE175F1A247035704
:10D688008400DC472390E700035724002391E70038
:10D69800035744002392E700035764002393E700ED
:10D6A80003D744002394E700DC4485CB93F4F90FB7
:10D6B8002286A6854A858297C167FD172A86E311C7
:10D6C800F5FA22459947F9452300F500230295000C
:10D6D800EFF03F932DBF094661B7014651B7A947FF
:10D6E800631CF60483C7150003C70500A207D98F7A
:10D6F8002310F50083C7350003C72500A207D98F7B
:10D708002311F50083C7550003C74500A207D98F29
:10D718002312F50083C7750003C76500A207D98FD8
:10D728002313F50083C7950003C78500A207D98F87
:10D738002314F500014582800545828083C70500D2
:10D748002300F50083C71500A300F50083C7350043
:10D7580003C72500A207D98F2311F5008280232251
:10D76800050003C7450089476304F7000545828023
:10D7780083D665000D47E37BD7FE9C45011106CE95
:10D7880022CC26CA4AC84EC683C4170003C607005F
:10D79800A204D18C138644006311D60403C4370055
:10D7A80083C72700AE8922045D8C9307C4FFC20794
:10D7B800C1832A89636FF70003A5890023119900A3
:10D7C80023108900F155EFE060322322A9000145BA
:10D7D80031A02285EFF0EFD965F10545F2406244AA
:10D7E800D2444249B24905618280397122DC2E84D3
:10D7F800834704004AD806DE26DA4ED619472A8916
:10D80800B285639AE706034624002800EFF0FFD0AC
:10D81800AA8415E903558100EFF0AFD5AA8983459D
:10D82800140015C92E8617170000130727EA3400BD
:10D838009D454A85EF00903F4E85094681452D2339
:10D848004E85EFF08FDFF250625426854259D2544C
:10D85800B2592161828089472310F10083578100E2
:10D868000A862311F1008357A1002312F1004A858B
:10D87800EF00B072C9BF4947639DE7020356240011
:10D888002800EFF05FCFAA845DFD9777FF1F83D74D
:10D89800E7B999E3814445BF034714008346040070
:10D8A8003C000146CA851775FF1F034545B8812608
:10D8B80059BF51476390E702035624002800EFF050
:10D8C8009F8CAA8449F18345140030004A85EFF003
:10D8D8005FD195BF59476391E70603562400280096
:10D8E800EFF05F90AA8425F1835581004A85EFF017
:10D8F8000FD10DC958458356A10083570700B69725
:10D90800C207C1832310F700D1D75C47C1D783C7AB
:10D918006197C9D385451775FF1F0345A5AFEF70FC
:10D928002FF815B789473EC0835781000A8683457B
:10D9380014002312F10025BF834514000A86231022
:10D948000100EF009065B9B75D71A6C256DA86C6C8
:10D95800A2C4CAC04EDE52DCAA8A03C51500AE8432
:10D9680032C6EFF0CFC3B24501ED8144B64026443C
:10D97800268506499644F259625AD25A61618280D4
:10D98800230205002311050083C9040085472A8462
:10D99800639AF90003C624002808EFF03FB2AA846E
:10D9A80005492DA09D476394F904034705008D4759
:10D9B800E31DF7FA03C6240028080549EFF0DFB88D
:10D9C800AA8409E5054681452285792E2285EFF04E
:10D9D800EFE4034584003C080147CE862686D685B9
:10D9E8003924E30509F82285EFF02FC541B7CD4763
:10D9F800639DF900034705009147E318F7F603C64E
:10DA080024002808EFF01FBC59BFD547E39FF9F45D
:10DA1800034A05008947E31AFAF403C624002808D4
:10DA28000549EFF0DFCBAA8455F183570102BDE326
:10DA3800035781011306F0035C44930607FCC206F2
:10DA4800C182636CD6000356A101D94663F7C600AC
:10DA58008356C101D94563EFD500035524002391AE
:10DA6800E7000549EF00905403560102D28522854C
:10DA7800712CA9BF8355E1012391E7002392C700C8
:10DA88002390B7002393D70085472300F400014A69
:10DA98000149D9BF014AC9BF7971AA8522D426D2C2
:10DAA80003542500AA84280806D6EFF05FCBF24578
:10DAB80099E535E985452285EFF06FEAC1A08357DE
:10DAC80081011547639BE7060357A1018D4763FC56
:10DAD800E7046800EFF09FC60357E100DD4763FCE9
:10DAE800E7008345D100B70717008507100822858E
:10DAF8003EC8EF00904A8357E1000357A101910700
:10DB08006305F7002285EFF0CFE48347C100724632
:10DB18006C00858B1106228591CFEFF0FFE201C5DD
:10DB28002285EFF00FE3884451D59740FF1FE78027
:10DB3800C0F749B7EFF07FCBDDB711476389E7003E
:10DB48001387A7FF42074183854663EEE602314704
:10DB5800F117B387E7021777FF1F1307678CBA9788
:10DB680003D7070069D303C527003008A2850D2015
:10DB78005DF9035781019147E31EF7F2B250225431
:10DB88009254456182802C082285892E49FDFDB773
:10DB980001114AC82A89314526CA06CE22CC2EC68A
:10DBA800B284EF708F9731C1B2459307000A2310F2
:10DBB800F5002311B5002A84214611058DC0A685DC
:10DBC8009730FF1FE7804003A2854A85EF704FA07A
:10DBD8000145F2406244D244424905618280814550
:10DBE8009730FF1FE780C004C5B70545DDB77971D9
:10DBF80026D2AA841305000206D622D42ECE32CC11
:10DC080036CA3AC83EC6EF704F9131C96246F245EE
:10DC18004247D246B2472A84130520FA2300A400BB
:10DC2800A300C4002311B4002302E400A302D4001B
:10DC380013058400614691CFBE859730FF1FE780AA
:10DC4800A0FBA2852254B2502685925445616F707C
:10DC58002F9881459730FF1FE78080FDDDB7B250D0
:10DC680022549254456182805845797122D406D64F
:10DC78002A84AE8651C383572700231DF1009307DA
:10DC88002006639FF5049387219703D607008357DF
:10DC980067006373F600B28713F6F70F8355270101
:10DCA800834707018D8F93F7F70F81E5890793F76E
:10DCB800F70FB297FD17B3C7C702231EF1008357AA
:10DCC80024008355640003458400231CF1000147A8
:10DCD8003C080146EFF0BFF1B25022544561828002
:10DCE8000347C7019767FF1F938787729C431207F3
:10DCF800BA9783D76700D1B72EC619468145280839
:10DD08009730FF1FE780C0F2B24655BF797122D421
:10DD180006D626D22A848DC181470147930600067C
:10DD28002E868355640003458400EFF05FECB25003
:10DD38002254925445618280B28428005946973013
:10DD4800FF1FE780E0EE2314910089E88357240041
:10DD580048446C002315F100EFF0CF9D3C000147CB
:10DD680093060006014675BF797106D6814799ED7D
:10DD78008357250058452316C1002314F1003C00A1
:10DD880011C7835727002315F1003C002E868355C1
:10DD9800650003458500014793060006EFF03FE55F
:10DDA800B25045618280411122C406C683470500EE
:10DDB80011472A846395E7022E868355650003453B
:10DDC800850081470147CD46EFF07FE249468355FC
:10DDD80064002244B240154541016FF02F9013F7BB
:10DDE800B70F89466317D7000146EFF03FF2514657
:10DDF800F9BF0D476398E7002244B240014641014C
:10DE08006FF09FF6B24022444101828083D705001B
:10DE18003147F1173387E7029767FF1F93874760FA
:10DE2800BA97D84319EBD8412395A7000145D8C321
:10DE380003D725002394E7008280594582807971B1
:10DE480022D4404526D24AD006D6AA842E8925C097
:10DE5800484419C59740FF1FE78020C523260400C2
:10DE68008357040083D5640003C584002315F1009B
:10DE7800835724000147930640062316F100835771
:10DE880084004A862317F1001C483EC883D7240023
:10DE98002314F1003C00EFF09FD5A30E24012328A2
:10DEA8000400B250225492540259456182802800DD
:10DEB800314681459730FF1FE78080D783D72400FC
:10DEC80083D5640003C584002314F10001473C0096
:10DED800930640064A86EFF09FD1E1B7797152CC9C
:10DEE8002A8A03D5050026D206D622D44AD04ECE99
:10DEF80056CAAE84EFE0FFE719E1854749A04045DF
:10DF0800AA8965DC83576500E39947FF8357840036
:10DF1800638907128346C401976AFF1F938A4A4F91
:10DF280003A70A009206FD173697C2070357670032
:10DF3800C1832314F4006316F70093053006EFF04D
:10DF4800BFD25C48A5EFC8400349150083470500C8
:10DF580022093369F90083D7240013072900631ABB
:10DF6800F702F955EFD09038C8C02391240103C5B2
:10DF780089002686D285EFF0BFC1814721E1B250E2
:10DF8800225492540259F249624AD24A3E85456166
:10DF980082809565938515C04A859740FF1FE78065
:10DFA800A0A348C8C840231C2401F955EFD0103459
:10DFB80083D72400C8C0F9172391F400484859C5ED
:10DFC80003D624008356A401835784013308D6005E
:10DFD80063C007090347C40183A70A0095451207D0
:10DFE800BA9783D7270063CF0705CC40369597307B
:10DFF800FF1FE78060C00357A40183D72400BA97A6
:10E00800C20703578401C183231DF400E397E7EE99
:10E0180003D7290003C5890030002314E1005848BC
:10E02800D2852315F1003AC6EFF09FB611C54848CE
:10E038009740FF1FE78060A7232A0400232C0400D1
:10E048006DBD99454E85EFE03FE445BDA545DDBF73
:10E058009145CDBF03D7250069CF83D62197ED47DA
:10E0680063EAE60C011122CC2E8426CAAA84484011
:10E07800914506CEEFD0902783572400AA86230027
:10E08800F50083572400A183A300F50083570400FB
:10E098002301F50083570400A183A301F50003566B
:10E0A8002400C167F9171106420641826396F404F9
:10E0B8002AC4314532C6EF605FC6AA85CD471DC563
:10E0C800930700F93246A2462300F500F9572311B9
:10E0D800F50089472302F5002313C50014C5176509
:10E0E800FF1F03452533EF60BFCE8147F2406244EE
:10E0F800D2443E850561828081452685EF40703C8B
:10E10800AA8701E903C7619775D37D17238BE19629
:10E11800F1BF09476302E5021D476301E50249476C
:10E128006300E5027D47E313E5FC03C76197814778
:10E13800E1BFED473E858280D1474DBF91477DB70E
:10E1480089476DB7011122CC4AC831441309C5FF6C
:10E15800330489029767FF1F9387872C06CE26CA48
:10E168003E94584031C783C66197BE84854795CA97
:10E178002314A100835784000355A4002C003AC639
:10E188002315F100EFF01FED11C548409740FF1F20
:10E19800E780A091B147B307F902A69723A2070029
:10E1A8008547F2406244D24442493E8505618280F7
:10E1B8008147C5BF797126D24445138721974AD034
:10E1C80083D764000359070052CC06D622D44ECE1A
:10E1D80056CA2A8A63F327013E8903D724014209D4
:10E1E8001359090183D7040141CB998F4A8463D518
:10E1F800270113940701418089452285EFF04F8656
:10E20800AA89CD4A25C183D724002AC623158100AF
:10E218002314F10083D7240185E383D704019309EC
:10E2280025002300F50083D70401A183A300F5008E
:10E238006376240503D4040183D72401CC442286C1
:10E248004E85BE959730FF1FE780009B03556A00F7
:10E258002C00EFF03FE0AA8A15C54E859740FF1FB6
:10E26800E780A084B2502254568592540259F2494C
:10E27800624AD24A4561828089078DBF7914420477
:10E2880041805DBF03D7240183D704003A94FD176A
:10E29800C207420403D70401C18341802390F400DC
:10E2A800239984006377E400D5FFFD57A38EF4001B
:10E2B80055BF81455285EFF09FB86DB701114EC625
:10E2C80083C9919722CC52C456C25AC006CE26CAD8
:10E2D8004AC84E84138AC196854A130BF00F8327C8
:10E2E8000A0093144400BE9403C904006317590735
:10E2F800DC44A5C7D84735C303D7070039C383C74C
:10E30800619789CF2685EFF0FFEAAA8515E5050410
:10E3180083C75197635FF400A38C8196F2406244EF
:10E328004A85D2444249B249224A924A024B05617F
:10E338008280A38C0196DDB72685EFF05FB0014996
:10E34800F1BF83C7D701639A670193052006268525
:10E35800EFF09F91DC44A38E070005041374F40FBB
:10E3680083C751976363F4000144E31A34F7C1BFCC
:10E378004111154506C6EFF0FFDC09C50545B24059
:10E38800410182801945EFF0FFDB6DF91145EFF08F
:10E398007FDB6DF51D45EFF0FFDA6DF183C751970F
:10E3A800F9DFB24041016FF07FF183D705000D47D7
:10E3B800F117C207C1836361F706DC41B1CF411190
:10E3C80022C42E84854526C206C6AA84B92739C523
:10E3D80026859525C167F917638FF40009ED8357E2
:10E3E800240091CB835604001947639FE60203D7A4
:10E3F800219763FBE70283C76197A285268599C7A2
:10E408002244B240924441016FF0DFC42244B2403A
:10E41800924441016FF09F9F094582805145B24067
:10E4280022449244410182806D45D5BF397126DA74
:10E438004ED6AA84AE895D4589454AD806DE22DCD7
:10E44800328936C63AC4EFE0BFE125C522472A849F
:10E45800014511C7B24613054400B6850297935784
:10E46800850023003401A30024012301A400A30193
:10E47800F40011059547231DA100231CF10022CEAD
:10E4880083C761972C08268595C3EFF0BFBCAA8483
:10E4980011C522859730FF1FE7802061F250625432
:10E4A80026854259D254B25921618280EFF01F96D5
:10E4B800F9BFCD44E5B7797126D24AD052CC56CAB5
:10E4C80006D6BA8A22D44ECE19472E89B284368A05
:10E4D8006391E508035526000944EFE09F892AC6A1
:10E4E80049C15C458359650083D727002390F40010
:10E4F800B2471547238057011766FF1F034606F2E8
:10E508002391E700130716001377F70F9766FF1F8D
:10E518002386E6F02382C70011E705479766FF1FA9
:10E52800238EE6EE5147631AE90015472391E4006C
:10E53800DC4703D784002394E7005287A686CA8560
:10E548004E85EFF0BFEE2A84324515C4EFE0FF8E0A
:10E5580009A842867400BE85AA89EFE08FF32A8451
:10E5680041D92285B250225492540259F249624A42
:10E57800D24A45618280F945EFE0BFA8DDB783D76D
:10E5880005002300F50083D70500A183A300F5004B
:10E5980083D725002301F50083D72500A183A30194
:10E5A800F5001145828083D705002300F50083D745
:10E5B8000500A183A300F50083D725002301F500FA
:10E5C80083D72500A183A301F50083D74500230243
:10E5D800F50083D74500A183A302F50083D7650022
:10E5E8002303F50083D76500A183A303F500214524
:10E5F800828083D705002300F50083D70500A18317
:10E60800A300F5000945828083D705002300F500A3
:10E6180083D70500A183A300F50083D72500230134
:10E62800F50083D72500A183A301F50083D7450012
:10E638002302F50083D74500A183A302F50083D701
:10E6480065002303F50083D76500A183A303F500C4
:10E6580083D785002304F50083D78500A183A3040D
:10E66800F5002945828003D705008546AA8723003F
:10E67800E50003D705002183A300E50003D70500C3
:10E68800631DD70003D725002301E50003D7250024
:10E698002183A301E5001145828009456315A7027E
:10E6A80003D7250019452381E70003D725002183D7
:10E6B800A381E70003D745002382E70003D745007D
:10E6C8002183A382E700828083D705002300F50019
:10E6D80083D70500A183A300F50083D72500230174
:10E6E800F50083D72500A183A301F5001145828099
:10E6F800797126D24AD04ECEB2842A89AE8929466B
:10E708008145480022D406D636849720FF1FE7802B
:10E7180020522316910095EC835724002312F10010
:10E728009387219783D707002314F1005C4495C38E
:10E7380083C6C7011767FF1F130787CD18439206C3
:10E7480083D787003697035727002315F100231333
:10E75800E1004A8517070000130747EB540013F63A
:10E76800F90FD545EFF09FCC2A8911C19DE0854767
:10E778002300F40023020400014681452285EFF0BE
:10E78800EFD8B25022544A8592540259F249456151
:10E7980082802285EFE06FEAEDB7B28617070000A6
:10E7A8001307A7EC2E8685456FF05FC80111231764
:10E7B800A1004165700001489307F00F0D479706C7
:10E7C8000000938606DC99457D1506CEEFF0BFCE96
:10E7D800F24005618280B28701482E86114797066C
:10E7E8000000938686DCC9456FF0FFCCB286170718
:10E7F8000000130747E02E86CD456FF03FC3011197
:10E8080022CC26CA4AC84EC606CE2A89AE891764C3
:10E81800FF1F130464C49764FF1F9384E4C61C405D
:10E8280081C7CE854A8582971104E31A94FEF24087
:10E838006244D2444249B249056182801765FF1F8C
:10E848000345F5AC9377350009811767FF1FA303CC
:10E85800F7C6AA971767FF1F230EF7C4D9C3130576
:10E86800C0033385A702A5654111850506C6973003
:10E87800FF1FE78060169767FF1F23ADA7BC9307AC
:10E88800C0031766FF1F0346E6C23306F60281453A
:10E898009720FF1FE780C0399767FF1F938787BBC3
:10E8A8009C439766FF1F83C6E6C0014789077D56CC
:10E8B800634FD700B2401306000381451765FF1F59
:10E8C800130585B941011723FF1F6700633623909D
:10E8D800C7002381070023A5070205079387C703FD
:10E8E800C1BF82809767FF1F9387C7B69843176693
:10E8F800FF1F034626BC81476315F600814636850F
:10E908008280BA861307C703835567FCE389A5FE8F
:10E91800850793F7F70FCDB7011122CC2EC632C465
:10E9280006CE2A84EFF01FFC2246B24511E9C167E2
:10E93800F9176303F4005145F2406244056182808F
:10E9480054558347450095C213F727014145631481
:10E95800A700154575F2C18B3D45F9DF83C7A601B0
:10E968000145E3FBB7FC3145C1BFC18B0145E9F760
:10E978001545D9B7797126D2C16422D44AD04ECE72
:10E9880052CC56CA06D62A8901449769FF1F938933
:10E9980069AC130AC003FD14854A9767FF1F83C734
:10E9A80067B16364F400014535A8B307440303A7BE
:10E9B8000900BA9703D72700631697000504137454
:10E9C800F40FE1BF03C55700300093856700EFB02F
:10E9D80040451946CA8528009720FF1FE780C02AAE
:10E9E800E31E55FDB250225492540259F249624A2C
:10E9F800D24A456182809767FF1F9387A7A5C166A2
:10EA080098439765FF1F83C5E5AA8147FD1663955F
:10EA1800F500014632858280035827003A8663064E
:10EA2800D80003480700E307A8FE850793F7F70F08
:10EA38001307C703E9BF411106C6EFF0BFEA11C5C6
:10EA480003554501B240410182800145E5BF976702
:10EA5800FF1F938727A098439766FF1F83C686A545
:10EA68008147110701456393F6008280034607003A
:10EA780001C605051375F50F850793F7F70F1307FB
:10EA8800C703D5B71765FF1F0345C5A2828017675F
:10EA9800FF1F1307679C8147BA8631460C4391E5EF
:10EAA8008A07B69788C30145828085071107E397CF
:10EAB800C7FE4D458280411106C622C4EFF09FE291
:10EAC8001DCD2A84035525008545EFF05FD34854B2
:10EAD80009C59730FF1FE78040FD22851306C00354
:10EAE80081459720FF1FE780A014FD572311F400EC
:10EAF800230204000145B2402244410182800945B5
:10EB0800DDBF411106C6EFF0FFDD11C50345C500A5
:10EB1800B240410182800145E5BFC167F91763042E
:10EB2800F502411122C406C62E84EFF0BFDBAA8786
:10EB3800014591C703C54700698C33358000B24051
:10EB480022444101828005458280011106CE2EC6ED
:10EB5800EFF05FD9854711C903574501B24585478D
:10EB68006305B700231AB5008147F2403E85056169
:10EB7800828021CD01114AC8416922CC26CA4EC6DD
:10EB880052C406CE0144AA849769FF1F9389898CD1
:10EB9800130AC0037D199767FF1F83C7A791634AAC
:10EBA800F400F2406244D2444249B249224A056123
:10EBB80082803305440383A709003E9583572500C7
:10EBC8006383270182940504F9B782809767FF1F42
:10EBD800938747889C43C1661766FF1F0346868D47
:10EBE800890701450147FD1691456313E6008280B8
:10EBF80003D807006309D80003C8A7006315B80045
:10EC080005051375F50F05071377F70F9387C703E6
:10EC1800E9BF9767FF1F9387E78394431766FF1F32
:10EC2800034646890147910681476310E6028583BA
:10EC380093C7F7FFC207C18305456364E5028547AB
:10EC48003395A70042054181828083C5060081C5AE
:10EC580083D5C602CD8F05071377F70F9386C603B2
:10EC6800E9B793F61700E1FE050585831375F50FDF
:10EC7800E9B7797156CAAA8A2E8526D24AD04ECECD
:10EC880052CC5AC85EC662C406D622D4AE84328B31
:10EC9800368CBA8B3E8AC2894689EFF0BFC449E1F7
:10ECA80041657D15EFF01FC42A84554531CC1946BE
:10ECB800DE8513056400A30284019720FF1FE78007
:10ECC800A0F383570103231194002302640123193D
:10ECD800F400835741032300540123260402231A16
:10ECE800F400230644012317340123182401EFF00C
:10ECF8005FF22318A402232A04022685232C040287
:10ED08008145EFF0DFAF0145B250225492540259C9
:10ED1800F249624AD24A424BB24B224C4561828048
:10ED28004545DDB79757FF1F9387C7729843975696
:10ED3800FF1F83C6267881476395F60041657D15D8
:10ED480082803A861307C703835547FF6395A5005A
:10ED5800035526008280850793F7F70FF1BF975771
:10ED6800FF1F9387276F944341661758FF1F034877
:10ED7800687401477D16954811436314E8000145FE
:10ED8800828083D7260036856380C704CC5A8DCD10
:10ED980083C7350083C5250089CD938597FD93F5F5
:10EDA800F50FE37FB3FC9387D7FA93F7D70F89EF73
:10EDB80082809385F7FD93F5F50FE3F3B8FC93870D
:10EDC800D7FA93F7D70FCDDF05071377F70F938699
:10EDD800C60365B79757FF1F9387C7674166984370
:10EDE8009755FF1F83C5056D81477D162548639498
:10EDF800F50001458280835627003A85638CC6005A
:10EE0800545B89CA83C636009386E6FD93F6F60FEF
:10EE1800E372D8FE850793F7F70F1307C703C1BF3F
:10EE2800011122CC2A84494506CEEF80AFA515C131
:10EE38002AC62285EFF01FAB09CD624432468355BE
:10EE48000503F2401755FF1F0345756605616F609E
:10EE58002FBDF24062440561828039714ED652D48A
:10EE6800AE892A8A93053005414526DA4AD856D212
:10EE780006DE22DC32C63689BA8A9730FF1FE78061
:10EE8800A0B5CD4431C92A84894463820904324635
:10EE98008145231AC10041469720FF1FE78040D9CA
:10EEA8005686CE8522859720FF1FE780E0D421462D
:10EEB800630E0902CA8528089720FF1FE780C0D380
:10EEC800A28650082C085285EF309055AA842285D6
:10EED8009730FF1FE78060BDF25062542685425983
:10EEE800D254B259225A925A216182808145280807
:10EEF8009720FF1FE780C0D3E1B7411122C44059D2
:10EF080026C206C6AA8429CC085409C59730FF1F13
:10EF1800E780A0B9285809C59730FF1FE780E0B8F7
:10EF2800685809C59730FF1FE78020B8285C09C5D5
:10EF38009730FF1FE78060B7685C09C59730FF1FEF
:10EF4800E780A0B60325040809C59730FF1FE780AE
:10EF5800C0B522859730FF1FE78020B523AA040299
:10EF6800224483D50403B24092441755FF1F03453A
:10EF7800155441016F600FCD411126C206C622C447
:10EF8800AE84EFF03F9621C54C592A84A9C183A8C5
:10EF9800C50703A88507FC59B85983C6650003D679
:10EFA800050083C525002685EF80EF952285EFF0C3
:10EFB800DFF4EFF03FE201CD2244B240924417550E
:10EFC800FF1F0345D54E854541016F606F8DB240E7
:10EFD8002244924441018280011122CC06CE2A8427
:10EFE8002EC6EFF03F905C5991CF83D70700B2450A
:10EFF800639A870085476397F5006244F24005618C
:10F008006FF0BFEFF240624405618280411106C68D
:10F0180022C426C2EFF0BFD429C54059AA8431C002
:10F028008347240095CB9757FF1F938727469C4318
:10F0380089C7DC4399C32285829703473400930725
:10F04800F0026310F702224403D52400B240924430
:10F05800814541016FF05FF29757FF1F9387C742C1
:10F06800F9B7B2402244924441018280411126C23C
:10F078004AC006C622C4AA842E89EFF0BF8631C1D1
:10F08800405961C083570400639D970A8347340041
:10F0980013071002639DE70883472400C1C77C5407
:10F0A8000327040883D7470105E713F717000DC3A3
:10F0B800185403574700058B01CF93072002A3017B
:10F0C800F400B2402244924402490545410182803D
:10F0D80013F7270009CB185403574700098B01C7BA
:10F0E80093074002E9BF918B89CB1C5483D7470013
:10F0F800918B81C793076002D9B79757FF1F9387F2
:10F10800E7389C43DDDFDC43CDDF22858297034768
:10F1180034009307F0028145E315F7FA2685EFF0EE
:10F12800BFE545B79757FF1F93870736D9BF130722
:10F13800A0026398E7006304090013092003CA8545
:10F14800F1BF631C09002685EFF0CFF919C5834785
:10F15800450093E707012302F500A6854A85EF706D
:10F16800BF8E85B7797126D29947231DB100AA842D
:10F178002E858D4522D406D632C636C4231CF1000E
:10F18800EFE00F8E2ACE4D441DC13246A246AA8515
:10F19800328582962A8419E52C082685EFF0EFA09F
:10F1A8002A8411C572459730FF1FE7800090268595
:10F1B800EFF01FC72285B2502254925445618280D5
:10F1C800411122C42E862E84972600009386269607
:10F1D800894506C626C24AC02A89EFF0BFF883458A
:10F1E8000400AA844A85EFF03FD9B240224426851C
:10F1F80002499244410182809757FF1F9387C7288D
:10F208009C4395CB9C4385CB1D71A2CC86CE98415F
:10F2180010082A843AC8D84185453ACA829701C954
:10F228002306A100035524006C00EFF07FF9F64097
:10F238006644256182808280AE8715C5785505C7EA
:10F24800834607002380D50083461700A380D50096
:10F25800834627012381D50083468701584BA38124
:10F26800D500D8C18280414681453E851723FF1FBE
:10F278006700039C9757FF1F938747219C4391C7BB
:10F2880003A387006303030002830945828017579D
:10F29800FF1F1307272B18431DC75843AA87054587
:10F2A8000DC703A50708411106C6930605021306F4
:10F2B800050C93050506130505040297B24013755E
:10F2C800F50F410182800545828082804DC93571E4
:10F2D80022CD2A840355050026CB4AC94EC756C3FA
:10F2E80006CF52C55AC1DEDEB68AB2892E89EFF042
:10F2F8006FDFAA8439C50C182285EFF0FFF3834726
:10F308002400138A6400A9CBEF70AFCD2A8B014586
:10F3180083CB5400EF70AFCAAA840C100818EF1002
:10F32800806208542C10EF10A062D288268A56C03A
:10F338005E88D2875A8714103010CE854A85EF2010
:10F34800D01EFA406A44DA444A49BA492A4A9A4AD3
:10F358000A4BF65B0D618280EF70AFC8AA8B01453E
:10F3680003CB5400EF70AFC52ACE08540C10EF1031
:10F37800805D2C100818EF10A05DF2484DBF828008
:10F38800C14709CD1455C14791CA785501CB83C7E8
:10F398003600BD4663F4F600834787013E858280C8
:10F3A80089476309051063870510411106C622C401
:10F3B80026C2834715002E842380F5008347250045
:10F3C800A380F500834735002381F5008347450076
:10F3D800A381F50083475500858B9396870083D7D3
:10F3E800450093F7F7EFD58F2392F5008346550034
:10F3F80093F7F7DFA20693F60620DD8E2392D50059
:10F408000347550093F6F6BF220713770740558F39
:10F418002392E50083475500FD769386F67F8D8716
:10F42800858B758FAE07D98F2392F50083466500CB
:10F43800F99B858ADD8E2392D50003476500937773
:10F44800270013F7D6FF5D8F2392E50083476500F9
:10F4580093F647009377B7FFD58F2392F5000347BC
:10F468006500DD9B4D45218BD98F2392F500EF7008
:10F478007FC1AA845145EF70FFC00347340093F45D
:10F48800F40FC947636297021375F50F636EE500C1
:10F49800834604001147E1476368D7008346140098
:10F4A80005476363D7008147B240224492443E85B2
:10F4B800410182803E85828015C1AA8709458DC198
:10F4C80041112E8541469385170006C69710FF1FE8
:10F4D800E7808072B24001454101828009458280FF
:10F4E800828089471DC595C5411106C60347150089
:10F4F800AE8719462380E50093052500138517007C
:10F508009710FF1FE780406FB24081473E85410159
:10F5180082803E85828015C1AA8709458DC1411127
:10F528002E8541469385170006C69710FF1FE78072
:10F53800A06CB240014541018280094582808280E9
:10F5480089471DC995C9411106C603472500834649
:10F558001500AE872207558F2390E50021469305B5
:10F568003500138527009710FF1FE780E068B24039
:10F5780081473E85410182803E85828015C1AA87E8
:10F5880009458DC141112E8541469385170006C650
:10F598009710FF1FE7804066B24001454101828015
:10F5A800094582808280894719C991C90347150096
:10F5B800BD46E14763E5E6002380E50081473E85D7
:10F5C800828015C1AA8709458DC141112E85414602
:10F5D8009385170006C69710FF1FE780E061B240C9
:10F5E80001454101828009458280828015C1AA8730
:10F5F80009458DC141112E8541469385170006C6E0
:10F608009710FF1FE780405FB240014541018280AB
:10F618000945828082801DC1AA87094595C141118B
:10F628002E85130600049385170006C69710FF1F42
:10F63800E780805CB24001454101828009458280B3
:10F64800828015C1AA8709458DC141112E85414681
:10F658009385170006C69710FF1FE780E059B24050
:10F668000145410182800945828082801D71A2CCBA
:10F678002A84084586CEA6CA2306010083440500CD
:10F6880035479387F4FF93F7F70F636CF70C176709
:10F698000100130727538A07BA979C43BA978287B2
:10F6A8000C08EFF0FFCFC9476312F502994723060C
:10F6B800F100035524006C00EFF09FB0F64066445B
:10F6C800D644256182800C08EFF05FEB29C9834797
:10F6D800C100E5F303552400EFF08FF4C5B70C081B
:10F6E800EFF03FEEE5B70C08EFF0FFEBC5B70C08FD
:10F6F800EFF09FDCE1BF0C08EFF09FE4C1BF0C08FE
:10F70800EFF07FE1E1B70C08EFF0BFDDC1B70C08FF
:10F71800EFF0DFED65BF834715002308F1000355BF
:10F728002400EFF02F9CA14715C10347C500631CB7
:10F73800F7029757FF1F938767D598439D4719C7C7
:10F74800184309C71008A6850297AA872306F1005F
:10F75800BDBF0C08EFF03FEC95BF0C08EFF07FEE53
:10F76800B5B79D47A9B79757FF1F9387E7D1F1B75B
:10F77800011122CC06CE26CA4AC84EC60347050048
:10F78800930720092A84631DF71283471500394718
:10F798006395E70A835645000967610781476399BE
:10F7A800E6109759FF1F938969CF03A50900CE84F6
:10F7B800630005100C4403C90500631E0900834754
:10F7C800050085052146B9CB29059710FF1FE7805D
:10F7D800A0429C40ADC34945EF502FD42A840DC5A3
:10F7E800930710FC2300F500A30025018C400905B0
:10F7F800414689059710FF1FE78000409C40A2857D
:10F8080003C51700EF50CFDC88409720FF1FE78023
:10F81800C0299757FF1F23A307C831A809059710C8
:10F82800FF1FE780603DEF30603F05495DF183A72A
:10F838000900238027018547A5A81307E003639FD4
:10F84800E7080347250095476310F704035545006B
:10F85800EFF02FAB9147E310F5FE9757FF1F938703
:10F86800A7C29C43E9DB03A38700E30603FC035616
:10F87800E40003554400930564006244F240D24416
:10F888004249B24905610283A147631EF7008345D7
:10F898006400035544006244F240D2444249B249EC
:10F8A80005616FF0AFFC930600038147E301D7FEC3
:10F8B800F2406244D2444249B2493E8505618280A1
:10F8C8009306000A8147E315D7FEEFF03FDA0844B4
:10F8D8003DD19720FF1FE780401DB1BF8147C9BFB9
:10F8E800011126CA06CE22CC89441DCD95CDAA8405
:10F8F8002E8468008D45EF601FBE8347E100268592
:10F90800228693F7F70393E707046C002307F100B7
:10F91800EF20A038AA8409E90D466C0013053400CD
:10F928009710FF1FE780402DF24062442685D2449D
:10F93800056182805D714EDE86C6A2C4A6C2CAC0B9
:10F9480052DC56DA5AD85ED6894945CD5DCA138B42
:10F958004500420B135B0B01AE8A2A8A93053005DA
:10F968005A85B2849720FF1FE78000072A84CD4973
:10F9780049C9EF603FE92A895686D285935A89009A
:10F98800135A0901937BF90F1305440093FAFA0FF0
:10F99800137AFA0F135989019710FF1FE780A031D6
:10F9A800A301740123015401A3004401230024018D
:10F9B800EF609FE4AA85414608089710FF1FE7807B
:10F9C800802F214734005A86A2850808EF208053EB
:10F9D800AA891DE121462C0023807401A3805401CB
:10F9E80023814401A3812401138544009710FF1F3C
:10F9F800E780602CEF60FFE122859720FF1FE780FA
:10FA0800C00AB64026444E8596440649F259625AC1
:10FA1800D25A425BB25B6161828001114AC82A896D
:10FA28002E8506CE22CC26CA2EC6EFE0BFEB71C5C6
:10FA3800405971C4834754000947B24593F6B70F3C
:10FA48006387E60011471305E00F6392E7088357C1
:10FA580004000945639DB706930484004146CA859E
:10FA680026859710FF1FE78020194146CA85130590
:10FA780084019710FF1FE78020180347340085464C
:10FA88009307F7FE93F7F70F63E9F6041306C40329
:10FA98003285C14532C6EF601FA432469306C402C0
:10FAA800A6852285EFF09F828347240089CB228593
:10FAB8006244F240D244424905616F104010034746
:10FAC8003400C947E305F7FEA301F4000145F240FD
:10FAD8006244D2444249056182809307100501457A
:10FAE800E317F7FE83472400FDD322856244F240E2
:10FAF800D244424905616F1000130945C9BF494501
:10FB0800F9B729CD011126CA06CE22CCAA84094507
:10FB1800A9C10D4628002E848D059710FF1FE78088
:10FB2800A00D8347A10070002C0093F7F70393E71B
:10FB3800070426852305F100EF20201619E90D4654
:10FB4800A28568009710FF1FE78000147D153335E4
:10FB5800A000F2406244D244056182800945828057
:10FB6800011152C42A8A32854EC656C25AC006CEE0
:10FB780022CC26CA4AC82E8BB28AB689EFE09FD615
:10FB880009ED8944F240624426854249D244B2498B
:10FB9800224A924A024B056182805C592A89C544EF
:10FBA800F5F34D45EF700FCE1374F50F5145EF7017
:10FBB8006FCDE38809FC83C78901E3E487FC1375EB
:10FBC800F50FE360F5FC9305300513054008972011
:10FBD800FF1FE78060E0232AA9022A84CD445DD173
:10FBE8001306400881459710FF1FE7806004A301B2
:10FBF8000400230144012302640123105401232635
:10FC0800340723240402A30204008144E30C0AF607
:10FC18002285EF00D074AA8435D54A85EFF0EFAD80
:10FC280095B7397122DC06DE26DA4AD84ED652D488
:10FC380056D25AD05ECE62CC66CA0944630B06100F
:10FC480063090710AA8B3A89368BB28A2E8CEFE0AB
:10FC58007FC92A8A5144630E050E93053005414534
:10FC68009720FF1FE78040D7AA894D447DC1834470
:10FC7800190083472900A204C207BE9483470900DC
:10FC8800BE9483473900E207BE9483278A0263E65D
:10FC980097007D5709446399E70A63070C00834777
:10FCA8004A000544898BCDC3930C4B0021468145FE
:10FCB8000A85C20C9710FF1FE78080F793DC0C01C0
:10FCC8009305300566859720FF1FE780E0D02A8CD2
:10FCD8004D443DC95A86D68511059710FF1FE78008
:10FCE80080FD1146CA8562859710FF1FE780A0FC3A
:10FCF800414693058A014E859710FF1FE780A0FBB8
:10FD080021478A866686E2854E85EF20A01F2A84D1
:10FD18001DE521468A8528009710FF1FE780A0F976
:10FD280021469305490028009710FF1FE780C0F57A
:10FD38008547631EF502A6855E85EF70CFEA62856A
:10FD48009720FF1FE78060D64E859720FF1FE7802A
:10FD5800C0D52285F2506254D2544259B259225A1F
:10FD6800925A025BF24B624CD24C2161828005446C
:10FD7800F9B779719397050122D406D626D24AD0CD
:10FD88004ECEC1872E8463D507041745FF1F034550
:10FD98001572EF40FFFC2AC605C1EFF07F9DB24502
:10FDA80009E91745FF1F034585709307F00F631E88
:10FDB800F5002E85EF40BFF32165218DB250225406
:10FDC80092540259F24945618280EF506F80EDB735
:10FDD80093F7150091C7EFF06FA313451400F9BF0F
:10FDE800A1E10145E1BF850493F4F40FEFE09FC959
:10FDF800E3F9A4FE33959900131905011359090174
:10FE0800B3772401EDD34A85EFE0DFF1C167FD1731
:10FE18006305F500DD45EFF02F963345240179BFE2
:10FE280085448549E1B79747FF1F23A90766974788
:10FE3800FF1F23AD07649747FF1F23A70764974752
:10FE4800FF1F9387E765170700001307276298C30A
:10FE58001707000013072732D8C317F7FFFF130748
:10FE6800070098C79747FF1F9387876217170000F7
:10FE78001307A75A98C31717000013074710D8C3CA
:10FE8800171700001307073E98C782809747FF1F80
:10FE980083C70762A18B1747FF1F1307676091E3AA
:10FEA80001479747FF1F23A3E75E014582809747D5
:10FEB800FF1F83C7E75F918B1747FF1F1307475D36
:10FEC80091E301479747FF1F23A0E75C0145828024
:10FED800011106CE2AC6EFF01FF53245994597471E
:10FEE800FF1FA386A75CEFD0CFB2F24017F5FFFF44
:10FEF8001305C50E05616FE09FB91C5581C7A14761
:10FF08003E858280011122CC26CA2A84AE8413053C
:10FF180000049305300506CE9720FF1FE780C0AB8D
:10FF280008D46305051013060004A6859710FF1F63
:10FF3800E78080CC78548347270193F68700638E47
:10FF48000610145483C62600A18A638806108327E6
:10FF58000408E9EF93053005130500109720FF1FEB
:10FF6800E78080A72320A4088D4771C1A30204005D
:10FF7800785483C714008346170081EF81EE83C746
:10FF88002400918BDDEB83472701918BDDE78547C3
:10FF980011A889C62147A302E40099C783475400E2
:10FFA80093E70701A302F4006C5483C72501858BEE
:10FFB80091CF1C54054783C727008D8B6398E700B2
:10FFC8008347640093E717002303F400832704089A
:10FFD80099C78347640093E787002303F4008347A6
:10FFE800540005476398E70C930484004146814513
:08FFF80026859710FF1FE7802A
:020000021000EC
:10000000A0C341468145130584019710FF1FE78077
:10001000A0C21306C4033285C14532C6EF602FCC9F
:10002000832704083246BDC72285EF00504093075E
:10003000000525CDA147F2406244D2443E850561CA
:10004000828083C704008346070015473387E70291
:10005000976701009387C7BCBA97B69783C7070015
:10006000B1B783C6140091C68346170099C2E14711
:1000700035BF83C62400D58F918B91DF83C70400E1
:100080008346070015473387E70297670100938788
:1000900067B7D9B722859306C402A685EFF08FA370
:1000A0002285EF00503259F5C14703550400A301E2
:1000B000F4008145EF706F9E8147B5BF13F787014C
:1000C00049C3C18B930484004146A9CB8905268589
:1000D0009710FF1FE780C0B2414681451305840198
:1000E0009710FF1FE78040B5834764001306C403E1
:1000F000328593E747002303F400C14532C6EF6021
:100100000FBE8327040832468DC32285EF003032AC
:100110009307200505F1A301F40079BF81452685E9
:100120009710FF1FE78040B145BF9306C402A68524
:100130002285EFF02F9A2285EF00F028CD4761DD70
:10014000D5BD094785456388E70093F7D70F114769
:100150006397E700894503550400EF700F948347C8
:10016000640093E747002303F4008327040881C752
:10017000930710054DB7C54779BF834725006384B2
:100180000726797122D406D626D24AD08347350075
:10019000130750052A846390E70803497500130686
:1001A000C503C14593573900AA97328583C4870098
:1001B00032C6EF60CFB29747FF1F938727399C4322
:1001C000A9C79C47B9C30325040893767900B3D621
:1001D000D4403246858A93050504180893E606083C
:1001E0001305050882971375F50F05E141460C08C4
:1001F0001305C4029710FF1FE78080A02285EF003F
:10020000901C93076005A301F400B250225492544D
:10021000025945618280130710026395E7021C555D
:100220000327050883D7470069EB13F7071071C749
:100230007855035747011377071061C3930770027E
:10024000A301F4008347340013077002639FE70C97
:100250003C5885E39305300571459710FF1FE780F3
:10026000207828D819C5714681459710FF1FE7806F
:10027000A09C2458B9C883C7A40191E72285EFF058
:10028000AF90238DA4002858814541469710FF1F49
:10029000E780809A28583D478345A5019387F5FF5D
:1002A00093F7F70F6364F700EF606FA3EF401FCC85
:1002B0003C58A1452398A70013852701EF602FA282
:1002C0002C5803550400EF00D041930780020355DA
:1002D0000400A301F400EFE06FE1414611C583572C
:1002E000E50013D617003E96060685451745FF1F05
:1002F0000345751CEF405FF309BF13F7072011CBCF
:100300007854035747011377072001C793079002DA
:1003100005BF93F707409DD77C5483D7470193F7D8
:1003200007408DD39307B00221BF13078002639B60
:10033000E7023C5889CB83D5070103550400138697
:100340002701EF00903F1C5483D7470013F7072085
:100350002DC37854035747011377072039CB9307F0
:100360009002B5B713079002639CE700EF608FC857
:10037000AA8503550400EF00503B9307A00281BFFC
:100380001307A0026393E704EF602FC6AA85854791
:1003900001456384F500814505452EC6EF60AFC277
:1003A0002A86B24503550400EF00B0341C5483D7AD
:1003B000470093F707408DC77C5483D7470193F7D5
:1003C000074099CF9307B00219B71307B00263999A
:1003D000E700EF60EFC2AA8503550400EF00703913
:1003E0009307F0020DB58280411122C4405926C204
:1003F00006C67C54AA8483D7470113F7071019C790
:10040000185403574700137707101DE313F707200D
:1004100019C71854035747001377072011EB93F7B8
:1004200007408DCF1C5483D7470093F707409DC7E3
:1004300093071002A301F4002285EFF01FD40347B5
:1004400034009307F0026310F702224403D524001E
:10045000B2409244814541016FE09FB29307F002A0
:10046000A301F400DDB7B2402244924441018280EE
:10047000397122DC405926DA4AD84ED606DEAA89DE
:10048000AE8432896304043E03552500835704007B
:100490006384A700A14429A08347240091EB9D44D5
:1004A000F250625426854259D254B2592161828059
:1004B0009387E5FF93F7F70F2D47E362F7FE175792
:1004C00001001307A7778A07BA979C43BA978287D8
:1004D000B2852285EFF0FFA2AA84D9B74146CA852A
:1004E0001305C4049700FF1FE78080712285312720
:1004F000AA8411C1A14483473400130740056397C0
:10050000E70093079005A301F40059BF13076005A6
:100510006395E7009307A005FDB7D147EDB79309B1
:10052000C4054E854146CA859700FF1FE780406D90
:10053000032504085DC983473400130790056399B8
:10054000E7002285B9279307E005A301F40061A81D
:100550001307A0056395E7088347740013D7370096
:100560002297834687009D8BB3D6F6409747FF1F9F
:100570009387C7FD9C43858A93E606F893F6F60FAA
:1005800091DB9C4781DB9305050818084E8613050F
:10059000050482979374F50FE39E04EE41460C0820
:1005A0001305C4049700FF1FE780806E8347740023
:1005B0004D47850793F7F70FA303F4006377F70020
:1005C0002285C12D9307E0053DBF85451745FF1FD7
:1005D000034575EEEF405FAD930750052DB7130748
:1005E000C005E380E7F6814465BD130984004E86AB
:1005F000CA8522851408EFE0FFCD41469305C40467
:1006000008089700FF1FE780A068E30B05E88A86CB
:100610001306C403CE854A85EF10F00515E1228547
:10062000EFE09FD69747FF1F938707E82A879C47ED
:1006300003550400814601468A858297AA8411C128
:10064000A14493072002C1B583450600EFE05F9304
:1006500059BF0347340093072002E312F7E47C58A4
:1006600089EB9305300571459710FF1FE7804037F0
:1006700068D86858E30505E24146CA859700FF1F20
:10068000E780005864582285EFE01FD0238DA40036
:10069000930730025DBD0347340093073002E31037
:1006A000F7E0835706006858214693052900231870
:1006B000F50049059700FF1FE78080547C5483D7DD
:1006C000470113F7270035CB185403574700098B10
:1006D0002DC79307400295BD03473400930740029E
:1006E000E31FF7DA3C5C81EB85455D459710FF1F02
:1006F000E780002F28DC285CE30705EE834709002C
:100700004146CA85230BF5009700FF1FE780404F45
:10071000930750021DBD0347340093075002E310B6
:10072000F7D8285C19469305190041059700FF1F6B
:10073000E780004D7C5483D74701918B9DCF1C549B
:1007400083D74700918B95CB93076002FDBB7C5C00
:1007500089EB9305300551459710FF1FE78040282E
:1007600068DC685CE30805D24146CA859700FF1F34
:10077000E78000497C5C7D5798CB4E85EFF0DFC663
:100780009DB50325040813060004CA851305050456
:100790009700FF1FE780C0462285EFE0DFAF834769
:1007A0003400130700056395E7009307400571BB0C
:1007B00013071005639CE70085451745FF1F034598
:1007C00095CFEF407F8E9307500541B31307200567
:1007D000E39BE7E09747FF1F938747D79C43E38B53
:1007E00007CA9C47E38807CA83250408930484004A
:1007F000180893850508814626862E85829703551D
:1008000004001008A685EF603FB29307B00535BB22
:10081000034734009307E005E313F7C88325040872
:1008200041464A859700FF1FE7808046AD44E309B3
:1008300005C6032504084146CA859700FF1FE780C7
:10084000203C2285EFE05FB49747FF1F9387C7C521
:100850002A879C472C5803550400814601468297FD
:10086000AA8411C1A1449307100271B9AD47E39C5A
:10087000F5D683460600835525001306650003451B
:100880000500EF608FAD85B3894761C2DDCD2300E0
:10089000A60083C70500A300F60083C71500230147
:1008A000F60083C72500A301F60083C73500A30225
:1008B00006002302F60083D74500A183858BA3029F
:1008C000F60003D745001377072009C793E72700F1
:1008D000A302F60083D7450093F7074099C78347E3
:1008E000560093E74700A302F60083D7450013970D
:1008F0004701635807008347560093E78700A30228
:10090000F6002303060083C74500858B2303F6000A
:1009100003D74500098B09C793E727002303F60097
:1009200083D74500918B99C78347660093E74700BB
:100930002303F60003D745008147218B19C70347DE
:100940006600136787002303E6003E8582802E86BB
:10095000AA8505456FF05FF32E86AA8509456FF0DD
:10096000BFF289478DC505C5411106C6AE870D4743
:10097000AA852380E7001385170041469700FF1FD3
:10098000E7800028B24081473E85410182803E8554
:10099000828089478DC505C5411106C6AE871147BE
:1009A000AA852380E7001385170041469700FF1FA3
:1009B000E7800025B24081473E85410182803E8527
:1009C000828089478DC505C5411106C6AE87194786
:1009D000AA852380E7001385170041469700FF1F73
:1009E000E7800022B24081473E85410182803E85FA
:1009F000828089479DCD15CD411106C61D472380B4
:100A0000E50003570500AE872146A380E5000357A4
:100A1000050021832381E500930525001385370018
:100A20009700FF1FE780C01DB24081473E8541010E
:100A300082803E85828089478DC505C5411106C6E5
:100A4000AE872147AA852380E7001385170041461A
:100A50009700FF1FE780C01AB24081473E854101E1
:100A600082803E858280894795C90DC9411106C69D
:100A700025472380E50003470500AE871946A3807C
:100A8000E50093051500138527009700FF1FE780F9
:100A90002017B24081473E85410182803E85828099
:100AA00089478DC505C5411106C6AE872947AA8568
:100AB0002380E7001385170041469700FF1FE7805A
:100AC0002014B24081473E85410182803E8582806C
:100AD000894795C50DC5411106C6AE873147AA8520
:100AE0002380E70013851700130600049700FF1FFB
:100AF000E7800011B24081473E85410182803E85FA
:100B0000828089478DC505C5411106C6AE87354728
:100B1000AA852380E7001385170041469700FF1F31
:100B2000E780000EB24081473E85410182803E85CC
:100B30008280894791C909C995472380F500834779
:100B40000500A380F50081473E858280894791C9D1
:100B500009C9AD472380F50083470500A380F50050
:100B600081473E85828015C55D718A8586C6A2C48F
:100B70002A84EFE0EFEC035504000A869706000094
:100B8000938626DD9D45EFE06FDEB6402644616129
:100B900082800545828015C55D718A8586C6A2C49E
:100BA0002A84EFE0EFE9035504000A869706000067
:100BB0009386C6DA9D45EFE06FDBB640264461615F
:100BC0008280054582805D71A2C49305C5022A8496
:100BD00041460A8586C69700FF1FE78060020355DD
:100BE00004000A86970600009386E6D7C545EFE025
:100BF000EFD7B6402644616182805D71A2C493053F
:100C0000C5032A8441460A8586C69700FF1FE780F0
:100C100020FF035504000A86970600009386A6D796
:100C2000C545EFE0AFD4B640264461618280974766
:100C3000FF1F9387A7919C43B1CB9C435D71A2C4D6
:100C400086C62A841305E00F95CF03250408930573
:100C5000050C130505088297832504081306000474
:100C60000A85938505089700FF1FE78060F9035503
:100C70000400970600009386E6E50A8693051004B3
:100C8000EFE0CFCEB6402644616182801305E00FCD
:100C90008280317122DD2A840355050026DB06DFC0
:100CA0004AD94ED752D556D35AD15ECF62CDEFD066
:100CB000FFC33C58AA8489EB930530057145971012
:100CC000FF1FE780E0D128D82858CD471DC97146BD
:100CD00081459700FF1FE78020F60329040722853E
:100CE000EFE08FEA230DA900834724001749FF1F77
:100CF0001309C985638A07128327090085E39307CF
:100D0000E00FFA506A54DA544A59BA592A5A9A5A90
:100D10000A5BFA4B6A4C3E852961828083AB0701EE
:100D2000E38F0BFC032B0408EF503FAC2A8C0145EA
:100D3000EF507FA983C754003858130B0B02930957
:100D4000C403130AC405938A64003AC0B337F000A1
:100D50002A87930801045688B33680015286CE85CF
:100D60005A85829B1C5403C727002307E10203C74F
:100D70001700A306E10283C707002306F1028327B9
:100D80000900B5DF03AB4701E30B0BF683C7540043
:100D9000B337F0003ECEEF505FA5AA8B0145EF5070
:100DA0009FA203270408F2472AC03AC2B338700151
:100DB00056887810930684004E86D2858800029B60
:100DC0007C5403C727012305E10203C71700A304CE
:100DD000E10283C707002304F1028327090003A966
:100DE0004701EF509FA02A8B0145EF50DF9D83C83C
:100DF00054009C082A883EC2B3381001B337600102
:100E00003810930684015286CE8556C08800029918
:100E100003550400970600009386E6CE9008C5456A
:100E2000EFE0CFB4AA87F1BD83C654008327090041
:100E3000032B0408B336D00083AB070136CEEF5046
:100E4000DF9A2A8C0145EF501F983C58F246130B4D
:100E50000B02130AC4059309C403938A64002A8809
:100E6000930801044E86D2853EC05687B337800171
:100E70005A85829B1C54130B010303C727002307C9
:100E8000E10203C71700A306E10283C70700230698
:100E9000F1028327090083AB470183C75400B337AE
:100EA000F0003ECEEF507F942A8C0145EF50BF9169
:100EB000F2472AC0B3388001568878109306840020
:100EC0004E86D2855AC28800829B832504084146FB
:100ED0005A859700FF1FE780A0DBAD47E31205EEC0
:100EE0000DB52E86970600009386E6ADC5456FE0EA
:100EF000EFA75D71B287A2C42300B1002A84BE852A
:100F000013051100194686C69700FF1FE78040CFE2
:100F10000A86228597060000938626B5A145EFE054
:100F2000EFA4B6402644616182802E8697060000B9
:100F30009386A6B0C5456FE06FA35D71B287A2C46A
:100F40002310B1002A84BE8513052100214686C6E0
:100F50009700FF1FE780C0CA0A8622859706000017
:100F6000938666A9AD45EFE06FA0B6402644616167
:100F700082802E86970600009386C6B2C5456FE034
:100F8000EF9E797122D406D626D283473500130707
:100F900030052A846385E708130750056397E7083F
:100FA0009307A005A301F50083477500C14513D73A
:100FB00037002A97834687009D8B1305C503B3D658
:100FC000F640858A93E606F893F6F60F36C6EF509C
:100FD0000FD1B2469737FF1F938747579C439DCB4E
:100FE0009C478DCB0325040818081306C4039305FA
:100FF00005041305050882971375F50F01ED130518
:10100000C40241460C089700FF1FE78060BF22859D
:10101000EFF07FBBB2502254925445618280930717
:101020009005A301F500814675B71307100263967A
:10103000E7027C550327050883D747016316070E8F
:1010400013F717006302070E185503574700058B67
:1010500061CF93072002A301F400834734001307F4
:101060002002639DE70E3C5889EB930530057145DE
:101070009710FF1FE780C09628D82458C9C0228542
:10108000EFE08FB0238DA40028588145414697009A
:10109000FF1FE78060BA28583D478345A501938725
:1010A000F5FF93F7F70F636DF7029737FF1F83C7BD
:1010B000974AD5C34146814508089700FF1FE7803E
:1010C000A0B719469735FF1F9385452A0808970052
:1010D000FF1FE780E0B230580C082E85EF40E00596
:1010E000EF30DFE83C58A1452398A700138527017E
:1010F000EF50EFBE2C5803550400EFF09FDE93072E
:10110000300203550400A301F400EFD02FFE414646
:1011100019C10356E500060685451735FF1F03452F
:101120009539EF406F90FDB513F7270009CB1854A0
:1011300003574700098B01C79307400229BF918BD2
:10114000E38D07F01C5483D74700918BE38707F0AA
:101150009307600209B7EF508FB859B713073002F1
:10116000639AE7023C5889CB83D5070103550400F5
:1011700013862701EFF07FDC7C5483D7470113F7F8
:10118000270021CF185403574700098B39C793070D
:10119000400285BF13074002639CE700EF508FE5D4
:1011A000AA8503550400EFF05FD89307500291BF62
:1011B000130750026390E704EF502FE30DE98145D8
:1011C00005452EC6EF502FE02A86B2450355040090
:1011D000EFF03FD27C5483D74701918B9DC71C54BD
:1011E00083D74700918B95C39307600219BF85454C
:1011F0000145C1BF130760026399E700EF504FE05C
:10120000AA8503550400EFF0DFD67C5403270408B9
:1012100083D7470119EF13F7071001CF185403576D
:1012200047001377071011C793077002A301F4005A
:10123000D5B313F7072011CB185403574700137782
:10124000072001C793079002D5B793F7074091CBCA
:101250001C5483D7470093F7074081C79307B00218
:10126000F1B79307F002D9B7397122DC26DA4ED6EE
:1012700052D406DE4AD8AE89328AAA84EFD00FE76C
:101280004059414681450A859700FF1FE780C09A73
:1012900025C80359040063159906034734009307D2
:1012A0001002631FF7028327040899CF2C58A9C99D
:1012B0004A85EF1070180545F2506254D2544259D5
:1012C000B259225A216182808A861306C405930589
:1012D000C40313058400EF00103A1DE18A85C9BFDD
:1012E0002C5899CD83D70501639C47012146C90538
:1012F0004E859700FF1FE780A09919C12C584DBF5C
:101300002685EFD0AFDE2A8405455DD44C54B9C59F
:1013100083D70501639447052146C9054E8597008B
:10132000FF1FE780E0968547631AF50283C7B18700
:1013300091C74C5483C7B501639EA70CBD45268554
:10134000EF10900A9737FF1F938787FB9C5B01453F
:10135000A5D71D45894582970145B9BF9737FF1F1E
:101360009387871F03C707009739FF1F938949F9A0
:101370003E89058B31C3034754009737FF1F83C74E
:10138000271D631BF70219469735FF1F9385551CD0
:10139000130564009700FF1FE780808F8547631D5A
:1013A000F50083A7090381C791451D458297BD4577
:1013B0002685EF10700301B71737FF1F0347B719D2
:1013C00083A7090331CB03470900098B09CB81C7E8
:1013D00095451D4582972685EF105006E9BD81C7CA
:1013E0008D451D4582974146814508089700FF1F9E
:1013F000E780808419469735FF1F938525F70808F5
:1014000097F0FE1FE780C07F0C082E850A86EF301C
:10141000D0528A85268571BD8545C5FF6DBF79711E
:1014200022D440594AD04ECE52CC06D626D2AA89D2
:101430002E8A32896300046C03552500835704000B
:10144000638CA700A144B2502254268502599254BD
:10145000F249624A456182808344240099C09D44D8
:10146000DDB79387F5FF93F7F70F3147E369F7FE91
:10147000174701001307877F8A07BA979C43BA97DB
:1014800082871C54E1F3930530051305000497008F
:10149000FF1FE780E05408D455D503470900914762
:1014A00063F4E7008D4445B7034719008547E3EB34
:1014B000E7FE13060004CA8597F0FE1FE78040741C
:1014C0000C547054A3020400D4415C4A858AFD8EFA
:1014D00083574601F99BD58F231AF600D841544A09
:1014E000F59B0583058B8582F98E8606DD8E231A92
:1014F000D600DC41584AED9A8983858B09837D8F1C
:101500000A07558F231AE600D4415C4A5D9B8D8201
:10151000858A8D83F58F8E07D98F231AF600D841DF
:10152000544A93F7F7EF2183058BA182F98EA20627
:10153000DD8E231AD600DC41584AA583858B25838E
:101540007D8F9317970013F7F6DF5D8F231AE60060
:10155000D4415C4AA982858AA983F58F9396A70016
:101560009377F7BFD58F231AF600D441584AAD823E
:10157000858A2D83758FFD769386F67F2E07F58FEE
:10158000D98F231AF6008347260103250408A18B6F
:101590006387071083C72500A18B63820710E313BD
:1015A00005EA93053005130500109700FF1FE7803B
:1015B00020432320A408E30705EE7C54A302040083
:1015C0000347190083C6170089EA45C383475400BF
:1015D00093E70701A302F40029A0A147A302F400A6
:1015E00075F72285EFF02FDB6C5483C72501858BBF
:1015F00081CF1C5483C727008D8B99C78347640014
:1016000093E717002303F4008327040899C783474F
:10161000640093E787002303F400834754000547E1
:101620006393E70C414681451305840097F0FE1F44
:10163000E7808060414681451305840197F0FE1FD5
:10164000E780805FC1451305C403EF405FE90327CE
:1016500004089307000511E3C14703550400A301E3
:10166000F4008145EF507FC3F9BB03C72701118BFD
:1016700019E703472900118B19E38547A1BF83C7E9
:1016800007008346090015473387E70297470100A3
:1016900093870759BA97B69783C7070025BF19C51F
:1016A0009700FF1FE780E040232004087C5403C715
:1016B000170011C70347190019C3E14721BF03C72A
:1016C0002701118B09E703472900118B5DD783C7D9
:1016D00007001547834609003387E7029747010053
:1016E0009387475245BF13F7870131CFC18B13054D
:1016F00084004146A9C3890597F0FE1FE78040504A
:10170000414681451305840197F0FE1FE780C052D2
:1017100083476400C1451305C40393E747002303CF
:10172000F400EF40DFDB8327040881CF9307200517
:10173000A301F40009BB814597F0FE1FE780C04F6D
:10174000C1B7CD47F5B7094789456386E70011471B
:101750006398E700854503550400EF501FB421A0AE
:101760001947E389E7FE8347640093E747002303B3
:10177000F4008327040881C79307100555BFC547A8
:1017800045BF4146CA851305C40497F0FE1FE78094
:1017900020478347340013076005639CE7008545B5
:1017A0001735FF1F034535D1EF301F9093075005C4
:1017B00041B745476383E7029306C4021306C40397
:1017C000930584002285EFD0FFB02285EFF0AFBFF4
:1017D000AA8411C1A144D147A1BFC94791BF9309B0
:1017E000C4054E854146CA8597F0FE1FE7804041FB
:1017F0000325040871CD83473400130790056398CF
:10180000E7002285EFF06FBF9307E00515B71307D8
:10181000A005639FE7069737FF1F938727D39C4355
:10182000E38F07C203A88700E30B08C28347740055
:10183000930505084E8613D7370022978346870005
:101840009D8B0A87B3D6F640858A93E60608130572
:101850000504029841468A851305C40497F0FE1FCB
:10186000E780004311E1D2842285EFF00FB983476E
:101870007400CD461307E005850793F7F70FA30320
:10188000F40063E4F60013076005A301E40065BEFD
:101890001307C005E399E7BA9737FF1F938707CB74
:1018A0009C43E38E07BA9C47E38B07BA9305050870
:1018B000130984000A8781464A862E85829703553C
:1018C00004000A86CA85EF503FA69307B0058DB580
:1018D0008A864E86930584002285EFD0BF9F4146BD
:1018E0009305C4040A8597F0FE1FE780603A854798
:1018F000D284E31AF5B42285EFF02FB0AA84E31363
:1019000005B4930710022DB5034734009307700206
:10191000E317F7B47C5889EB9305300571459700C0
:10192000FF1FE780E00B68D86858E30A05B2CA8554
:10193000414697F0FE1FE780A02C0329440722852B
:10194000EFD09FA4230DA90093078002D5B30347CE
:10195000340093078002E314F7B0835706006858F9
:101960002146930529002318F500490597F0FE1F2D
:10197000E78000297C5483D7470113F7072025CF40
:101980001854035747001377072035C79307900271
:1019900045B30347340093079002E312F7AC3C5C75
:1019A00089EB930530055D459700FF1FE7804003F5
:1019B00028DC285CE30505AA4146CA8597F0FE1F8E
:1019C000E78000249307A002A5B3034734009307E0
:1019D000A002E316F7A883470600285C1946930582
:1019E0001900230BF500410597F0FE1FE780402109
:1019F0007C5483D7470193F70740B1C71C5483D762
:101A0000470093F70740A1C39307B00215B30347FC
:101A100034009307B002E314F7A47C5C89EB9305D0
:101A2000300551459700FF1FE78080FB68DC685C4C
:101A3000E30A05A04146CA8597F0FE1FE780401CD7
:101A40007C5C7D5798CB03D529008145EFD04FD3DF
:101A5000DDBA034734009307F004E3F5E79E03255E
:101A60000408E301059E13060004CA851305050456
:101A700097F0FE1FE780C0182285EFF04F9BAA84E5
:101A80002285EFD05F818347340013070005639FF1
:101A9000E70003D6E90085451735FF1F0345B5A1CB
:101AA0000606EF306FF89307300559B1130710059C
:101AB0006395E70093076005A5B913072005E39434
:101AC000E7989307C005ADB1034734009307E005DD
:101AD000E31AF796032504084146CA8597F0FE1FCE
:101AE000E78000122285EFF0CF9AAA8419BD8345C2
:101AF0000600A9BF85478144E397F5940328460073
:101B00008347360003472600834616008355250089
:101B1000034606000145EF40FFFA35B28147C14652
:101B20003307F500B388F5000347070083C80800B2
:101B30003308F6008507334717012300E800E391D7
:101B4000D7FE82800147BD471308F00F3306F5002A
:101B500083460600B388F500FD178606558F23805F
:101B6000E8000347060093F7F70F1D83E39007FF94
:101B700082808147930800F8414893F6F70F338736
:101B8000F50063FCC600B306F50083C6060023001B
:101B9000D7008507E39307FF82806395C600230083
:101BA0001701C5BF23000700EDB701114AC856C28F
:101BB0002E89AA8A93053005414506CE22CC26CA35
:101BC0004EC652C4328A9700FF1FE78060E1AA84A4
:101BD0009305300541459700FF1FE78060E02A84A8
:101BE000CD49A5C431CD4146814597F0FE1FE78020
:101BF000A0042686A2855685EF302054AA8929E1C3
:101C00008387040063D30706A2852685EFF09FF340
:101C10004A86974501009385A5082285EFF01FF0BD
:101C20008307090063D80704A2854A85EFF09FF176
:101C30005286974501009385A5062285EFF01FEE99
:101C400026859700FF1FE780C0E611C42285970014
:101C5000FF1FE78000E6F24062444E85D2444249CD
:101C6000B249224A924A05618280CA852685EFF0F0
:101C70007FED7DB7D2854A85EFF0DFECD1B78147A4
:101C80004146B306F5003387F5000347070003C854
:101C900006008507334707012380E600E393C7FE6C
:101CA0008280011126CA4EC6AE84AA8993053005EA
:101CB000130500034AC806CE22CC32899700FF1FC5
:101CC000E78000D22DC51306000381452A8497F0D2
:101CD000FE1FE78060F64146CE85228597F0FE1F05
:101CE000E780E0FDA6850D461305D40197F0FE1FA1
:101CF000E780E0FC13060402930504012285EF301F
:101D0000C043AA840D469305D4024A8597F0FE1F6E
:101D1000E780E0FA22859700FF1FE78080D9F24034
:101D2000624426854249D244B24905618280CD444D
:101D3000FDB75D714EDE62D4AE892A8C9305300505
:101D400013050003A6C2CAC052DC56DA5AD85ED6C2
:101D500086C6A2C4B28B368BBA84BE8A4289468AB2
:101D60009700FF1FE780C0C7630505101306000337
:101D700081452A8497F0FE1FE78000EC4146E2850A
:101D8000228597F0FE1FE78080F3414681450A8552
:101D900097F0FE1FE78040EA1D46DE850A8597F032
:101DA000FE1FE780C0F11D46DA851305710097F02C
:101DB000FE1FE780C0F033392001B3349000414664
:101DC0008145080823072101A307910097F0FE1F12
:101DD000E78080E61946D685480897F0FE1FE78021
:101DE00000EE1946D2851305A10197F0FE1FE7808A
:101DF00000ED930404014146CE85268597F0FE1F31
:101E0000E780E0EB8A852685EFF07FE793090402FF
:101E10004E86A6852285EF3040322A890DE941465B
:101E2000CE85268597F0FE1FE78080DD0C0826858D
:101E3000EFF0FFE44E86A6852285EF3000302A8938
:101E400046454146CE8597F0FE1FE78040E7228554
:101E50009700FF1FE780E0C5B64026444A859644B8
:101E60000649F259625AD25A425BB25B225C616106
:101E700082804D49D5B7011126CA52C4AA842E8A40
:101E800013050003930530054AC84EC606CE22CC82
:101E90003289B6899700FF1FE78080B435C52A8450
:101EA000A685414697F0FE1FE78060E19304040198
:101EB0002146D285268597F0FE1FE78040E0CA853F
:101EC00021461305840197F0FE1FE78040DF1309C8
:101ED0000402A6854A862285EF302026AA84414640
:101EE000CA854E8597F0FE1FE78060DD228597004A
:101EF000FF1FE78000BCF240624426854249D2447D
:101F0000B249224A05618280CD44F5B739715AD071
:101F10005ECE2A8BAE8B41459305300506DE26DA70
:101F200052D456D262CC66CA6AC8368C328DBA8C0C
:101F300022DC4AD84ED69700FF1FE78060AAAA8A03
:101F40009305300541459700FF1FE78060A92A8A65
:101F5000CD44638E0A0859C52A86D6855A85EFF086
:101F6000DFC4AA8441E19305300541459700FF1F76
:101F7000E78000A72A899305300541459700FF1F98
:101F8000E78000A6AA89630A090E6306050E1304FA
:101F9000FD0011841376FD0049C07D144204418088
:101FA00035EE131544004E86D6855E95EFF01FB7CB
:101FB000414681454A8597F0FE1FE780E0C7014D05
:101FC00093170D01C18363F48708BDC04A8597004C
:101FD000FF1FE78000AE638709004E859700FF1F53
:101FE000E78020AD56859700FF1FE78080AC630730
:101FF0000A0052859700FF1FE780A0ABF2506254A1
:1020000026854259D254B259225A925A025BF24B57
:10201000624CD24C424D2161828001441315440030
:102020008A855E95EFF0FFB44E86D2850A85BDBFE6
:1020300093154D000A86DE954A85EFF03FAE4A863D
:102040008A855A85EF30600FAA84050D95BFBDFCC7
:102050000A86CE854A85EFF07FAC4A868A855A8506
:10206000EF30A00DAA846686CA85628597F0FE1FB0
:10207000E78000B9A1BFCD4491BFCD44A9BF39715C
:1020800062CC2A8C594526DA4AD84ED652D456D23A
:102090005AD05ECE06DE22DCAE8B328BB68A3AC6D2
:1020A0003E8AC289468983440104EF209FC749C103
:1020B0009167938717E92310F50085472301F50001
:1020C0002A8432472105630C0C0493071003A301F3
:1020D000F4001946814597F0FE1FE780E0B5230321
:1020E0006401A3035401230A9400231274012317EB
:1020F00044012318340123192401A2856254F250AB
:10210000D2544259B259225A925A025BF24B624C53
:102110001725FF1F0345053A21616F20FFCBA3015F
:1021200004001946BA8597F0FE1FE78060AD45BFF1
:10213000F2506254D2544259B259225A925A025B16
:10214000F24B624C21618280011122CC2A843145FC
:1021500006CE2EC632C436C23AC0EF209FBC29C17B
:102160009167938717E92310F5008D472301F50048
:10217000A3018500B2452246924602476244F240DE
:102180002312B5002313C5002314D5002315E50041
:10219000AA851725FF1F0345E53105616F20DFC3C1
:1021A000F24062440561828001114AC82A8939459A
:1021B00026CA06CE22CC2EC6B284EF209FB631C1ED
:1021C000B2459167938727E92310F5009147A30152
:1021D00025012312B5002A842301F500A6851905DF
:1021E000214697F0FE1FE780A0A1A2856244F2403D
:1021F000D24442491725FF1F0345C52B05616F20B7
:10220000BFBDF2406244D24442490561828001115F
:102210004AC82A89414526CA06CE22CC2EC6B28497
:10222000EF203FB029C19167B245938727E923107A
:10223000F50095472A84231225012301F500214644
:10224000190597F0FE1FE780A09BA2852317940035
:102250006244F240D24442491725FF1F0345B52589
:1022600005616F207FB7F2406244D2444249056164
:102270008280011122CC2A84394506CE2EC632C472
:1022800036C23AC0EF20FFA929C19167938717E9A9
:102290002310F50099472301F500B24522469246E6
:1022A0000247231285006244F2402313B500231431
:1022B000C5002315D5002316E500AA851725FF1FA5
:1022C0000345451F05616F203FB1F240624405613F
:1022D0008280797122D406D62A842EC632C436C2B0
:1022E0003AC0EFC0AFE01DC1B24522469246024758
:1022F000231CB100231DC1002C081306F00F2285FA
:10230000231ED100231FE100EFC06FCDB250225435
:1023100045618280011122CC2A84394506CE2EC621
:1023200032C436C23AC0EF20DF9F29C1916793873C
:1023300017E92310F5009D472301F500B245224619
:1023400092460247231285006244F2402313B500EF
:102350002314C5002315D5002316E500AA851725EB
:10236000FF1F0345251505616F201FA7F24062443A
:10237000056182805D712AC613052002CAC04EDE47
:1023800052DC56DA5AD85ED662D466D26AD086C695
:10239000A2C4A6C26ECE2E8CB28B368B3AC43E8DB2
:1023A000C28CC68A035A0105835941050349810538
:1023B000EF203F9769C591663243938616E9A94796
:1023C0002A842310D5002301F500930DE400210594
:1023D000930444012247630D030693071003A301EE
:1023E000F4001946814597F0FE1FE780E084194606
:1023F00081456E8597F0FE1FE78000841946814570
:10240000268597F0FE1FE780208323037401A30332
:1024100064012300240323128401231D5401231E7D
:102420004401231F3401A2852644B6409644064940
:10243000F259625AD25A425BB25B225C925C025DF4
:10244000F24D1725FF1F0345E50661616F20DF98F8
:10245000BA85A3010400194697E0FE1FE780407A81
:10246000EA856E85194697E0FE1FE7806079194678
:10247000E685268597E0FE1FE780807879B7B6402D
:10248000264496440649F259625AD25A425BB25BDC
:10249000225C925C025DF24D61618280011122CC6E
:1024A0002A84214506CE2EC632C436C2EF207F874D
:1024B00015CD224692469167938717E92310F500C0
:1024C000B1472301F500A3018500B2452303C500F0
:1024D000A303D5006244F2402312B500AA85172554
:1024E000FF1F034525FD05616F201F8FF2406244E9
:1024F00005618280411126C2AA84514506C622C4C4
:10250000EF203F8249C19167938717E92310F500B7
:10251000B9472301F50083C714002A84938564001A
:10252000A301F50083C7340003C724002105A207D7
:10253000D98F231EF5FE83C744001946230FF5FEED
:1025400083C75400A30FF5FE97E0FE1FE780406BA2
:1025500083C7C400A2851725FF1F0345A5F52307E0
:10256000F40083C7E40003C7D400A207D98F23185F
:10257000F40083C7F4002309F4002244B2409244DB
:1025800041016F207F85B240224492444101828004
:10259000411122C42A84194506C6EF208FF80DC5C3
:1025A0009167938717E92310F500C1472301F500D0
:1025B000231285002244B240AA851725FF1F034538
:1025C00065EF41016F205F81B2402244410182806A
:1025D00041110D4506C6EF20CFF40DC5930710F944
:1025E0002300F5009307E003A300F500C54723018E
:1025F000F500B240AA851725FF1F0345A5EB410151
:102600006F208FFDB24041018280011122CC2A84CB
:10261000294506CE2EC632C436C2EF208FF015CD26
:10262000B24592469167938717E92310F500C94791
:102630002302B5002301F500A30185002304D50082
:1026400022466244F2402313C500AA851725FF1FC6
:10265000034545E605616F202FF8F24062440561AD
:10266000828001114AC82A892D4526CA06CE22CC6D
:102670002EC6B284EF20EFEA29C5B245930710F9C0
:102680002300F5009307E003A300F500CD47A30165
:1026900025012302B5002A842301F500A68515052E
:1026A000194697E0FE1FE780A055A2856244F240DC
:1026B000D24442491725FF1F0345C5DF05616F203E
:1026C000AFF1F2406244D244424905618280011177
:1026D00022CC2A84214506CE2EC6EF208FE405C9E0
:1026E000B2459167938717E92310F500D14723037B
:1026F000B5002301F500231285006244F240AA854B
:102700001725FF1F034505DB05616F20EFECF24045
:10271000624405618280011122CC2A84214506CEC3
:102720002EC632C4EF20EFDF1DC522469307105995
:102730002310F50023018500B2452303C500624440
:10274000F2402312B500AA851725FF1F034585D641
:1027500005616F206FE8F2406244056182800111DB
:1027600022CC2A84214506CE2EC632C4EF206FDB50
:102770001DC922469167938727E92310F500A147D9
:102780002301F500B24523038500A303C50062447D
:10279000F2402312B500AA851725FF1F0345B5D1C6
:1027A00005616F206FE3F240624405618280011190
:1027B00022CC2A84314506CE2EC632C436C23AC057
:1027C000EF202FD615CD22468567938717C9231092
:1027D000F50023018500B2452303C5009246024758
:1027E0006244F2402312B5002314D5002315E500FE
:1027F000AA851725FF1F0345E5CB05616F20CFDDB7
:10280000F240624405618280011126CAAE844AC842
:102810002A891385C40006CE22CC32C6EF206FD0A1
:102820001DCD8567B245938717E9230195002312D3
:1028300025012A842310F500310508C4268697E077
:10284000FE1FE780E03BA2856244F240D244424949
:102850001725FF1F034505C605616F20EFD7F2401E
:102860006244D244424905618280011122CC2A840B
:10287000194506CE2EC6EF20CFCA05C985679387B6
:1028800017F92310F500854723018500A301F50002
:10289000B2456244F2402312B500AA851725FF1FF6
:1028A000034545C105616F202FD3F24062440561A5
:1028B0008280411122C42A840D4506C6EF206FC6CE
:1028C00005C5930710F92300F500E947A300F500BB
:1028D000230185002244B240AA851725FF1F034526
:1028E00065BD41016F204FCFB2402244410182803B
:1028F000011122CC2A84214506CE2EC6EF206FC2BC
:102900000DC99167938727E92310F500930700030A
:102910002301F500B245230385006244F2402312EF
:10292000B500AA851725FF1F0345F5B805616F207F
:10293000AFCAF2406244056182800111214506CE92
:102940002EC632C4EF20EFBD05C9856793870739CE
:102950002310F500B245224685472301F500F240D9
:102960002312B5002313C500AA851725FF1F0345B1
:10297000E5AA05616F204FC6F2400561828039717A
:1029800022DC1304F5FF4AD852D456D25ECE42045C
:1029900006DE26DA4ED65AD0894B2A8A3289B68A82
:1029A000418063957515938B819783C781975E8B63
:1029B00089448DCF83C9160083C706009144A209BC
:1029C000B3E9F9009727FF1F83D78794F51763DFD3
:1029D000F9009307C6FF639DF90831452EC6EF2025
:1029E0004FB42A84B24519ED9304F00FF2506254AB
:1029F00026854259D254B259225A925A025BF24B5E
:102A0000216182804209135909012302B500231371
:102A10002501930700F91509A1652310F50023117D
:102A2000450185054A8597F0FE1FE78060FB08C4D5
:102A300015C983C70B009385EAFF13562900FD17BC
:102A4000238CF19697E0FE1FE780801D1C44A28531
:102A50001725FF1F0345859C89071CC4EF20CFB7AE
:102A6000814469B7228597F0FE1FE7808004ADBFDF
:102A70009307D6FFE3CAF9F6B1473304F40297246B
:102A8000FF1F9384E4999C40A29703C7A70019C72E
:102A9000884309C597F0FE1FE780A0011385490010
:102AA000A16542058505418103AA040097F0FE1F38
:102AB000E78000F39C40229A2320AA00A297884333
:102AC00005D505472385E70083470B004A86D68551
:102AD000FD17238CF19697E0FE1FE78060129C4063
:102AE0003E9423132401231234019DBF8547E39DA7
:102AF000F5EEB1473304F402172BFF1F130B4B9273
:102B000083270B00DA89A29703D76700884345CB58
:102B100083D74700B306C700910763C2D70A3A9527
:102B2000D68597E0FE1FE780A00D03270B008144A8
:102B3000229783576700CA97C207C1832313F70000
:102B4000035747001107E393E7EA3145EF206F9DF4
:102B5000AA8521C1930700F92310F50083270B00F4
:102B60002302750123114501A29703D767009C43F7
:102B70002313E5001CC51725FF1F0345258AEF20F9
:102B8000AFA583270B003E94231304002305040004
:102B9000B1BD83270B00A297884311C997F0FE1F90
:102BA000E78020F183270B00A29723A0070083A7CB
:102BB00009003E94231304002305040055B511C9F0
:102BC00097F0FE1FE780E0EE83A70900A29723A0FD
:102BD000070083A7090085443E94231304002305BE
:102BE000040029B56F40C0366F4000386F40207E2A
:102BF0006F40003B411106C6EF404037B2400145EF
:102C0000410182806F40603C6F40803E6F40A04039
:102C10006F40A0426F40A0446F4080466F408048A4
:102C20006F40804A6F40204C8347160003460600E1
:102C3000A2075D8E6F40604D6F40A04E6F406051A7
:102C40006F4020546F4000576F40E0596F40005C68
:102C50006F40205E6F4040606F4060626F408064F4
:102C6000411122C60344C10226C483440103034325
:102C70000101030E4101834E8101034FC101834FC6
:102C80000102834241028343810222D6324426D884
:102C9000A2441ED416D27ED07ACE76CC72CA1AC87E
:102CA00041016F4040786F40E0616F4000646F40C9
:102CB00020666F4040686F40606A6F40806C6F4074
:102CC000A06E6F4080716F40A0736F600025130786
:102CD000A5FF420785672A8841831385A7C7636CD0
:102CE000E502138707C801456368B70263E6050379
:102CF0001307301F6362C702138766FF42074183D1
:102D0000938767C763EAE70005063306B6028E06B7
:102D10003325D600828001458280411126C206C635
:102D200022C4AA84EFE0401019C52A842685EFC08A
:102D3000704A2324A418B240224492444101828064
:102D4000834665010D47AA876384E60005458280B6
:102D50000327451103464700A305C5020347370073
:102D60006316D7020347B50075F3034705019306C1
:102D700000026307D7009306300201456317D700AE
:102D8000130760022388E70001458280BD46631077
:102D9000D702034705019306000401451377B70FD7
:102DA000E315D7FE130750042388E7008280B94655
:102DB000631AD7008346050113070003E398E6F87A
:102DC0000547C9B7D1466317D700834605011307E6
:102DD0000005EDB7D9466318D702834605011307EE
:102DE0005005E395E6F60327050A1367072023201D
:102DF000E50A05472308E50003C71701136707F82D
:102E0000A388E70051B7E946631BD7008346050155
:102E100013075006E39CE6F21307A006A5B7FD468C
:102E2000631BD700834605011307A007E390E6F272
:102E3000130710F881BF93063002E319D7F08346D9
:102E4000050113075008E393E6F005472308E50062
:102E50000347A502136717002305E50271BF832707
:102E600005110947A30AE50095C32381E70003473D
:102E70004505A381E7008347A50293E78700230563
:102E8000F502F1472308F500014582801D45828047
:102E90008547A30AF5008327051191CB15472381A8
:102EA000E7009307B0022308F5000145828005453D
:102EB00082808547A30AF5008327051191CB194726
:102EC0002381E7009307D0022308F50001458280A3
:102ED000054582808947A30AF5008327051181CF24
:102EE0001D472381E700832705110347D5020145CC
:102EF000A381E7008280054582808547A30AF5000B
:102F00008327051191CB2D472381E7009307700399
:102F10002308F50001458280054582809947A30A70
:102F2000F5008327051131472381E7001717FF1F9D
:102F30001307476A83564701A381D7009716FF1FDF
:102F400083C6A66A2382D7009716FF1F83D6E66939
:102F5000A182A382D700834687012383D70003473A
:102F60009701A383E7008347E50213F7070409CF1E
:102F70009307A0032308F5008347E50293F7F707BB
:102F80002307F50201458280858BFDD78327050A3B
:102F9000A30505022307050293E707042320F50A8A
:102FA000E1BF8947A30AF5008327051181CF354783
:102FB0002381E700832705110347B5020145A3815B
:102FC000E7008280054582808D47A30AF5008327AC
:102FD000051191CF45472381E7000347C502A3812F
:102FE000E7000347B50201452382E70082800545DB
:102FF00082808547A30AF5008327051185C34947C9
:103000002381E7009307A0042308F5008347A50266
:1030100093E747002305F50201458280054582803C
:103020008547A30AF5008327051191C74D472381E2
:10303000E7000145828005458280032705118D4701
:10304000A30AF500D9472301F70083464514A301DD
:10305000D70083475514918A2302F7000357A51C14
:10306000B1C69306F034814763FDE600930787E815
:103070000357851415CB8587938757FD8D87C20726
:10308000C1830357851C63F3E7003E878347A5028E
:103090002307E50493E747002305F502930750054E
:1030A0002308F500014582808D87F9B7858B99C784
:1030B000930707FB2147B3C7E702D1B79307C7FBC5
:1030C0001147D5BF032705118D47A30AF500DD473A
:1030D0002301F70083474514A301F70083465514E5
:1030E0002302D7000347B514F98F93F6470003571F
:1030F000A51CB1C69306F034814763FDE600930733
:1031000087E80357851415CB8587938757FD8D87EF
:10311000C207C1830357851C63F3E7003E8793070B
:1031200080052308F5008347A5022307E50493E7FC
:1031300047002305F502014582808D87F9B7858B0D
:1031400099C7930707FB2147B3C7E702D1B7930796
:10315000C7FB1147D5BF832605118D47A30AF5008C
:10316000E5472381F6008347751403466514054738
:10317000B317F7003317C700D98FA381F600834731
:1031800015142382F6008347A50293E74700230521
:10319000F502930700062308F50001458280894760
:1031A000A30AF5008327051175472381E700171748
:1031B000FF1F1307274203473700A381E700930748
:1031C00050072308F500014582808947A30AF500CE
:1031D0008327051179472381E7000347F502A3817F
:1031E000E7008327050A2167D98F2320F50A854741
:1031F0002308F500014582809717FF1F9387873DBD
:10320000B84B9307800583464700B387F6021457EF
:1032100003270511BE96A547A30AF50093070002F0
:103220002301F7000356A51C8357651CB297D05A9B
:103230009387C71263F3C700B287A301F70013D6C1
:103240008700C1832302C700A302F7009C5E23030B
:10325000F70013D68700C183A303C7002304F70038
:1032600083C7C601A304F70083C7D6012305F7006F
:103270009307C0072308F5000145828083270511C5
:10328000114613073002A30AC5002381E700034754
:103290008515118B05CF0347A515238207009306DB
:1032A000F7FF05473317D700A381E700034735141D
:1032B000A382E7008347A50293E747002305F502B1
:1032C000930750F82308F500014582808346751462
:1032D00009476392E6021717FF1F0347572009C7E4
:1032E0002147A381E70019A0A381C7000347551612
:1032F0002382E70065BF05473317D700DDB7954741
:10330000A30AF50083270511130740022381E70074
:10331000A3810700030735148306F5156395E600BE
:103320008946A381D7008306E5156398E60083C626
:10333000370093E61600A381D7008306D5152382B4
:10334000D7000346C515A382E7002383C700834740
:103350008515858B81CB99C68327050A4167D98F4F
:103360002320F50A01458280411126C283240511DC
:1033700006C622C4B547A30AF500A9C091472A840E
:103380002381F4009305851A21461385340097E0C4
:10339000FE1FE780E0861385B40011469305041BE9
:1033A00097E0FE1FE780C085930720022308F40002
:1033B0000145B24022449244410182800545D5BF77
:1033C00083270511A1C7411122C406C62547A30AB8
:1033D000E5002381E7002A84032505119305840F66
:1033E00021460D0597E0FE1FE78080818327040AB0
:1033F000A3050402014593E707022320F40A854749
:103400002308F400B24022444101828005458280B5
:10341000A547A30AF50083270511A9C3411122C4BA
:1034200006C639472381E7002A8403250511930541
:10343000840F21460D0597D0FE1FE780607C8347EF
:10344000A402014593E747002305F4029307000314
:103450002308F400B2402244410182800545828065
:10346000E147A30AF50083270511D9CF411122C4F2
:1034700006C63D472381E700034745072A84930595
:103480008506A381E7000347550731462382E700FD
:1034900003476507A382E70003576507218323835A
:1034A000E7000347A505A383E7000357A50521838C
:1034B0002384E7000347C505A384E7000347D50538
:1034C0002385E70003574506A385E7000347650604
:1034D0002386E700035765061385E7002183A3864B
:1034E000E70097D0FE1FE780A0718347A402014543
:1034F00093E747002305F402930700042308F40030
:10350000B24022444101828005458280E147A30AFE
:10351000F50083270511C9CB411122C406C64147D6
:103520002381E700034745072A8493058506A38185
:10353000E7000347550731462382E7000347650745
:10354000A382E7000357650721832383E70003472E
:10355000A505A383E7000357A50521832384E7007E
:103560000347C505A384E7000347D5052385E70086
:1035700003574506A385E700034765062386E70052
:10358000035765061385E7002183A386E70097D0DC
:10359000FE1FE780E066930740042308F400B24072
:1035A000224401454101828005458280411106C6C1
:1035B000AD47A30AF5008327051113079002930571
:1035C000D5172381E70013853700294697D0FE1FC2
:1035D000E7800063B24001454101828083254511A7
:1035E000411126C206C622C483C7450003C7350061
:1035F0000568A207D98F1387A7FF42074183930667
:10360000A8C7F94463E2E60C03C7650083C655000A
:10361000130808C82207558FF9446367E80A6365F1
:10362000F70A03C6850083C675002206558E9306E9
:10363000301F63EBC60883C6A50083C89500A206A9
:10364000B3E616016362D808130816003308F802BF
:1036500093983600635A180783C8B5001398080179
:103660001358080163840800636007078358A503A3
:103670008144639D1701631BF7008358C50363975B
:10368000C8008354E503958C93B41400231DC5042E
:10369000231AF506231BE506231ED504231205076E
:1036A00083C7D50003C7C5002A84A207D98F231377
:1036B000F5063146B9051305850697D0FE1FE7804C
:1036C00020549147A30EF400B24022442685924430
:1036D00041018280411122C406C68547A30AF50034
:1036E0002A8483453515032705110345451585466D
:1036F00093176500CD8F2301F700ED47A301F70075
:103700008347C4000346241593E707022306F40009
:10371000EF103078930770062308F400B24022447B
:10372000014541018280832745111303000E03C622
:10373000470003C737002206598E130756FE42077B
:1037400041836367E30683C6670003C757001168B8
:10375000A206D98E138786EB42074183130888148B
:103760006368E80403C7870083C8770022073367CC
:103770001701930857FEC20893D80801636A130320
:1037800083C8970083C7A700A207B3E717019388F0
:1037900087EBC20893D80801636C1801231EC51A71
:1037A000231FD51A2310E51C2311F51C6FB0300F11
:1037B000054582808346B5000547AA870545639580
:1037C000E60C83C6670131470545639FE60A03A7F8
:1037D000471183463700A38AD70483465700034620
:1037E0004700A206D18E239BD704834577008346EA
:1037F0006700A205D58D239CB70403469700834636
:1038000087002206558E239DC7048346B7000345D3
:10381000A700A206C98E239ED7040345C70003470D
:10382000D7002207498F03D5A703239FE704014749
:10383000631BB50083D5C7036397C50003D7E703B0
:10384000158F133717002391E70603C70701930667
:1038500000046304D702930640046315D7000547AC
:103860002388E70003C717019546A38ED700136787
:1038700017F8A388E7000145828003C7A7021367F2
:1038800017002385E702E1BF82800347650189476E
:10389000631DF7008327451183C73700230AF5040A
:1038A000F5472308F500014582801D458280834746
:1038B000B5002A87D9EB83466501B547054563976F
:1038C000F60883460701930700026391F6088327F1
:1038D0004711014583C6570003C64700A2064206AA
:1038E000B29603C66700B29603C637006206B29668
:1038F0002320D70C83C6970003C68700A206420682
:10390000B29603C6A700B29603C677006206B296C7
:10391000232ED70A83C6C70003C6D700A2064206D5
:10392000B29603C6B70083C7E700B296E207B69720
:103930002320F70E8347170193E78700A308F700BA
:10394000930730022308F700828005458280834771
:10395000B5009DE3034765018547631DF700834676
:103960000501130730026397E6009307C00223089E
:10397000F50081473E8582808547EDBF834665011E
:103980000547AA870545639CE60203C7070193061E
:10399000B002631AD7001307E0022388E700A3856B
:1039A0000702014582809306D00205456319D700BE
:1039B0001307E002A38507022388E700DDB78280B2
:1039C000034765018947631EF704E947A305F5022C
:1039D00083274511394783C737006392E7020347BE
:1039E000050193070003631EF7028327050A93E787
:1039F00007022320F50A85472308F500B9A03D47B3
:103A00006393E7028327851003470501F59B232471
:103A1000F510930700046316F7009307600423086A
:103A2000F5000145828049476398E7020347050195
:103A30009307A004E317F7FE85472308F5008347A3
:103A4000A50293E717002305F5028347150193E7C5
:103A500007F8A308F500F1B751476392E70203475F
:103A6000050193070005E31EF7FA85472308F500D3
:103A70008327050A93E707102320F50AF9B759476A
:103A8000639DE7000347050193075005E31BF7F823
:103A90008327050A93E70720A9BF6947639FE700CB
:103AA0000347050193075006E31DF7F68327050A30
:103AB000056713070780D98F2DBF7147E383E7F6AA
:103AC0007547639CE7000347050193075007E31A16
:103AD000F7F48327050A2167F9BF13073002E39241
:103AE000E7F40347050193075008A9B70347B5005A
:103AF00085476311F70203476501631BF70003471E
:103B000005016317F700930760032308F500814759
:103B10003E8582808547EDBF834665010547AA87BC
:103B200005456393E60603C7070193067003631513
:103B3000D70203C7A702238607049376070499C612
:103B40001377F7FB136707012385E7021307800349
:103B50002388E700014582809306500305456315DD
:103B6000D702130780032388E70003C7A702238631
:103B7000070401459376070481CA1377F7FB13679F
:103B800007012385E7028280828003476501994708
:103B9000631EF7080327451183473700A307F50481
:103BA0008347570083464700A207D58F2318F504A3
:103BB00083477700834667001307A003A207D58FCA
:103BC000834605012319F5048347E5026395E6045E
:103BD000858B99CB8327050AA305050223070502D8
:103BE00093E707042320F50A8347A50293E717000C
:103BF0002305F50285472308F5008347150193E760
:103C000007F8A308F5008347E50293F7F7FB2307BE
:103C1000F50201458280E207E187E3D007FE8327B2
:103C2000450A93E707042322F50AC1BF05458280B0
:103C30000347650189476304F700054582808327B0
:103C400045111307000483C73700A305F502834716
:103C5000050193F6B70F6397E60093075004230816
:103C6000F50025A0130750056393E7028327050A93
:103C700093E707202320F50A85472308F5008347AB
:103C8000150193E707F8A308F500014582801307A3
:103C900050066395E7009307A006D1B713075008B5
:103CA000639CE70085472308F5008347A50293E757
:103CB00017002305F502E1B70347B5003DFF1307E1
:103CC00000026386E700130730026395E70093075D
:103CD000600271B71307A007E391E7F6930710F8A6
:103CE000BDBF834665010547AA8705456394E60481
:103CF00003A787100545418B15CF03C7070163183C
:103D0000A7001307B0042388E7000145828013064B
:103D1000A004631AC70003C7A7022388D70013674C
:103D200017002385E70203A7870A1367070423A464
:103D3000E70AE1BF8280834665010547AA870545FA
:103D40006393E60283C607011307A0040545639C3D
:103D5000E60003C7A7022388A700014513671700E1
:103D60002385E70282808280034765018D47631FB8
:103D7000F718834715018D8B91EB83460501214789
:103D8000938706FC93F7F70F6361F702D947230681
:103D9000F5029307A002A305F5028327850A93E79E
:103DA00027002324F50A014582808347B5000326B6
:103DB000451163900714930750056398F600D9479F
:103DC0002306F50293073002F9B79717FF1F938771
:103DD00067808345460003C7A70383C7B7038348AB
:103DE00065146D8F2305E51403463600F18F0546F3
:103DF000A305F514331616016314C7002305051433
:103E0000034875148545B39505016394B700A30570
:103E100005140347A5148347B5145DCFD9CB93751B
:103E20002700B1C113F627001DCE930720202315CC
:103E3000F5140347A5148547B39717016314F700DA
:103E4000230505140347B5148547B3970701631489
:103E5000F700A305051485476398F60893076005E6
:103E60002308F50089B71376470001CA13F347000A
:103E700063050300930740405DBF058B19C713F727
:103E8000170001C7930710105DB7094781E5114777
:103E900011E205472305E51413F7270009C78947F1
:103EA000A305F51479B7918B99C39147D5BF854781
:103EB000C5BFB3570741858B81C72305B51495BF8F
:103EC0009377270089C789472305F5149DB7118B80
:103ED00091477DFB8547CDBFA9DF33D71741058BC0
:103EE00045DFA305C514B1B78327850A93E70710FB
:103EF0004DBD85476397F60083474600A305F5143B
:103F0000B1BF8327850A93E7072061BD05458280FD
:103F1000834665010D47AA8705456394E61483C669
:103F20000701130750050545639DE61203C7B70057
:103F30006319071283C6471403C7571403A6471112
:103F400033F5E6008345460019ED6396B600034558
:103F50003600630AE50023950714130770052388CC
:103F6000E70001458280ED8E2385D7140346360095
:103F700003C86714718F0546A385E714331606013D
:103F80006394C6002385071403C577148545B3954C
:103F9000A5006314B700A385071483C6A71403C73D
:103FA000B714C5CA41C793F526009DC913762700EB
:103FB00005CA130720202395E71483C6A7140547D5
:103FC000331707016394E6002385071483C6B714EB
:103FD00005473317A700E392E6F8A3850714B5BF9A
:103FE00013F6460001CA937847006385080013075B
:103FF0004040D1B7858A99C69376170081C61307CA
:10400000101055BF894681E5914611E2854623850A
:10401000D7149376270089C60947A385E71471BF93
:10402000118B19C31147D5BF0547C5BF33D7A6406C
:10403000058B01C72385B71449B713F7260009C7B5
:1040400009472385E71495BF918A1147FDFA054773
:10405000CDBF25D7B3560741858AC5DEA385C714D2
:10406000A9BF82808346B5000547AA870545639F9F
:10407000E60683C66701154705456399E60603C74B
:104080000701930650056306D70093068005631F5A
:10409000D70403C7A70283A5471113671700238519
:1040A000E70203C645001147636EC70083C63500AB
:1040B000636AD7001307F6FF1385F6FF718F758DBE
:1040C000498F11C705472388E7000145828003C750
:1040D000650003C555002385C7142207498F239621
:1040E000E714A385D7141307A005F1BF8280834787
:1040F000B50095E3834665010D478547639BE60060
:10410000034705016317F700930710062308F5001E
:1041100081473E8582808547EDBF0347650189471A
:104120006310F706832745119705FF1F83C5254FA9
:1041300083C7370013F6F70113D767009707FF1FF0
:1041400083C7D74D63EAC7008346E514A18A89C6B1
:10415000B3D6E540858A9DE6E9472306F502854703
:10416000B397E700ED8F8D8B794799C31307000252
:104170008327850AA305E50293E727002324F50A90
:1041800005458280230AE51403470501A309C514E8
:1041900085476318F700930760062308F50001457B
:1041A00082808327850A93E707402324F50AC5BF49
:1041B000034765018947631CF702832745110347BD
:1041C000050183C737002308F50285476318F70008
:1041D000930760072308F500014582808327850A3D
:1041E000056713070780D98F2324F50AF5B705451E
:1041F0008280834665010947AA870545639FE602D9
:1042000083C607011307500701456398E60203A719
:104210004711A166034737002388E70203A7070A6F
:10422000558F23A0E70A05472388E70003C7170136
:10423000136707F8A388E7008280828083466501C0
:104240001547AA8705456399E60C83C6070113073E
:10425000500805456392E60C03A7471183463700D3
:10426000A38DD71483064700A382D71603065700F1
:104270002380C716034767002382E71603C7871505
:1042800093754700B5CD8946A38CD71483A6070A3A
:10429000C1656D9BCD8E23A0D70A238CE71403C77D
:1042A000A7169376170085C29306F0076306D6001B
:1042B000136727002385E71603A7070AB70602003E
:1042C000558F23A0E70A1707FF1F1307A7300347DF
:1042D00037000145A387E70203C74703A380E7161A
:1042E00005472388E70003C7A70213671700238544
:1042F000E70203C71701136707F8A388E700828066
:10430000098B51DFC9DE03A7070AC166A38CA71476
:10431000558F23A0E70A61B7828083466501154760
:10432000AA8705456390E60A83A64711014503C69F
:1043300036001377060F59E71707FF1F0347572D5E
:10434000718F49C303C7660011482380E716838530
:1043500056000147A382B716130517003357E640EE
:10436000058B9378F50F15CF238D171503C74600DE
:10437000A38DE71403C78715937647009DC689462A
:10438000A38CD71483A6070A41666D9BD18E23A008
:10439000D70A238CE71403C747030145A380E71618
:1043A00082802A87E31A05FBD1B7098B6DD7E5D543
:1043B0000547A38CE71403A7070AC166558F23A0FE
:1043C000E70AD1BF8280834665011147AA87054568
:1043D0006393E60A83C5B7000545639EA50883A6D7
:1043E000471103C836006366050303C7460013057B
:1043F00010091306B7FF1376F60F636CC50003C6EA
:1044000056009306B6FF93F6F60F6364D50063710A
:10441000E6027947A385E702130780022386E702B5
:1044200003A7870A01451367270023A4E70A8280B0
:1044300083A6C710014593F6060895CE83C6471795
:104440006317B80293E61600238AD7169306000A6C
:10445000A38AE7163307D70283D6A7033347D702C9
:1044600083D6070485063697239BE7168280D99A60
:10447000238AD7168280828083270511E9C72547C2
:10448000A30AE50051472381E7000347451B8355F5
:10449000651B0356A51BA381E7000347551BA38299
:1044A000B7002382E70013D785002383E700034783
:1044B000851BA383E7000347951BA384C7002384C0
:1044C000E700135786002385E700834675140947E4
:1044D0006386E602032705109316470163C00602B0
:1044E0008566938686842E8763F3B60036874207F7
:1044F0004183A382E70021832383E7008346651479
:1045000009476386E602032705109316470163C037
:104510000602856693868684328763F3C6003687F3
:1045200042074183A384E70021832385E700834773
:10453000A50293E747002305F5029307000523082A
:10454000F500014582800545828083270511E9CB6E
:104550002547A30AE50055472381E7000347451B8C
:104560008355651B0356A51BA381E7000347551B15
:10457000A382B7002382E70013D785002383E700D7
:104580000347851BA383E7000347951BA384C7004C
:104590002384E700135786002385E70083467514BC
:1045A00009476380E6028566938686842E8763F3D7
:1045B000B600368742074183A382E7002183238325
:1045C000E7008346651409476380E60285669386A3
:1045D0008684328763F3C600368742074183A3840B
:1045E000E70021832385E7008347C507A30505026C
:1045F00099C78327050A93E707102320F50A832725
:10460000450A13974701635807007D771307F77F23
:10461000F98F2322F50A85472308F500014582809A
:104620000545828003476501AD476318F7024111D4
:1046300006C68347451783254511294693E7070199
:10464000230AF5168D051305D51797C0FE1FE780C1
:10465000205BB2400145410182800545828083474D
:10466000B500EDE7411122C406C603476501E147E5
:104670002A8405456318F70C0347040193070004D7
:104680006312F70C8325441105659306A5C703C77C
:10469000450083C7350022075D8F9307A7FFC20738
:1046A000C18363ECF60883C7650083C65500130514
:1046B00005C8A207D58F6362F50863E0E70803C663
:1046C000850083C675002206558E9306301F63E66B
:1046D000C60683C6A50003C89500A206B3E6060178
:1046E000636DD504130516003305E50213983600F3
:1046F0006345A80403C8B50013150801418163048C
:10470000080063ECA702231DC4042312A406231A85
:10471000E406231BF406231ED40483C7D50003C775
:10472000C5003146A207D98F2313F406B905130536
:10473000840697C0FE1FE780A04C930770042308EF
:10474000F4000145B2402244410182800545828047
:10475000411126C206C622C403476501E1478544CC
:104760006318F704832785102A848544898BA9C39D
:104770008347B50063919706EFE05FE68347040146
:10478000A305A40263979700930710042308F4007D
:1047900039A8130700046393E70293071004230862
:1047A000F4008347A40293E717002305F402814431
:1047B000B240224426859244410182808327040A24
:1047C00093E727002320F40A8347140193E707F8AF
:1047D000A308F400E9BF834715018D8B99CF930798
:1047E000A002A305F402BD472306F4028327840A2E
:1047F00093E727002324F40A5DBF834705016397ED
:104800009700EFE0BFDDA305A402BDBF13070002C0
:104810006390E702EFE09FDCA305A402814449F91D
:104820008327440A37070080D98F2322F40A49B727
:1048300013070004E39EE7F6930730025DB74111CA
:1048400026C206C622C48347B5008544A5E70347B0
:104850006501A5478544631FF7048327850FA18B56
:10486000B1CB832545112A8421468D0513050510FA
:1048700097C0FE1FE780C03883270410B73678083A
:104880009386060DDD8E8327441013E707018327E7
:10489000840FF58F2324F4108327C40FF98F232668
:1048A000F41083470401639D9700930710032308C6
:1048B000F4008144B2402244268592444101828022
:1048C0008327840A93E707012324F40ADDB7411103
:1048D00026C206C622C403476501A5478544631A5C
:1048E000F706034705019307000385446313F706A2
:1048F000832545112A8421468D051305051097C08F
:10490000FE1FE780E02F83270410B73678089386D0
:10491000060DDD8E8327441023089400A3050402AE
:1049200013E707018327840F8144F58F2324F410B4
:104930008327C40FF98F2326F4108327040A93E7F3
:1049400007022320F40A8347140193E707F8A3081A
:10495000F400B2402244268592444101828083477C
:10496000B50005476395E708411122C406C6834692
:10497000650125472A8405456390E606034704013F
:104980006310F706832544112146130504108D0595
:1049900097C0FE1FE780C02683270410B73678082B
:1049A0009386060DDD8E8327441013E707018327C6
:1049B000840FF58F2324F4108327C40FF98F232647
:1049C000F410930710032308F400834714010145F2
:1049D00093E707F8A308F400B24022444101828023
:1049E0008327840A93E707012324F40AF9BF0545C6
:1049F00082800347B5008547631CF704411122C438
:104A000006C626C203476501A1472A840545631CE3
:104A1000F70283244411130584121546938534004C
:104A200097C0FE1FE780C01D83C7940003C78400A2
:104A30000145A207D98F2317F4128347140193E786
:104A400027F8A308F400B240224492444101828036
:104A5000054582800347B50085476310F7168346F6
:104A600065015D47639CE614011126CA8324451144
:104A700022CC21462A84938534001305F51806CEEE
:104A800097C0FE1FE780C01783C7C40003C7B400E8
:104A9000A207D98FA30BF418A183230CF418EF00FD
:104AA000EFCC2AC4EF008FCC2AC62C001305841A41
:104AB000214697C0FE1FE780A01483C7F40003C7F8
:104AC000E4001305041BA2074207BA9703C70401B9
:104AD0002C001146BA9703C7D4006207BA97232463
:104AE000F40C83C7340103C72401A2074207BA9715
:104AF00003C74401BA9703C714016207BA97232278
:104B0000F40C0347941A8347A41A4207A207BA97E2
:104B10000347B41ABA970347841A6207BA97232047
:104B2000F40C0347D41A8347E41A4207A207BA9742
:104B30000347F41ABA970347C41A6207BA97232E99
:104B4000F40AA247374703001307D73FB387E702AA
:104B500037A72600130737ECBA973EC497C0FE1F4D
:104B6000E780000A83C7640103C77401A2074207F4
:104B7000BA9703C75401BA9703C784016207BA976B
:104B8000232EF40C0347241B8347141B4207A20760
:104B9000BA970347041BBA970347341B6207BA97B7
:104BA0002320F40E930710022308F400F24062441D
:104BB0008147D2443E850561828085473E8582805B
:104BC000034765019147631BF712411126C28324F5
:104BD000451106C622C403C7340001CB9307F7FF73
:104BE000F98F81E79377070F8DC793070002A3051D
:104BF000F502930730022306F5028327850A93E71F
:104C000027002324F50AB240224492440145410181
:104C1000828083C554009306E0078147114663975D
:104C2000D500F947E9B7B687638CC60093861700AD
:104C3000B357F740858B93F5F60FF5D7230DB514D1
:104C4000838744002A84B5C3A30EF51403053514E5
:104C50003387A7001375F50F635AF0008307F41527
:104C600063DAE700898FA30EF41429A08307E41503
:104C7000E34AF7FE8347D4153E9562056185352FDB
:104C80002301A414E92583473414A301A414B30712
:104C9000F540A30EF41415278347A41503473414D5
:104CA0002301A414A297A382E71683074403830673
:104CB0002416014763D5F600958F13F7F70F230EDF
:104CC000E41483C7540005472300F4168347040106
:104CD0006397E700930760F82308F4002DB71307E4
:104CE00050086396E700FD57230EF414E5B78327B9
:104CF000840A0967D98F2324F40A31B705458280D5
:104D000003476501A547631EF704411122C406C687
:104D100083460501130700052A8485476397E60249
:104D2000EFE07FA005E98327040AA305040293E7C7
:104D300007102320F40A8347140193E707F8A30818
:104D4000F40085472308F4008147B24022443E85A1
:104D5000410182808347A40293E717002305F402F0
:104D6000D9BF85473E85828003476501A547630912
:104D7000F700054582800545B2402244410182800A
:104D800083278510411122C406C693F707022A849F
:104D9000FDD3EFE05F998547E30FF5FC034704017E
:104DA0006318F700930710052308F4000145E9B7DD
:104DB0008327840A93E707082324F40AC5BF05451F
:104DC00082800545828005458280054582800545B3
:104DD0008280054582800545828005458280834723
:104DE000C500A30A0500F19B93E717002306F50011
:104DF0000325051113351500828017F7FE1F0347A1
:104E0000D76D9547630BF70097F7FE1F9387876C65
:104E100083C777000D47631FF70097F7FE1F83C70F
:104E2000F76B639407129307601017F7FE1F2317A1
:104E3000F76A8280411126C297F7FE1F9387877910
:104E400097F4FE1F9384C46A22C4E05F9C404AC06A
:104E500006C623A20706096798C7194597F7FE1FDC
:104E6000238C0766EF00F01A97F7FE1F9387C7653C
:104E7000944337C7898E130767ED98C63757550097
:104E800013075755D8C2034724029306F00F3E89F3
:104E90006307D700FD57A300E4022301F402034592
:104EA000140289476303F5000145984001469305C4
:104EB000F00F5C4393E717005CC3930710FA2305D8
:104EC000F400994717F7FE1FA309F76097F7FE1F35
:104ED0002382076097F7FE1F23800760792D97F7DD
:104EE000FE1F938727669443DC56F59BDCD6832709
:104EF0000900034794001376F7079843137707F8E0
:104F0000518F98C317F7FE1FA308075C904017F74F
:104F1000FE1FA301075C054718C298431377F7E704
:104F200098C398431377F7E71367071098C39C4615
:104F300037073300B240D98F22449CC69307900DA7
:104F40003CCA92440249410182808280411106C6D6
:104F500022C417F7FE1F0347775897F7FE1F938762
:104F6000675701CF97F6FE1F83C6465709476396DA
:104F7000E60017F7FE1FA303075603C77700A146F5
:104F80006387E60003C777009D46639DE60083C7FD
:104F9000770017F7FE1F2303F754854717F7FE1F07
:104FA000A30EF752EF00807E97F7FE1F938787626C
:104FB000E05F6840231504002304040097D0FE1F1F
:104FC000E78020AF91452310040423220404232406
:104FD000040417F5FE1F0345552DEF002FC7A1450B
:104FE00017F5FE1F0345752CEF004FC6034514034C
:104FF0009307F00F6307F500EF004FCAFD57A308B2
:10500000F402034504039307F00F6307F500EF0074
:10501000EFC8FD572308F402B240224441018280C8
:10502000011126CA97F4FE1F9384C45A22CC03A40C
:10503000040C4AC84EC652C456C206CE2A898149BB
:10504000130A2500854A29E893057025314597D034
:10505000FE1FE780E0982A8401453DC08347190080
:10506000194693052900A300F4001305240097C0F6
:10507000FE1FE780E0B883A7040CA1EF97F7FE1F9F
:1050800023AA87602324040083C7C40B850717F76E
:10509000FE1F230FF75E25A0034714008347190066
:1050A0006305F700A289004479BF1946D28513052C
:1050B000240097C0FE1FE780A0BDE31555FF0545FE
:1050C000F2406244D2444249B249224A924A0561BE
:1050D0008280E38909FA23A489006DB797F7FE1F40
:1050E0009387474F03A5070C11E997F7FE1F23A3EA
:1050F000075A97F7FE1F238D07588280411106C675
:1051000022C4004597D0FE1FE780A09A228575F83B
:10511000B240224497F7FE1F23AE075697F7FE1FB3
:10512000238807564101828097F7FE1F9387874A9D
:1051300023A0070C238E070A8280011122CC17F4CA
:10514000FE1F1304E43A184006CE26CA2EC632C407
:105150003C4BAA84354593F7F7F73CCB5D2D1840BF
:1051600026853C4B93E707083CCB2246B24597C0C7
:10517000FE1FE780C0F5F2406244D244014505615C
:10518000828017F7FE1F1307A7361443BC4A93F714
:10519000F7F7BCCA0100010018431605136505089E
:1051A0003C4B93E707083CCB97F7FE1F938787316B
:1051B0009C4303A7450E88C398CB03A7850E0145E2
:1051C000D8CB03A7C50B98CF03A7050CD8CF03A74F
:1051D000450C98D303A7850CD8D303A7C50C98D743
:1051E00003A7050DD8D703A7450D98DB03A7850DA9
:1051F000D8DB03A7C50D98C703A7050ED8C79843EA
:105200001367070498C3828017F7FE1F1307472E02
:105210001443BC4A93F7F7F7BCCA010001001843D6
:105220001605136505083C4B93E707083CCB97F739
:10523000FE1F938727299C4303A7C50E88C398CBDD
:1052400003A7050F0145D8CB03A7C50B98CF03A72C
:10525000050CD8CF03A7450C98D303A7850CD8D34A
:1052600003A7C50C98D703A7050DD8D703A7450DED
:1052700098DB03A7850DD8DB03A7C50D98C703A747
:10528000050ED8C798431367070498C3930700F81F
:1052900017F7FE1F2303F724828017F6FE1F13065D
:1052A000A6221C42B7068000B7150180984393855B
:1052B00085E7558F98C39843B7060010558F98C35C
:1052C0001307001DD8DB17F7FE1F0347A70493162B
:1052D0009701CD8ED4D7D457B70500821377F70343
:1052E000FD15ED8E6607558FD8D737170040930709
:1052F00070052300F704930780FA2300F70497F65C
:10530000FE1F83C62601B54763FBD70283572702DA
:1053100093E707012311F7021842B70709009387A3
:1053200037081CD337E700E0D147A309F70497C734
:10533000FE1F9387270693E717007CD78280835749
:105340002702C207C183BD9BC207C183E1B7930790
:10535000C00363E2A706130780029547636BA704A7
:10536000714791476367A70459478D476363A70453
:1053700049478947636FA70239478547636BA7028F
:10538000314781476367A7022947FD576363A70237
:105390002147F557636FA7001947ED57636BA700C7
:1053A0000D47E1576367A7000547C1576373A7001F
:1053B000D1573E8582809947EDBFC5576340F506BA
:1053C00055578947634AE504655791476346E504A5
:1053D00071579D476342E5047957A547634EE5023F
:1053E000AD47634B0502B54705C90547BD47630592
:1053F000E5020947CD476301E5020D47DD47630D2F
:10540000E5001147F5476309E50015479307D00309
:105410006314E500930790023E8582808547EDBFC7
:1054200097F7FE1F9387870A9C4399CB944BD04BE9
:105430009842518F98C294439C479842D98F9CC2FE
:1054400097F7FE1F9387470817F6FE1F1306460AB5
:1054500005489C4317F7FE1F034767081442631271
:105460000505884375787D183375050188C3C846DE
:10547000F977FD17E98FDCC6010001001442896746
:10548000AD059CC6930700F817F6FE1F2306F60429
:10549000939725009305E709BE958605ECD2C8C60B
:1054A00082807578137325009308F8FF630B030857
:1054B00003A8070089050D4333781801896833680C
:1054C000180123A0070151781307E70B8E057D18FB
:1054D000631165048843337505011168336505015F
:1054E00088C3C846F977FD17E98FDCC601000100C3
:1054F0001C42930600F89385750D23A4170117F637
:10550000FE1F230BD6FC8605BA958605ECD3C8C7CB
:10551000828088433375050188C3C846F977FD1733
:10552000E98FDCC6010001001C42930600F8938558
:10553000A50423A4170117F6FE1F230FD6F88E0526
:10554000E1B788430568337515013365050188C3E4
:10555000C846F977FD17E98FDCC6010001001C423F
:105560008966A90594C7930600F817F6FE1F230560
:10557000D6F68E051307E70941BF97F7FE1F9387FD
:10558000E7F49C4389CFD44303A88700984233674C
:10559000070198C2D447DC4B9842D98F9CC297F739
:1055A000FE1F938767F297F6FE1F83C666F2137796
:1055B00025009C43858A25CB984375757D15698F99
:1055C0000965498F98C3370709001307670898D3FF
:1055D000372730084517D8CB3717030013079761D3
:1055E00098CF0D671307E78D98D73767000113072A
:1055F0000731D8D385C637A73F001307F74D9E055F
:1056000098CB9385453697F7FE1F23ABB7EC11C6B1
:10561000060697F7FE1F23A5C7EC828037273700C1
:105620001307F72DE9BF370709001307370898D389
:105630003727100813071790D8CB37170300130725
:10564000476298CF0D671307E78B98D7376700013C
:1056500013070731D8D385C637A73F001307E72CB8
:1056600098CB75779306F7FF984305489505758F96
:10567000631C050198C38E059385C50369B7372759
:1056800037001307072DE9BF8566558F98C392052C
:10569000E5B711C937170040835787012168B3E781
:1056A0000701231CF7008E0597F7FE1F2389B7E239
:1056B00097F7FE1F938747E122069C43498E4D8E44
:1056C000B70510004D8EF0D3F85313674700F8D399
:1056D000984391C6B7060020558F98C38280B706BD
:1056E00000E0FD16758FD5BF411106C617F7FE1FE6
:1056F0000347C7DEA1476310F70497F7FE1F83C770
:1057000067DF858B17F6FE1F0346F6E097F6FE1F50
:1057100083C666E0B5C797F7FE1F9387A7DFC84328
:1057200025C1834515000905B92D11C5854717F712
:10573000FE1FA305F7DA17F7FE1F034727DA99477D
:10574000631CF70097F7FE1F9387C7E8FC5F83C7CA
:10575000B70095CBEFF06FEA17F7FE1F034707D8A6
:105760009D476312F70297F7FE1F9387A7E683A76B
:10577000070983C7770081CBB24041016FB0304643
:105780008145014555B7B2404101828017F7FE1FA0
:10579000130707D61C43B44BE19AB4CB944393E66A
:1057A000860094C39C438D83858B89C701000100CB
:1057B0000100010097F7FE1F938707D194439C4295
:1057C00093F7F7E793E707089CC297F7FE1F9387C5
:1057D00067D79043B706CEFFFD161C46F58F1CC653
:1057E0001C4313070008B8CB97F7FE1F938707CE1B
:1057F0009C4399CBD44390479842518F98C2944B85
:10580000DC4B9842D98F9CC297F7FE1FA38707CC29
:10581000828097F7FE1F9387A7CD9C439C438D8B77
:10582000F9CB411122C426C206C617F7FE1F034753
:10583000D7CA8D47AA8417F4FE1F1304A4C9631B9B
:10584000F70097F7FE1F9387E7CA9C4B01468145F7
:105850004545829719476392E40497F7FE1F83C773
:10586000F7C799CB97F7FE1F83C747C76396970083
:1058700097F7FE1FA38407C6834774002147631868
:10588000F7009307801017F7FE1F2319F7C422446F
:10589000B240924441016FF07FEF9D47639FF40057
:1058A00097F7FE1F83C797C3E1DB17F7FE1F034778
:1058B000E7C28D47E312F7FC65BF83467400630BB4
:1058C000D700034774006387E700834774002147CC
:1058D000E31FF7FA97F7FE1F83C757C0CDFB834737
:1058E000740017F7FE1F230BF7BE854717F7FE1F3F
:1058F000A306F7BE69BF8280011122CC2A8411451C
:105900002EC632C436C206CEEFF0BFF097F7FE1FA8
:10591000938787BB9C43B7083300D857719B1367A5
:105920001700D8D717F7FE1F130787BC08431307C4
:10593000000A78D198431377F7E798C39843137711
:10594000F7E71367071098C317F7FE1F130787BF02
:105950001843B2459246032887002246336818014F
:10596000232407011308A00D23280505D9CD4C5782
:1059700013640404F5994CD71377F4078043137428
:1059800004F8598C3747767180C31307971298C76C
:10599000375755001307575517F4FE1F130484B3E8
:1059A000D8C35C48B6853CD997F7FE1F238507B25C
:1059B00097F7FE1FA38107B25C41F99B5CC1914739
:1059C000014517F7FE1FA30AF7B097C0FE1FE78037
:1059D00000AF97F7FE1F938767AF984311C75443F3
:1059E00018479C42D98F9CC283473400858B91CB4A
:1059F00097F7FE1F83D787BE850717F7FE1F231F64
:105A0000F7BCF2406244056182804C57F5994CD74F
:105A10001377F4078043137404F8598C37C7898EC1
:105A200080C3130767EDA5B7011126CA4AC84EC641
:105A3000C1643709006AB70900AC22CC52C406CE53
:105A40000544FD141309690E9389E90C130A000239
:105A500005E49305000F4145EFF0FEFEB7B7006A7D
:105A60004205938767CE5D8DF2406244D24442493D
:105A7000B249224A05618280A6850145EFF0FEFE0B
:105A80009317850013F7071033E5270119C333E592
:105A9000370181470147E145B356F5008507335685
:105AA000F500858A058A6307D60005071377F70F87
:105AB00063E4E504E39247FF81471306F003ED46F4
:105AC0003357F5001377F70305CB6307C702850744
:105AD000E398D7FE135785009377F50F1377F70FE9
:105AE000E394E7F8135705011377F70FE39EE7F602
:105AF00013578501E39AE7F605041374F40F89BF81
:105B000017F7FE1F0347779DA547630BF70C97F721
:105B1000FE1F9387279C83C7770011476302F70C0A
:105B200097F7FE1F9387079A9843B7C7004093875C
:105B300007306317F70A4111354506C622C426C24D
:105B40004AC0EFF01FCD17F9FE1F1309E997292A64
:105B5000B529EFF08FF483270900F576FD169843F9
:105B600097F4FE1F9384049E17F4FE1F13044498B9
:105B7000758F98C39843B70633001377F7E798C338
:105B800098431377F7E71367071098C398401C47AB
:105B9000D58F1CC71C401307D00DB8CB952DEF1027
:105BA000E03945230D2D032709001C4393F7F7E740
:105BB00093E707081CC394403707CEFF7D179C4628
:105BC000B2409244F98F9CC61C401307000822443F
:105BD000B8CB97F7FE1FA38207900249410182804C
:105BE000828097F7FE1F2385078E97F7FE1F23AF4E
:105BF000078CB7C700401387073097F6FE1F23A313
:105C0000E68C1387072097F6FE1F23A3E68E938763
:105C1000071037D70040411197F6FE1F23A4E692E4
:105C200017F7FE1F2322F78A06C617F7FE1F130772
:105C3000678A8547A303F70097E7FE1F9387476CA2
:105C40009C431CCF938707115CCBEFF07FEBB7E74A
:105C500000E037071000B24023A0E710370720000C
:105C600023A0E7104101828097F7FE1F93874788A2
:105C70009C431307C00893066007D8CBD4CFD8D372
:105C80001306C003D0D7D8DBD0DFF8C317F7FE1F49
:105C900013074784184FF4C7F8DB41677D1798C78F
:105CA0003D673D07D8C737E700E0D5472309F7042C
:105CB00097C7FE1F938787CA93E717003CD7828058
:105CC00097F7FE1F93870788984317F6FE1F130662
:105CD000668297E7FE1F9387277F944383471600CA
:105CE00013F8F707D9C588425C42137505F8336588
:105CF000050188C213F5150001C993F50503414557
:105D00006396A506938707834C574168130808A03C
:105D100093E525004CD7B3D50703B70810FEFD184F
:105D2000B3F70703FD89139545016C43B3F51501DE
:105D3000C98D6CC39305A00F3705FCFFAA07B3D725
:105D4000B7026C43E98DBA07B983CD8F7CC3834713
:105D50000600898B99CB9C4293F7F70713E707045A
:105D60009C4293F707F8D98F9CC28280938787C1A2
:105D700061BF5C57F59B5CD79C4293F707F8B3E78C
:105D800007019CC2E9B797F7FE1F9387A78483A7F3
:105D9000470A91CF054582800545F2406244D244CE
:105DA0004249B249224A924A024B0561828001115E
:105DB00026CA97E4FE1F9384E4739C4406CE22CC4B
:105DC0004AC84EC652C456C25AC0F9D717E9FE1F78
:105DD000130909728327090098430D8B05C3B84B3B
:105DE000619BB8CB98431367870098C39C438D830E
:105DF000858B89C7010001000100010097E7FE1FA4
:105E000083C70772918BB68A328BAE892A8A17E4D0
:105E1000FE1F1304247089EB97E5FE1F83C5856D73
:105E200093F7050463910716814517E5FE1F0345A7
:105E3000756CEFF0FFE817E5FE1F0345A56B1185B4
:105E4000014697E5FE1F83C5A56C0D89EFF0EFF2C3
:105E500017E6FE1F1306466798441C4298C7D844AD
:105E6000D8C383C7040003270900B28493F6170040
:105E70005C43F99BD58F5CC397E7FE1FA38D6769D1
:105E800097E7FE1F238957695C43858BB1CF5C4040
:105E900085E317E5FE1F0345B567930590040905E3
:105EA00097C0FE1FE780C0B397E7FE1F23A6A76633
:105EB0005C40E38307EE17E7FE1F0347C7652380B7
:105EC000E7005C4063070A0C6385090CA380370177
:105ED00048404E86D285090597B0FE1FE78040D224
:105EE000832709005840B8DB3545EFF09F92834780
:105EF000E40093E7470017E7FE1F2304F7629307C8
:105F0000000417E7FE1F2307F75C97E7FE1F2385B2
:105F1000075CA14717E7FE1FA301F75C97E7FE1F89
:105F20009387073E9C5791CB13060064C14517E544
:105F3000FE1F0345255FEFF02EAF9840B7063300F4
:105F400001451C4393F7F7E71CC31C4393F7F7E79E
:105F500093E707101CC397E7FE1F9387A75E98433C
:105F60001C47D58F1CC7832709001307900DB8CB9A
:105F700017E7FE1FA302075617E7FE1FA30C0754DF
:105F8000054798C319BD93F5050393E51500C8406F
:105F90004DB5A3800700A9B797E7FE1F9387875ADF
:105FA0009443056713071710D8C6514701007D17A2
:105FB00075FF984323260700514701007D1775FFA1
:105FC00098438567938717105CC78280411106C686
:105FD000EFF09FFC97E7FE1F9387C7569C4313077C
:105FE00000483703009098D7B8477D13370E00203C
:105FF000337767003367C701B8C7B847B70600F9FA
:10600000FD16758F37060004518FB8C7B84737069D
:10601000F9FF7D16419B13679700B8C7B847B708CB
:106020000080B70E0002718FB8C7B847370600FF6F
:106030007D1633671701B8C7F84745757D1E619B0C
:1060400013673700F8C7F8471377F7F813670703A4
:10605000F8C7EC4793F5F58F93E50530ECC7F847A3
:10606000718FF8C7F84711663367D701F8C703A8DF
:1060700007051307F5FF7D753378E8003368C8001E
:1060800023A8070503A847057D15137808FF1368A3
:10609000C80023AA0705F04B13660608F0CBF04BA7
:1060A000698EF0CBC85F798D2167598DC8DFCC5FD1
:1060B00037070040F58DB3E5D501CCDFD05FB705DC
:1060C00070003376C601598ED0DFD05709674D8EE8
:1060D000D0D7D057F18ED4D7D45775767D16F18EA0
:1060E000D98ED4D7D4573706FDFF7D163707020067
:1060F000F18ED98ED4D7945BC19A94DB945B93F6DE
:10610000F6F094DB945B93F6F68F94DB985BB7061E
:1061100000504D8F98DB985B33776700558F98DB85
:10612000985FB70608FFFD16758FB7068800558F74
:1061300098DF985FB368170123AC1703B2404101A1
:10614000828017E7FE1F1307E73F1C4341767D1649
:10615000B44BF18EB4CB944737062000D18E94C750
:10616000D44793E60601D4C7D447BD9AD4C70100EB
:1061700001000100010014430566DC4693E70701B6
:10618000DCC6DC42D18FDCC297E7FE1F938747361F
:106190009043930700057CD27C5291C783A7C60920
:1061A000A183858BF5DB01000100010001001C4388
:1061B000416603A7C709B44BD18EB4CB9376F701E0
:1061C000B84B019B558FB8CB9847B706E0FFFD163B
:1061D000758F98C7828097E7FE1F9387A7369C43E9
:1061E00041777D17B44F4166F98EB4CF9447D18E75
:1061F00094C7D44793F6F6EFD4C7D443758FD8C36A
:10620000D44793E60610D4C7D843518FD8C38280B1
:10621000397122DC17E4FE1F1304C4321C4006DE71
:1062200026DA4AD84ED652D456D25AD05ECE62CC56
:1062300066CA6AC86EC6D843FD76FD161377F7EFB7
:10624000D8C39857758F98D7D857B70602003D9B8B
:10625000D8D79847558F98C7D84313670701D8C335
:1062600017E7FE1F1307872D144337573412130700
:106270008767E38FE64AD84381749384F40F799B50
:10628000D8C3985FB166938606F0658F558F98DF07
:10629000D84313671700D8C397B0FE1FE780A070DC
:1062A0001C4003A707091377F703238DE19603A783
:1062B000470929831377F707A38DE196D843B96679
:1062C00093860670799BD8C3985F658F558F98DF4A
:1062D000D84313671700D8C397B0FE1FE780A06CA0
:1062E0001C4003A707091377F70397E6FE1FA38D4A
:1062F000E62403A7470929831377F70797E6FE1FCC
:106300002380E624D843B56693860630799BD8C3AC
:10631000985F658F558F98DFD84313671700D8C3F0
:1063200097B0FE1FE780206818408327070993F77E
:10633000F70397E6FE1F2389F62083274709A983E1
:1063400093F7F70717E7FE1F2308F71E1C4017EC0B
:10635000FE1F034C6C1F83C6A19703A7070AB386D1
:10636000864113F6F600419B518F23A0E70A1307DD
:1063700060023387E6021306700283A5070A7D7E5A
:10638000130EFE0F93F5F5F01305400245737D13D0
:10639000130430023347C702B708F1FFFD18130892
:1063A0002002930E10027D4FF94FF542F1436D4DDF
:1063B000D14B454BBD443949314AAD4AB5493D8B76
:1063C00012074D8F9305500223A0E70A3387B602C8
:1063D00083A5070AB3F5C5013347C7023D8B2207E2
:1063E0004D8F23A0E70A3387A60283A5070A370546
:1063F00000F17D15B3F565003347C7023D8B3207C9
:106400004D8F23A0E70A3387860283A5070A6144DC
:10641000B3F515013347C7023D8B42074D8F23A0CB
:10642000E70A3387060383A5070A370810FF7D189C
:10643000B3F505013347C7023D8B52074D8F23A0AB
:10644000E70A3387D60383A5070AB70E0010FD1E9F
:10645000E98D3347C7023D8B62074D8F23A0E70AC2
:10646000139756003347C7029315C70103A7070ABE
:106470003377D7014D8F23A0E70A3387E6035D4FBB
:106480003347C7029375F70003A7470A419B4D8F17
:1064900023A2E70A3387F60383A5470AD94F93F56A
:1064A000F5F03347C7023D8B12074D8F23A2E70A51
:1064B0003387560283A5470AD542B3F5C501334752
:1064C000C7023D8B22074D8F23A2E70A338776024E
:1064D00083A5470ACD43B3F565003347C7023D8B1B
:1064E00032074D8F23A2E70A3387A60383A5470A05
:1064F000494DB3F515013347C7023D8B42074D8F18
:1065000023A2E70A69473387E60283A5470AB3F562
:1065100005013347C7023D8B52074D8FE54523A246
:10652000E70A3387B60283A5470AE98D3347C702D6
:106530003D8B62074D8F23A2E70A338786020D4405
:106540003347C7029315C70103A7470A3377D7011B
:106550004D8F23A2E70A3387E603254F3347C7024F
:106560009375F70003A7870A419B4D8F23A4E70A81
:106570003387F60383A5870A9D4F93F5F5F03347DC
:10658000C7023D8B12074D8F23A4E70A33875602BB
:1065900083A5870A9942B3F5C5013347C7023D8BEE
:1065A00022074D8F23A4E70A3387760383A5870A42
:1065B000B3F565003347C7023D8B32074D8F23A4E7
:1065C000E70A3387760283A5870A9543B3F5150159
:1065D0003347C7023D8B42074D8F23A4E70A338719
:1065E000A60383A5870A294DB3F505013347C702E2
:1065F0003D8B52074D8F23A4E70A3387660383A59B
:10660000870AE98D3347C7023D8B62074D8F93950B
:106610004600B3C5C50223A4E70A03A7870A337758
:10662000D701F2054D8FB385960223A4E70A03A78D
:10663000C70A419BB3C5C502BD894D8F23A6E70A92
:106640003387260383A5C70A93F5F5F03347C702BE
:106650003D8B12074D8FB3C5860223A6E70A03A719
:10666000C70A3377C701BD89A2054D8F23A6E70A64
:106670003387460383A5C70AB3F565003347C702CE
:106680003D8B32074D8F23A6E70A3387560383A538
:10669000C70AB3F515013347C7023D8B42074D8F3B
:1066A00023A6E70A3387A60383A5C70AB3F5050126
:1066B0003347C7023D8B52074D8F23A6E70A338726
:1066C000E60383A5C70AE98D3347C7023D8B6207FE
:1066D0004D8F93953600B3C5C50223A6E70A03A7DD
:1066E000C70A3377D701F2054D8FB385F60323A68A
:1066F000E70A03A7070B419BB3C5C502BD894D8FB0
:1067000023A8E70A3387560283A5070B93F5F5F014
:106710003347C7023D8B12074D8F23A8E70A338703
:10672000760283A5070BB3F5C5013347C7023D8B3E
:1067300022074D8F23A8E70A139726003347C70285
:1067400083A5070BB3F565003D8B32074D8FB3C5AD
:10675000360323A8E70A03A7070B33771701BD8980
:10676000C2054D8F23A8E70A139716003347C702C7
:1067700083A5070BB3F505013D8B52074D8FB3C5BC
:10678000C60223A8E70A03A7070B698FBD89E205A4
:106790004D8F23A8E70A03A7070B930580023377E1
:1067A000D70123A8E70A17E7FE1F0347F7D93307E6
:1067B000EC40B34DB70283AC470B93FC0CFFB34BDB
:1067C000770393FDFD00B3ECBC0123AA970B83ACC8
:1067D000470BCD4D93FCFCF093FBFB00920BB3EB0E
:1067E0007C0123AA770BB30B870283AC470BB3FC66
:1067F000CC01B3CBBB0293FBFB00A20BB3EB7C0140
:10680000B34CA70323AA770B83AB470BB3FB6B00F7
:1068100093FCFC00B20CB3EB9B0123AA770BA14BBA
:10682000B34B770383AC470BB3FC1C0193FBFB001A
:10683000C20BB3EB7C0123AA770BB30B570283ACDB
:10684000470BB3FC0C01B3CBBB0293FBFB00D20B99
:10685000B3EB7C0123AA770BB30BF70383AC470B95
:10686000B3FCAC00B3CBBB0293FBFB00E20BB3EB7E
:106870007C01B34C770223AA770B83AB470BB3FBA6
:10688000DB01F20CB3EB9B01B30CE70323AA770BFC
:1068900083AB870B93FB0BFFB3CCBC02B30A57034C
:1068A00093FCFC00B3EB9B0123AC770B914B83ACC7
:1068B000870B93FCFCF0B34B7703330A470393FB3E
:1068C000FB00920BB3EB7C0123AC770B83AB870B04
:1068D000D54CB3FBCB01B3CABA02B309370393FA61
:1068E000FA00A20AB3EA5B0123AC570B83AA870B19
:1068F000D94BB3FA6A00334ABA0233092703137A31
:10690000FA00320A33EA4A0123AC470B03AA870B89
:10691000E14A337A1A01B3C9B902B304970293F971
:10692000F900C209B3693A0123AC370B83A9870B7D
:10693000654AB3F909013349B902B3C4B402137902
:10694000F900520933E9290123AC270B03A9870B6E
:10695000E9493379A900330B6703BD88E204B364C6
:1069600099001319470023AC970A83A4870BB3F44B
:10697000D4013349B902334BBB027209B3E4240199
:1069800023AC970A83A4C70BC198137BFB0033EB9E
:106990006401C944B304970223AE670B03A9C70B74
:1069A0005D4B1379F9F0B3C4B402BD889204B364AB
:1069B000990023AE970AB304B70303A9C70BF54D9B
:1069C0003379C901B3C4B402BD88A204B364990089
:1069D00023AE970A8944B344970203A9C70B3379BE
:1069E0006900BD88B204B364990023AE970AB3046A
:1069F000970303A9C70BF94C33791901B3C4B40247
:106A0000BD88C204B364990023AE970AB304770328
:106A100003A9C70BFD4B33790901B3C4B402BD8888
:106A2000D204B364990023AE970AB304670303A9A1
:106A3000C70B130B10023379A900B3C4B402BD888D
:106A4000E204B364990023AE970AB304570303A981
:106A5000C70B930A20023379D901B3C4B402F204FC
:106A6000B364990023AE970AB304470303A9070C44
:106A7000130A3002137909FFB3C4B402BD88B364AA
:106A8000990023A0970CB304370303A9070C9309BB
:106A900040021379F9F0B3C4B402BD889204B36420
:106AA00099006D4923A0970CB304270303A9070C91
:106AB0003379C901B3C4B402BD88A204B364990098
:106AC00023A0970CF144B304970203A9070C337970
:106AD0006900B3C4B402BD88B204B364990023A0B2
:106AE000970CB304B70303A9070C33791901B3C496
:106AF000B402BD88C204B364990023A0970CB30408
:106B0000970303A9070C33790901B3C4B402BD8804
:106B1000D204B364990023A0970CB304770303A9AC
:106B2000070C3379A900B3C4B402BD88E204B3648E
:106B3000990023A0970C93145700B3C4B40213997F
:106B4000C40183A4070C3306C702B3F4D401B3E431
:106B5000240123A0970C03A9470C137909FFB30460
:106B60006703B3C4B402BD88B364990023A2970C31
:106B7000B304570303A9470C1379F9F0B3C4B40263
:106B8000BD889204B364990023A2970CB304470311
:106B900003A9470C3379C901B3C4B402BD88A20468
:106BA000B364990023A2970CB304370303A9470CDD
:106BB00033796900B3C4B402BD88B204B3649900E8
:106BC0001309500223A2970CB304270303A9470C0F
:106BD00033791901B3C4B402BD88C204B364990007
:106BE00023A2970C93046002B304970203A9470CF5
:106BF00033790901B3C4B4023346B602BD88D20466
:106C0000B364990023A2970C83A4470CE98C3D8AB6
:106C10006206458E23A2C70C03A6470C9314C70136
:106C20003376D601458E23A2C70C13069002330695
:106C3000C70283A4870CC1983346B6023D8A458EAD
:106C400023A4C70C1306A0023306C702B345B6023D
:106C500003A6870C1376F6F0BD899205D18D23A487
:106C6000B70C97E5FE1F83C5258D17E6FE1F03466B
:106C7000268D3386C540B304A60303A9870C337958
:106C8000C901B3C4E40293E48400BD88A204B364E0
:106C9000990023A4970CB304E60303A9870C337966
:106CA0006900B3C4E40293E48400BD88B204B36411
:106CB000990023A4970C93143600B3C4E40203A9EB
:106CC000870C3379190193E48400BD88C204B3644E
:106CD000990023A4970CB304F60303A9870C337916
:106CE0000901B3C4E40293E48400BD88D204B36410
:106CF000990023A4970CB304560203A9870C337997
:106D0000A900B3C4E40293E48400BD88E204B36440
:106D1000990023A4970CB304760203A9870C337956
:106D2000D901B3C4E40293E48400F204B36499008B
:106D300023A4970C93142600B3C4E40203A9C70C40
:106D4000137909FF93E48400BD88B364990023A6F6
:106D5000970CB304860203A9C70C1379F9F0B3C4E6
:106D6000E40293E48400BD889204B364990023A6EE
:106D7000970C93141600B3C4E40203A9C70C33792B
:106D8000C9013347E60293E48400BD88A204B364DA
:106D9000990023A6970C03A6C70C337666001367E9
:106DA00087003D8B3207518F23A6E70C03A7C70C42
:106DB0003377170123A6E70C03C7B1970D8F33462E
:106DC000D70293F5F507E2053D8A9314460103A621
:106DD000C70C3304870233760601458E23A6C70C01
:106DE0001316170083A4C70CE98C3346D6023D8ADC
:106DF0006206458E23A6C70C03A6C70C3344D402F3
:106E0000B37ED60113162700B3037702720433E46E
:106E10008E0023A6870C3346D602B3025702937E18
:106E2000F60003A6070D419A3366D60123A8C70CC6
:106E300003A6070DB3C3D3021376F6F0B3C2D20292
:106E400093F3F3009203B363760023A8770C03A6B1
:106E5000070D337EC601B30FF70393F2F200A202CF
:106E6000B3625E0023A8570C03A6070D33736600B8
:106E700013163700B3CFDF02330FE70393FFFF0092
:106E8000B20FB36FF30123A8F70D03A3070DB37877
:106E900013013346D602330DA7033D8A420633E67B
:106EA000C80023A8C70C03A6070D33780601334F8B
:106EB000DF02B346DD02137FFF00520F336FE8019C
:106EC00023A8E70D03A7070D798DBD8AE206C98EB9
:106ED00023A8D70CD84385663D9BD8C3D843799B5C
:106EE000D8C39857558F98D7D857B7060081FD1645
:106EF00013670701D8D71377FC0303AC8703137C10
:106F00000CFC336CEC0023AC8703985F758FD98D34
:106F10008CDF6254F250D2544259B259225A925ADA
:106F2000025BF24B624CD24C424DB24D21618280E9
:106F300097D7FE1F23A407606FF04FC197D7FE1F9E
:106F40009387476098435C4393E707105CC3828054
:106F5000411106C6EF00607093056040EF20A00865
:106F6000B2400145410182806F00E07419C591C5AE
:106F700009C68357060001459DE301110565C94710
:106F80001306F100130555C3854506CEA307F1008E
:106F9000EF202005F2400345F100056182808280E8
:106FA000011197D7FE1F238DA76605651306F10013
:106FB000130595C4854506CEA3070100EF206002A6
:106FC000F2400345F1000561828001111305910033
:106FD00006CEEF00C0702304A10005653000250532
:106FE0009D45EF200000F24003458100056182804D
:106FF00001111305D10006CEEF00A0702306A100F9
:107000000965700009059145EF10B07DF240034518
:10701000C10005618280011106CEEF00E070A30778
:10702000A10009651306F10015058545EF10707B79
:10703000F2400345F10005618280011106CEEF00A8
:10704000A079A307A10009651306F100290585456C
:10705000EF103079F2400345F100056182800111A3
:1070600006CEEF001007A307A10009651306F10083
:1070700039058545EF10F076F240014505618280C3
:10708000011106CEEF005040A307A10009651306C9
:10709000F10041058545EF10D074F2400345F10041
:1070A00005618280011106CEEF00301EA307A1000A
:1070B00009651306F10045058545EF109072F24011
:1070C0000345F10005618280411106C622C4EF002C
:1070D00090248965CD052A84EF10F0702285B24096
:1070E00022444101828001111305510006CEEF00B8
:1070F000F03E2302A100096550006105A545EF108F
:10710000506EF240014505618280411106C6EF00D4
:1071100050408965E505EF10106DB2400145410111
:107120008280011106CE22CC2A84EF00B0532306C0
:10713000A1000965A30681007000218069058D45C5
:1071400023078100EF10F069F240624401450561B8
:107150008280011106CE22CC2A84EF0070632306C0
:10716000A1000965A3068100700021806D058D4591
:1071700023078100EF10F066F2406244014505618B
:107180008280011106CE22CC2A84EF0000772306EC
:10719000A1000965A3068100700021801305050286
:1071A0008D4523078100EF10D063F2406244014512
:1071B00005618280011106CE22CC2A84EF00F008FE
:1071C0002306A1000965A306810070002180130534
:1071D00015028D4523078100EF10B060F240624434
:1071E000014505618280011106CEEF00705FA307A3
:1071F000A10009651306F100130575028545EF101E
:10720000505EF2400345F10005618280011106CE17
:10721000EF005068A307A10009651306F1001305EC
:1072200095028545EF10F05BF2400345F1000561E2
:107230008280011106CEEF00B06AA307A1000965A4
:107240001306F1001305D5028545EF109059F24061
:107250000345F10005618280011106CEEF00506EFA
:10726000A307A10009651306F1001305E502854592
:10727000EF103057F2400345F100056182800111A3
:1072800006CEEF00D070A307A10009651306F10038
:10729000130515038545EF10D054F2400345F10066
:1072A00005618280411106C622C4EF00D072896553
:1072B000938525032A84EF1010532285B24022447F
:1072C00041018280011106CEEF10C02BA307A1005F
:1072D00009651306F100130575038545EF1070501D
:1072E000F2400345F10005618280011106CEEF10E6
:1072F0004040A307A10009651306F10013058503AB
:107300008545EF10104EF2400345F1000561828083
:10731000011106CEEF10E057A307A100096513067F
:10732000F100130595038545EF10B04BF24003457E
:10733000F10005618280011106CEEF100070A307F5
:10734000A10009651306F1001305E5038545EF105B
:107350005049F2400345F10005618280011106CEDB
:10736000EF10E07CA307A10009651306F1001305E7
:10737000F5038545EF10F046F2400345F100056145
:107380008280011106CEEF10D010A307A10009657D
:107390001306F100130505048545EF109044F240F3
:1073A0000345F10005618280011106CEEF10B01F88
:1073B000A307A10009651306F100130525048545FF
:1073C000EF103042F2400345F1000561828097D70B
:1073D000FE1F2391A72401458280011106CEEF10E4
:1073E0005027A307A10009651306F1001305150531
:1073F0008545EF10103FF2400345F10005618280A2
:10740000011106CEEF10302EA307A1000965130667
:10741000F100130525058545EF10B03CF24003450A
:10742000F100056182805D711303D1031AD2034319
:10743000010786C61AD00343C1061ACE034381064C
:107440001ACC034341061ACA034301061AC8034370
:10745000C1051AC6034381051AC4030341051AC2B4
:10746000034301051AC0EF00905E230EA1020965D7
:107470007018130565038945EF10B036B640034513
:10748000C1036161828097D7FE1F83D7471599E7B3
:107490009307F01F17D7FE1F2313F71497D7FE1F6C
:1074A00083D7E713A146014513F707108607C207E4
:1074B0003357D740C183598D13D6574013D79740C0
:1074C000318F058BFD161375F50FD98FF1FE17D788
:1074D000FE1F2316F710828097D7FE1F83D7471011
:1074E00081EBE17793C7F7FF17D7FE1F231AF70E3B
:1074F00097D7FE1F83D7C70EB946014511681946B5
:1075000033F707018607C2073357D740C183598D28
:1075100013D7E74093D5F700058B2D8FFD16137514
:10752000F50FD98FE39EC6FC17D7FE1F231AF70A63
:107530008280011126CA4AC84EC656C297D7FE1F7E
:10754000938747F906CE22CC52C45AC0AE893289FD
:10755000B68AC44B35C9AD472A8463EEA70213042B
:10756000F5FF1374F40F631D0906268A338B990007
:1075700063124B071379F9009386FAFF2285238063
:107580002401A380340193F6F60F4E868545EFE083
:10759000AFB6014505A0B147630BF5029307600242
:1075A00063E5A7001304E5FF6DBF9307700249452B
:1075B000E30BF4FAF2406244D2444249B249224A0F
:1075C000924A024B056182801304500269BF130482
:1075D000600251BFEFF03FEB2301AA00050A49BF4B
:1075E0008547631CF9004E869305000F1385240020
:1075F0009790FE1FE7804064B5BF89476316F90086
:107600004E869305A00ADDB78D47631DF900268AD3
:10761000338B9900E3004BF7EFF01FEC2301AA0036
:10762000050ACDBF91476316F9004E869305F00F0A
:1076300075BF95476315F9004E86814545BF99474B
:107640006315F9004E86BD4555B79D474945E3137F
:10765000F9F64E869305500551BF011106CE9317DA
:10766000450163D40702EF701003894719C98346A7
:1076700005001147B1476396E60095472300F500E2
:10768000C947F2403E85056182802EC6EF90C079E1
:10769000C94765D90347A500418B65D7B2458347E4
:1076A000B500230AB50491E7E9472308F5008147AF
:1076B000C9BFED47DDBF011106CE22CC2EC6EF902B
:1076C000A07601CDB2452A84EF80E032A305A40262
:1076D0000145F2406244056182804945DDBF17D70C
:1076E000FE1F130727EF814799468345870E330610
:1076F000F50085072300B6000507E398D7FE01458E
:10770000828097D7FE1F9387A7BF03D70701230067
:10771000E50003D707012183A300E50083C7F70035
:107720002301F5000145828019E14945828097D700
:10773000FE1F938727EAF84B411122C406C62A840C
:1077400009C70347C700314525E3F85F09C7034769
:10775000B700314531EB83A7070989C783C7770095
:107760003145B9E385471946A28517D5FE1F130594
:1077700045F517D7FE1F2300F7E69790FE1FE78019
:107780002048834754001307000C93F7070C6391BC
:10779000E7021946A28517D5FE1F1305E5F297905B
:1077A000FE1FE780E0450145B2402244410182804E
:1077B00081EB1946A28517D5FE1F130545F1C5B704
:1077C000130700044945E391E7FE1946A28517D542
:1077D000FE1F130525F0E1B7411126C297D4FE1F05
:1077E000938444DF22C4E04806C611C47C48139742
:1077F0004700634C070CFC5099E74945B2402244CE
:1078000092444101828009ED1305000FEF60F01EE4
:107810006DD58347C500F5D3EF6070420145F9BFD0
:107820000547E31CE5FC15EC014582972A8445C118
:107830008567938707802310F5029307007023174D
:10784000F5008D47230CF500A30A0502194697D5CC
:10785000FE1F9385A5E6130565039790FE1FE7803D
:10786000203A0347C4008547E309F7F88347E4005B
:10787000B98B95C30347E40085476318F70289472E
:107880002310F402224403A38406B2409244130559
:10789000000F41010283EF70F03697D7FE1F83C7B8
:1078A00097A78D8BE318F5FC89BF835704021167F6
:1078B0006375F7002310E402F1B7930600023E87D8
:1078C000E3FAD7FE13070002F5B7314505BF1D45A2
:1078D00035B797D7FE1F9387E7CF83A707093145B1
:1078E00081CF83C7770089CB411106C6EF9010483E
:1078F000B2400145410182808280011126CA4AC8F6
:107900004EC652C456C25AC02E89368BBA89BE8A18
:1079100006CE22CCB284428AEF9000511307A9FF11
:107920004207856741839386A7C763EEE610938776
:1079300007C82A84494563E8970A63E6240B1307BE
:10794000301F6362670B63E0370B93071B00B3873D
:10795000970213973900860763D7E70849C483471E
:10796000140113F747003DC7ED9BA308F4008347BC
:10797000B400231A2407231B9406D5EF035784066B
:10798000C167FD17630BF706631999068357A403B4
:10799000231BE404231CF40497D7FE1F83D787CE50
:1079A0008D46114763E5F600850713F7F70FA30A25
:1079B000E4042285EF70302783570404A907231FAE
:1079C000F4048327440A93E717002322F40AC547E7
:1079D000A30EF400231C5407231D4407231D640534
:1079E000231E34050145F2406244D2444249B24963
:1079F000224A924A024B056182808357440691CF06
:107A0000B3D4F4024A87B3879702C207C183637372
:107A1000F9003E87231CE40441B7B3059900858132
:107A20004A85EFE08E84231CA404930584052685F3
:107A3000EF40F01495B78327840A93E707022324C5
:107A4000F40AC14771B7494579BF01112EC606CE68
:107A5000EF90803DB24509E54945F24005618280DD
:107A600083471501A305B50213F7470075D7ED9BB2
:107A7000A308F500BD472306F5028327850A93E78F
:107A800027002324F50A0145C9BF17D7FE1F130796
:107A900067B47C4B81CB83C6C70089C683C6D70039
:107AA000C947A1E27C5F89CB83C6B70091C683C674
:107AB0000701C947858A95E68327070981CB03C754
:107AC000770009C703C7D700C94701EF17D7FE1FC3
:107AD000034707BC97D7FE1F83C797BB636AF700AE
:107AE0009D473E8582809D47F2403E8505618280AC
:107AF0000111A304A10019461305A10006CE979019
:107B0000FE1FE780E00F2800EFD08FD18547E31CF0
:107B1000F5FC8147D1BF797126D24AD04ECE06D628
:107B200022D42E89B28936C63AC43EC242C0EF90F2
:107B3000A02FC94455C99305A9FFC20505662A842B
:107B4000C1811305A6C7C9446360B50A130606C8F8
:107B5000636C360963EA2909B2469305301F63E571
:107B6000D50822476362E60813861600330626030B
:107B700093153700635AB60603461401B144058ACB
:107B800025E60326440A1376162039EE924702486A
:107B9000231EE4040347B400231CF406231A24071D
:107BA000231B3407231D0407231DD4048347D4015A
:107BB000814459EF95EB83270410898B95CF31468B
:107BC0009305F00F130584069790FE1FE780C0060B
:107BD0008327440A2314040693E707202322F40A88
:107BE000C947A30EF4008144B2502254268502599D
:107BF0009254F2494561828063093905B3852901B0
:107C000085814A85EFD07EE6231CA4049305840574
:107C10004E85EF40C07697D7FE1F83D7A7A68D4627
:107C2000114763E5F600850713F7F70FA30AE4048D
:107C30002285EF70407F83570404A907231FF404B3
:107C40008327440A93E7170051BF231C2405E1B79B
:107C5000C1FF83278410898B95C731469305F00FA8
:107C6000130584069790FE1FE78000FD8327440AD2
:107C70002314040693E707202322F40ACD47A30E1A
:107C8000F4009DB7E9448DB797D7FE1F938787947B
:107C9000F84B01CB8346C70089C60347D700494547
:107CA0000DEFF85F09CB8346B70091C60347070184
:107CB0004945058B1DE383A7070981CB03C77700DF
:107CC00009C783C7D700494589EB411106C6EFD0E4
:107CD000EFC0B2400145410182808280411122C43F
:107CE00026C24AC006C62A890144A1449305F00F62
:107CF0000545EFD05ED5B30789002380A7000504B2
:107D0000E31694FEB24022449244024901454101E7
:107D10008280011122CC4AC806CE26CA2EC63289DC
:107D20003684EF906010630D05128347B500AA8476
:107D3000B2450945DDEB21461385F4189790FE1FE7
:107D4000E78000ECA38B241913598900238C241994
:107D50008347E4000346D4008345F4008346C4000F
:107D6000A207420603C5C404B297AE97E20603A772
:107D7000440AB69749C123A6F40A8347A400834660
:107D8000940013670702A207C206B6978346B400A1
:107D9000B69783468400E206B69723A8F40A834781
:107DA000640083465400A207C206B6978346740057
:107DB000B69783464400E206B69723AAF40A83479F
:107DC000240083461400A207C206B69783463400F7
:107DD000B69783460400E206B69723ACF40A8547BB
:107DE000A386F40423A2E40A0145F2406244D2448B
:107DF00042490561828023A6F40C8347A400834690
:107E0000940013678700A207C206B6978346B400A2
:107E1000B69783468400E206B69723A8F40C8347FE
:107E2000640083465400A207C206B69783467400D6
:107E3000B69783464400E206B69723AAF40C83471C
:107E4000240083461400A207C206B6978346340076
:107E5000B69783460400E206B69723ACF40C59B7F4
:107E6000094561B7011106CE2EC6EF80F07B630F86
:107E700005108346B5000547AA87B24505456391BD
:107E8000E60A83C60701130740020145639AE60824
:107E900003C7E50083C6D5002207C206369783C60E
:107EA000F500369783C6C500E206369783C6D70429
:107EB000BDCA23A6E70A03C7A50083C6950022070B
:107EC000C206369783C6B500369783C68500E2069C
:107ED000369723A8E70A03C7650083C65500220723
:107EE000C206369783C67500369783C64500E206FC
:107EF000369723AAE70A03C7250083C61500220781
:107F0000C206369783C63500369783C60500E2065B
:107F1000369723ACE70A1307A0022388E700014540
:107F2000F2400561828023A6E70C03C7A50083C643
:107F300095002207C206369783C6B500369783C6DA
:107F40008500E206369723A8E70C03C7650083C6C1
:107F500055002207C206369783C67500369783C63A
:107F60004500E206369723AAE70C03C7250083C61F
:107F700015002207C206369783C63500369783C69A
:107F80000500E206369723ACE70C71B7054549BFFB
:107F9000411106C6EF80506931C18346B5000547DF
:107FA000AA8709456399E60283C6070113074002C1
:107FB0006393E6020D472386E7021947A385E7028C
:107FC000130750022388E70003C7A7020145136780
:107FD00017002385E702B240410182800945E5BFD1
:107FE000AA8717C8FE1F0348F85E17C5FE1F1305B2
:107FF000655E2A8763080802684911C50348C50001
:10800000314563180808685F11C50348B50031455C
:10801000631108080325070911C503487500314598
:108020006319080697C8FE1F83C8086717C8FE1F94
:10803000034898661D4563FE08050327870D4945DB
:108040001377070439C75D71A6C22800B2841946A8
:1080500086C6A2C4A303F10036849790FE1FE78072
:1080600020BAA6851305E10241469790FE1FE780DE
:1080700020B9A2851305E10141469790FE1FE780D4
:1080800020B84800EFA00076B640264496446161CF
:108090008280828097C6FE1F83C6D6538DCA17C7BB
:1080A000FE1F13072753BA87784B09C70347C7003A
:1080B000494515E7F85F09C70347B700494505E398
:1080C00083A7070989C783C77700494589EB411111
:1080D00006C6EFA0F006B2400145410182808280D1
:1080E00097C7FE1F9387074F97C6FE1F83C6964EFE
:1080F0003E8785C6FC4B89C783C6C700C94785EE46
:108100007C5F89C783C6B700C94795E683270709FF
:1081100089C783C67700C94799EE97C7FE1FA38B0F
:10812000A74A8327070E11C993E7076017C7FE1FE9
:108130002322F75881473E85828093F7F79FFDB74A
:10814000130700643305E502411197C7FE1F9387AB
:10815000674822C403A4870C26C24AC006C6BE8450
:108160001309F00F17C7FE1F2320A74A01E8B240EA
:1081700022449244024901454101828003450400A2
:1081800063052501CC58EFC03EF8405CC5B797C7E2
:10819000FE1FA38DA7469377150017C7FE1F130771
:1081A000674381EF8347C703ED8F6384B700494579
:1081B000828097C6FE1F238CF644937725000145E5
:1081C00091EB8347D703F18FE393C7FE97C7FE1F59
:1081D000A38FC7428280011106CE2EC632C436C29A
:1081E0003AC0EF80704435C1B2450247924693F7DA
:1081F000150099EB22469D4763F6C7004545F240BE
:10820000056182802302C514898991E59D47E3E7D2
:10821000D7FEA302D51401CF97C7FE1F83D7A73F70
:108220007D8F0D8B8547631FF7002314E514854769
:10823000230FF5008327450A0567D98F2322F50A06
:10824000014575BF23140514DDB749454DBF5D7168
:10825000A6C297C4FE1F9384E43703A34405CAC093
:108260004EDE62D466D26AD086C6A2C452DC56DA2A
:108270005AD85ED66ECE030C410583498105034969
:108280000106834CC106034D010763090302032362
:10829000430513145300635304023143B64026448C
:1082A00096440649F259625AD25A425BB25B225C4A
:1082B000925C025DF24D1A85616182800D4E4943E8
:1082C000E36EFEFC93FD0501638D0D08054EE397FB
:1082D000C9FD3AC6468B42C43EC2B68BB28A2E84D2
:1082E0002AC0EF5090712A8A324719E9FC5005459F
:1082F00082972A8A1D435DD1824732472304F500C5
:10830000930500026391BB028D456310B90A0355C2
:10831000CA019305900F13035004E3E1A5F8035538
:10832000EA01E3EDA5F69375F40F2300BA06638125
:108330000D1C3D8815456312A408130510F823078A
:10834000AA004543E3EC5BF57D454543E37855F5ED
:108350001165E36575F533865B0105822310CA025A
:10836000B5A093FE35004943E38ACEF393FE850022
:10837000E3960EF26392C90303C3C403137343006D
:10838000E30D03F0E30739F50943E31469F403C38C
:10839000C4031373230039A0E318C9FF03C3C40344
:1083A00013734300E31703F2CDBD8545E31DB9F612
:1083B0000355CA019305D02EB9BF35456310A412E9
:1083C00085462307DA0089462310DA02A307EA006C
:1083D000631507160547230CEA0093F5050281E5AE
:1083E0009247A30AFA02194681455A859790FE1FC3
:1083F000E780A08E63140516A2470547230EEA0204
:10840000A30EFA021946DA851305EA039780FE1FC8
:10841000E780007F03470105A306EA001307F00782
:108420006311EC1417C7FE1F130787ED03474701BD
:10843000D6572380E70003055A01EFC01FF8230435
:10844000AA06EFC0DFF0D657A30AAA000D47238083
:10845000A7006391E912638D0C0093F61C0099C686
:1084600003C7C403218B19E3E3893CE32305DA0640
:1084700009472302EA060347C105A302EA060347A8
:108480000A06418B1DEB1307F9FF1377F70F894697
:108490004943E3E5E6E08D466313D90E630D0D0015
:1084A00013761D0019C683C6C403A18A99E2E306A8
:1084B0002DDFA305CA06A301EA0603474106B70656
:1084C00000080143A300EA0603478106A303EA0666
:1084D00003274A05558F232AEA04C9B309456314C3
:1084E000A4001945A9BDE30C04E423070A0091BDCB
:1084F0001D452307AA0013F8150013F54500630B6B
:108500000800114811C10548A30F0A050545230FAE
:10851000AA0405BD13F8250063090800094811C124
:108520001548A30F0A050945DDB70D4811C11948C3
:10853000A30F0A05230F0A0429B5230C0A0081465C
:108540000D453356D740058A11C603468A010506F4
:10855000230CCA008506E396A6FE41B5230E0A0247
:1085600055BD194763458701A30A8A01E9B5A30AE6
:10857000EA00D1B523050A0623020A06EDBDA305CC
:108580000A0615BF97C7FE1F9387C704F04B01115A
:108590004EC606CE22CC26CA4AC852C4BE8911C6CF
:1085A0007C4A13965700634E06003A8AB6842E8999
:1085B000EF50B0442A8419ED83A749051305200420
:1085C00091C33145F2406244D2444249B249224A01
:1085D000056182800347E500854701453D8BE30344
:1085E000F7FE03470406418B41CB8D476304F90036
:1085F0004945C9BFFD47E3ED97FE231E04008D47A3
:108600006316F90CC5CC8357C40117C7FE1F035767
:1086100007041D45B3869700E346D7FA0347C40015
:1086200015C783560402130700026391E60203474D
:1086300034068D466319D70A1307900F13055004AB
:10864000E362F7F88357E401E36EF7F68D471D45C3
:10865000E31AF9F69305800C0545EFD0CEBE83579B
:10866000C4061205232444038507BD8BC98F231636
:10867000F406231E940089A81377D90FE30FF7F6A9
:1086800011476315E904784893167700E3C206F6AC
:108690000347C400E31EF7F48357C401B1DBA9F814
:1086A0009305800C0545EFD00EBA8357C40612051A
:1086B0008507BD8BC98F2316F40639A07C48370780
:1086C00000FF7D17F98F7CC80145EDBD9307D9FFE9
:1086D00093F7F70F0547E378F7F299D88347C4007B
:1086E000E393E7F2F9BD8546E312D7F61307D02EE0
:1086F000B1B797C7FE1F9387E7EDF04B01114EC648
:1087000006CE22CC26CA4AC852C4BE8911C67C4AAB
:1087100013965700634E06003A8AB6842E89EF50AE
:10872000D02D2A8419ED83A749051305200491C390
:108730003145F2406244D2444249B249224A05617D
:1087400082800347E500854701453D8BE303F7FE43
:1087500003470406418B55CF8D476304F900494513
:10876000C9BFFD47E3ED97FE231F04008D47631C3F
:10877000F90EF5C08357E40117C7FE1F035727ED15
:108780001D45B3869700E346D7FA0347C40015C7D3
:1087900083560402130700026391E602034734067E
:1087A0008D466310D70E8356C4011307900F13052F
:1087B0005004E360D7F8E36EF7F68D471D45E31AE2
:1087C000F9F65C548DC783476406898B8DC30858BE
:1087D00019CD8347A50081CFEF90F07A0C58194648
:1087E00013056403B1059780FE1FE7806041930580
:1087F000800C0545EFD02EA58357C406120523260D
:1088000044038507BD8BC98F2316F406231F9400EC
:1088100089A81377D90FE309F7F411476315E90421
:10882000784893166700E3CC06F20347C400E318C8
:10883000F7F28357E40185D79DF09305800C054539
:10884000EFD06EA08357C40612058507BD8BC98F74
:108850002316F40639A07C48370700FE7D17F98FF0
:108860007CC80145F9B59307D9FF93F7F70F054782
:10887000E372F7F0E38504EE8347C400E39CE7EE80
:1088800045BD8546E31BD7F28356C4011307D02E9E
:1088900039BF5D71A6C297C4FE1F9384A4D303A8F9
:1088A000440586C6A2C4CAC04EDE52DC56DA5AD887
:1088B0005ED662D466D26AD06ECE63080802832781
:1088C000480513945700635204023145B6402644CC
:1088D00096440649F259625AD25A425BB25B225C14
:1088E000925C025DF24D616182803AC632C4937738
:1088F0001500B68989C7639105104945C1BF91E943
:10890000A04C19E00145D9B72285EF505033004003
:10891000CDBFE30908FE4285EF507032E5B77849D4
:10892000B70700037D8F55F30347F50563048701FF
:108930006315970103D7EA0149DB03C75A036301B3
:10894000270903C7EA0063192701131714004E977C
:1089500003570700E3E3EDFAB8547D141374F40FE2
:1089600045CB93161A00B69903D70900B247930571
:10897000800C2397EA063E9A03470A000545239890
:108980000A06A384EA06EFD00E8C03D7CA061205A6
:10899000264405073D8B498F2396EA0603A38406E8
:1089A00003C50B00B64096440649F259625AD25AA2
:1089B000425BB25B225C925C025DF24D61610283BC
:1089C000138B8A05194681455A859780FE1FE780DB
:1089D000C030631925011946EA855A859780FE1F24
:1089E000E7800022194681455A859780FE1FE7805F
:1089F000C02EE31825F511B7FD1513F4F50F094C3A
:108A0000954C054917CDFE1F130DADCB930D0008F6
:108A10009307F00FE303F4EEA247228AB38B87009B
:108A200003C50B00EF50607DAA8AE31A05EEFC48EF
:108A300013052004E39B07E851BD97C7FE1F9387EA
:108A400067B9FC4B95C3FC4B13975700635E070057
:108A5000B1473E858280B147F2406244D2444249E8
:108A6000B2493E8505618280011122CC26CA4AC8DE
:108A70004EC606CEB6893289AE84EF5000782A847D
:108A80009307200471D9C947E36899FC1547E3753A
:108A900097FC03470506137737035DFF8347E5051A
:108AA000DDFB7C49918BC5FBEF30C00179479D47C9
:108AB000E374A7FA8347340609476391E7068357AF
:108AC00044081307D02E6373F7021307C0029307FD
:108AD0005004E37327F9794793075004E37E27F79F
:108AE000414793075004636B2701BDB71307301F3D
:108AF000E363F7FE1307900FE364F7FE7C488346B9
:108B00000406CA9493E727008584B3E9D9007CC89A
:108B1000231394082300340781473DBFE5F303572F
:108B200044089307D02EE3FBE7FC19475DBF97C7C6
:108B3000FE1F938727AAFC4B81CBFC4B1397570052
:108B40006354070031458280011122CC26CA4AC8ED
:108B50004EC606CEB6893289AE84EF50006A2A84AA
:108B600013052004630904107C48898BB9CB834723
:108B7000340609476395E70C835744081307D02E42
:108B80006379F702035764089307C0021305500482
:108B900063F3E70E03576408F9471305500463FCB9
:108BA000E70C03576408C1471305500463EBE70063
:108BB000D9A01307301FE36FF7FC1307900FE36290
:108BC000F7FE93F7D40F0547639EE70A0325840A4F
:108BD00019C59790FE1FE780C0ED2324040A2312D5
:108BE0000408630909067C48918BB5EF8D476393B0
:108BF000F408930550104A859790FE1FE78040DEE9
:108C00002324A40A25C97C4893F7074091CF9305F4
:108C1000800C0545EFC03EE38357A4081205850785
:108C2000BD8BC98F2315F4080325840A4A86CE8597
:108C30009780FE1FE780C0FC231224091DA0D1F3FA
:108C4000035744089307D02EE3FDE7F60357640863
:108C5000994799BF8D474945639FF4007C48F99B2C
:108C60007CC8014509A89387D4FF93F7F70F054700
:108C7000E37EF7F63145F2406244D2444249B249BC
:108C800005618280E31109F691474945E38DF4F4CB
:108C9000DDB797C7FE1F9387E793F84B411126C2B4
:108CA0004AC006C622C4AA843E8909CF7C4B1397CA
:108CB0005700635907003145B240224492440249AB
:108CC000410182802E85EF5040532A8413052004F1
:108CD00065D413F714007C4845CF13F7170061FFE4
:108CE000034704061377370379F78988D9CC03271C
:108CF000C90D454593E70740418B5DDFC1657CC8E1
:108D0000FD150145EFC07ED62314A408EFC0DFD1C6
:108D1000B70500012326A408FD150145EFC03ED785
:108D20009304040A15462328A40897C5FE1F9385BB
:108D3000C59A26859780FE1FE78080ECA6851305DF
:108D400000FB9790FE1FE78000882685EF80405E3D
:108D50007C480347C400A300A408DD9B93E74700B9
:108D60007CC88547631FF7009305800C0545EFC05D
:108D70009ECD8357C40612058507BD8BC98F231668
:108D8000F406EF90600C014505BF93F7F7BFBDB740
:108D90000345D407CD9B7CC89307F00FE303F5FE92
:108DA000EFC0CEEFF9BF17C7FE1F1307A7827C5F86
:108DB000411106C622C426C24AC099C703A8C701EA
:108DC00013141801634004080327070825CF3684CD
:108DD000B2842E8909ED81EB4945B2402244924488
:108DE000024941018280EFC06F960145FDB785467B
:108DF000E314D5FEB9E30297AA8731C91147A30648
:108E00000504231BE500231CE50083C6B7000547C6
:108E1000E384E6FC95C8239C9702239D870201C446
:108E20001E04E3DB84FA238927012244B2409244E2
:108E3000024903A3870641010283D84F9316170105
:108E4000E3D506FC314551BF23AC0702E9BF0D4510
:108E500069B7011106CE2EC632C436C23AC0EF50F1
:108E6000C0393DCD83284505AA87314513F8082030
:108E700063150806B24517B8FE1F0348387A454502
:108E8000636DB80403C8C70A22463358C840137834
:108E900018006304080417B5FE1F1305A573032803
:108EA000850D45451317C80063590702024717B8D7
:108EB000FE1F0348A8766362E80292462387C70A2A
:108EC000A386B70AA387D70A11E2014793E80810DF
:108ED0002388E70A23AA17050145F240056182802D
:108EE00013052004DDBF011106CE2EC6EF50E03081
:108EF0001307200401CD7C49314793F6270099C61A
:108F0000B24589C993E707207CC90147F2403A85F9
:108F10000561828093F7F7DFC5BF011126CA4AC8F1
:108F20004EC606CE22CC2E89B289B684EF70D06FA1
:108F30004DC1639D09008547238EF1960145F2409E
:108F40006244D2444249B2490561828003C7C19755
:108F500085472A846315F700238E019609494165E8
:108F6000130545F5EF70306E39C58347A50023150D
:108F7000F5008327841185EF232CA410232EA41041
:108F8000930710F8F914231635012304250144C171
:108F900023200500A304F50083479402854501457D
:108FA000B395F500C205C181EFC00E9041BF832784
:108FB000C41188C3E1B797B7FE1F938767349C5BE2
:108FC0001D45B5DF956505459385555582971D452A
:108FD000BDB70945ADB76F900FF46F904FF86F9024
:108FE0000FFD6F907F826F905F886F901F956F90DD
:108FF0005F8C6F90FF8F82806F907F98034301009A
:109000001AC06F90CF876F902F946F90EF996F90E9
:109010000FA06F900FA66F90CFAB6F90AFAF0353C1
:109020000100035E4100834E81001AC072C276C403
:109030006F904FB46F908FC66F90CFCB6F904FD51E
:109040006F900FD96F906FDC6F90AFE16F902FE84A
:10905000828082801307050483570500110593C79A
:10906000F7FF231EF5FE8347E5FF93C7F7FF230FA6
:10907000F5FEE313E5FE828099473305F502011101
:109080000A86C14506CE130505021375E50FEFC02C
:109090005EC911E50345C100F240056182800145CA
:1090A000E5BF411122C426C24AC006C6814401441C
:1090B0001389019883C751986369F400B240224430
:1090C00026850249924441018280832709001315B5
:1090D000440019469305F00F3E959780FE1FE780E8
:1090E000C0BF01E5850493F4F40F05041374F40F75
:1090F000D1B79387019A884305C1411106C6EFB0E5
:109100009EBF23A0019A9387519883C70700B2405E
:10911000A38FF196410182809387519883C70700FE
:10912000A38FF19682801971A6DA86DEA2DCCAD8F6
:1091300083C7F197AA84639EA700854503C56198FC
:10914000EFB07EF9894503C56198EFB0DEF8EFF026
:109150005FFA1949338924035000C1451379F90F87
:10916000130409021374F40F2285EFC09EBB09C9D2
:1091700001442285F6506654D654465909618280CE
:1091800019469305F00F48009780FE1FE780E0B472
:1091900065F1480041469305F00F9780FE1FE78078
:1091A000A0A9480871469305F00F9780FE1FE7803D
:1091B000A0A80818130600049305F00F9780FE1F5F
:1091C000E78080A75000C1452285EFC05EE42A8475
:1091D000130519025008F1451375F50FEFC03EE372
:1091E000498C130529025008F1451375E50FEFC0AE
:1091F0001EE21374F40F498C130539025008C1455F
:109200001375F50FEFC0BEE01374F40F498C13050E
:1092100049025008C1451375E50FEFC05EDF1374B6
:10922000F40F498C13055902500891451375F50F39
:10923000EFC0FEDD1374F40F498C1385040710187A
:10924000930500041375F50FEFC07EDC1374F40F63
:10925000498C03C541871374F40FEFC0BED511BF0D
:10926000411122C406C60145014483C75198637366
:10927000F40009C5B24022444101828022850504E0
:10928000EFF07FEA1374F40FCDB7411122C426C268
:1092900006C64AC00144EF903F989384019883C763
:1092A00051986368F400B24022449244024941015B
:1092B000828088401319440019469305F00F4A959F
:1092C0009780FE1FE78060A119E58C40CA9503C511
:1092D000F500EF90BF9405041374F40FC9B739710A
:1092E00022DC26DA4ED606DE4AD80144EF901F96DD
:1092F00093840198994983C751986369F400F250A7
:109300006254D2544259B259216182808840131963
:10931000440019469305F00F4A959780FE1FE78099
:10932000C09B05E9330534030A86C14513053502A0
:109330001375F50FEFC0FE9E1008C1450945EFC03B
:109340005E9E8C4014080A86CA9503C5F500EF900E
:10935000BF8F05041374F40F79BF011106CEEFF02F
:109360005FD40547A9476373A70089471306F10037
:1093700085451545A307F100EF001FE2F2400561A6
:109380008280011122CC26CA4EC606CE4AC80144AC
:1093900093840198994983C751986366F402EFF06A
:1093A0005FD083C7E19799C3EFF03FEE83C7D197B2
:1093B00099C3EFF0DFF26244F240D2444249B2492D
:1093C00005616FF09FF93305340390401319440091
:1093D000C1454A96130505021375E50FEFC07E944B
:1093E00005C9884019469305F00F4A959780FE1FDE
:1093F000E7808084884019469305F00F4A95190547
:109400009780FE1FE78040839C403E992316090009
:1094100005041374F40F41B70355250083C5619803
:109420006F10AFFA397122DC19443384850226DAD1
:109430004AD806DEA147AA8432891374F40F639ACE
:10944000F604130424027146814548081374F40F8E
:109450003AC69770FE1FE780207E5008F1452285AE
:10946000EFC03E8C0DE18347E102A5463247E51788
:1094700093F7F70F63E9F600BA8650089375190061
:109480002685EFD01EB6F2506254D2544259216163
:1094900082801304140245BF797122D426D24AD0A7
:1094A000AE842A8932848145130600020A8506D6D5
:1094B0009770FE1FE78040789387918783C70700E6
:1094C00023102101230EF100835781015DC413870E
:1094D000119903470700F99B41462302E1001387D6
:1094E00031990347070097B5FE1F9385A5DA130549
:1094F0006100A302E10003C7219993761700D58F7D
:10950000F59B93762700D58FED9B93764700D58FFB
:109510009316470093F6061093F7F7EFD58F93163F
:10952000470093F6062093F7F7DFD58F12071377DE
:10953000074093F7F7BFD98F231CF1009770FE1FE8
:10954000E780006C83C7019913F7170001CB99C41A
:109550000357810113672700231CE10003476101C2
:10956000A2850A85D98F230BF100EFD0BE99B250A6
:10957000225492540259456182801387919803477F
:109580000700F99B41462302E1001387B198034786
:10959000070097B5FE1F9385E5CE13056100A30272
:1095A000E10003C7A19893761700D58FF59B9376BA
:1095B0002700D58FED9B93764700D58F93164700F4
:1095C00093F6061093F7F7EFD58F9316470093F6AF
:1095D000062093F7F7DFD58F12071377074093F72D
:1095E000F7BFD98F231CF1009770FE1FE780406101
:1095F00083C7819891BF411122C426C24AC006C6C2
:10960000AA8401441389019883C75198636AF400BE
:109610003E842285B2402244924402494101828024
:1096200083270900131544001946A6853E959770B7
:10963000FE1FE780E06571FD05041374F40FE9B7C0
:109640001D71A2CC1384019A1C40CAC8CEC686CE16
:10965000A6CAD2C42A89AE89A1EB19E10545D9A0D1
:10966000F5DDEFF05FF9A38FA19683C75198636D85
:10967000F5028144138A01980DA083270A001395EF
:10968000440019469305F00F3E959770FE1FE78042
:10969000C06409E9850493F4F40F83C75198E3EE9D
:1096A000F4FCBE84A38F9196138AF19703C5F197BA
:1096B00083C75198D284E373F5FA1C40A5EF99470C
:1096C0003305F5024A86C145130505021375E50FFA
:1096D000EFC0FE93130600049305F00F0A85977000
:1096E000FE1FE780605503450A000A8693050004C3
:1096F000130505071375F50FEFC07E9113870198C9
:10970000084383C7F19792073E954146CA859770F3
:10971000FE1FE780E04E23A0319B03C54187EFC0C9
:109720007E890145F6406644D6444649B649264AF4
:10973000256182809047814719CE99473305F5020C
:10974000F145130515021375F50FEFC05E8C1C4033
:1097500023A4070085471840104B0DC203C5040021
:109760009947F1453305F502130525021375E50FF9
:10977000EFC0FE891C4023A8070085471840504BC6
:109780000DC203C504009947C1453305F502130511
:1097900035021375F50FEFC09E871C4023AA070002
:1097A0008547184050471DCE03C504001949C145DF
:1097B00033052503130545021375E50FEFC03E85FC
:1097C00003C504001C40914533052503D0474106DD
:1097D000130555021375F50FEFC07E831C4023A6B9
:1097E000070025BF9DFB83C7E19799C3EFF0FFA951
:1097F00083C7D19799C3EFF09FAEEFF01FB6B9BD05
:10980000011122CC06CE26CA83C751980944637839
:10981000F50295C599473305F502AE840A86C14520
:10982000130505021375E50FEFC0AECF2A8401E9D9
:1098300019468A8526859770FE1FE780603C228541
:10984000F2406244D24405618280011122CC06CEEE
:109850002A842EC632C4EF506F8905C90347C5005C
:10986000A1472246B245631FF7009387419A9C4364
:1098700089CF03A34700630A030022856244F240B4
:10988000056102839387819ADDB7F24062440561E6
:109890008280011122CC19443304850226CA0A862B
:1098A000AE84C14506CE130404021374F40F22855E
:1098B000EFC02EC701C98144F24062442685D244DC
:1098C0000561828019469305F00F0A859770FE1F87
:1098D000E780A0406DF10357C1009377D70F89C48B
:1098E0009377F70F93E72700C207C1838544E30509
:1098F000F7FC0A86C14522852316F100EFC02EF140
:1099000003C54187EFC00EEB45BF1D71A2CC2A8471
:1099100019453305A402A6CACAC8B2842E890A868C
:10992000C14586CE130505021375E50FEFC06EBF66
:1099300001C90145F6406644D64446492561828006
:1099400019469305F00F0A859770FE1FE780E038EF
:109950006DF1130404071374F40F10089305000449
:109960002285EFC00EBC19C10545E9B70808EFF024
:109970006FEE63140904130600048145080897700C
:10998000FE1FE78080356DF113060004814508084D
:109990009770FE1FE780402A85470808238CF198BE
:1099A000EFF04FEB1008930500042285EFC02EE680
:1099B00003C54187EFC00EE045BF1C089008BE8676
:1099C00083D506003687638125039106E39AC6FE98
:1099D0000145ADD083D607003E8789C69107E31BBA
:1099E000F6FE81BF2390270183472700E38E97F679
:1099F00023019700D5F02310070079BF17B5FE1F8C
:109A00000345E5900111FD579305200412052383BA
:109A1000F19806CE22CC26CA4AC84EC6A382019827
:109A200023A001989780FE1FE78080FB23A0A198C8
:109A300005C997B9FE1F9389A98C83C7E900014422
:109A400093840198A382F19883C751986363F40CBF
:109A500083A78900638E070E97B7FE1FA38D07AEFD
:109A60009387519883C7070005444146814517B540
:109A7000FE1F13052582A38FF196238D818623A0D7
:109A8000019AA3880198A38901989770FE1FE78027
:109A9000A01A930470074146814517A5FE1F1305C0
:109AA000657E23899198A38B81862388019823AAB8
:109AB000019823840198A3840198A3850198977045
:109AC000FE1FE78060172385919823A60198A38342
:109AD00001989547A38AF186C147A38CF186238C10
:109AE00001988947238BF186F240238A8186A38DD2
:109AF0008186238C8186624423A4019A23A2019A41
:109B0000238F019623820198D2444249B2490561CC
:109B1000828088401319440019469305F00F4A9536
:109B20009770FE1FE7804011884019469305F00F9B
:109B30004A9519059770FE1FE78000109C400504A8
:109B40001374F40FCA972396070023870700EDBD0F
:109B5000930700F817B7FE1FA30FF79E11B7757193
:109B600022C526C34AC106C7CEDE130400028144C3
:109B70001389019883C7519863E3F40203C54187B1
:109B8000EFC04EC39387519883C70700BA402A4459
:109B9000A38FF1969A440A49F659496182800325B8
:109BA00009009399440019469305F00F4E9597705C
:109BB000FE1FE78060080325090019469305F00F92
:109BC0004E9519059770FE1FE7800007832709004F
:109BD00041469305F00FCE97239607002387070091
:109BE00048009770FE1FE780200571469305F00F2F
:109BF00048089770FE1FE7802004130600049305B1
:109C0000F00F08189770FE1FE78000035000C14551
:109C10002285EFC0CEBF130514005008F14513751F
:109C2000F50FEFC0CEBE130524005008F1451375A3
:109C3000F50FEFC0CEBD130534005008C1451375B4
:109C4000F50FEFC0CEBC130544005008C145137595
:109C5000F50FEFC0CEBB13055400500891451375A6
:109C6000F50FEFC0CEBA1385040710189305000452
:109C70001375F50F85041904EFC06EB993F4F40F52
:109C80001374F40FC5BD930705C04111C20722C468
:109C900006C6C183130720022E846361F70E17C71F
:109CA00000001307A70C8A07BA979C43BA978287CC
:109CB0009387A18783C707002300F4002DA083C7E3
:109CC000019989870DA893871199EDB793873199E9
:109CD000D5B7414697A5FE1F9385C55B2285977032
:109CE000FE1FE780E0F18147B24022443E854101FA
:109CF000828083C70199858BC1B7938721995DBF06
:109D0000938741999C431CC0F9BF938771875DB7C6
:109D100083C781987DB79387919869BF9387B198DE
:109D200051BF414697A5FE1F9385C55545BF83C7C3
:109D30008198D1B79387A198B5BF9387C198D9B7B8
:109D40009387719885BF93875187ADB79387918724
:109D500095B79387E197B9BF9387D197A1BFEFF0EC
:109D60004FB42300A40041B783C78187B1B783C72D
:109D700001998D8749B783C78198E5BF13072004F0
:109D80008947E363A7F6EFD06EB02310A400A1BF0C
:109D9000011106CE22CC26CA4AC84EC6EFD0AEFA72
:109DA00035ED03C7419885472A84630CF7029384F5
:109DB0000198854983C751986371F4049840131939
:109DC00044004A978347E700639937012285EFF003
:109DD0008FB59C40CA972387070005041374F40FBE
:109DE000D1BFEFF0EFC723820198938701989C437E
:109DF00003C75198B907631CE400EFC02ECE62443C
:109E0000F240D2444249B24905616FF08FD7050450
:109E1000238007001374F40FC107F1BFF2406244BE
:109E2000D2444249B24905618280797126D24AD032
:109E300006D622D44ECE89472E89B2846308F50611
:109E4000636FF5008D476301F50C03C451982285BB
:109E5000B250225492540259F249456182802E85B3
:109E6000EFF06FF983C751982A84E372F5FEE5D0CD
:109E70001946CA8526859770FE1FE78060D8C1BF46
:109E800083A709001315440019463E95CA85190594
:109E90009770FE1FE780C0DF31ED05041374F40FE7
:109EA00083C75198E36EF4FC3E8455B7014493890F
:109EB0000198FDB705041374F40F83C75198E37537
:109EC000F4FE330534030A86C145130535021375C4
:109ED000F50FEFB01EE579FD41469305F00F0A85B9
:109EE0009770FE1FE78060DF71F5CA850A85EFD0A5
:109EF000CEA169F183C75198E37BF4F4A9D8A68574
:109F00002285EFF0FF8FA1B7014499497DB77971A0
:109F100026D206D622D4AA8402CC231E0100EF400A
:109F2000FF9C05CD03C7718789476308F702930536
:109F300065002A84034555003008EFF01FEF83C702
:109F400051986371F5022AC6EFF00F93B2452A8645
:109F50000547A1462685EFF0EFCCB250225492542B
:109F60004561828083C7718791E795452685EFD04B
:109F7000EEDAE5B70547E392E7FE83455400014674
:109F80002685EFF06FD1D1BF4111C1674AC006C627
:109F900022C426C2FD172E896309F506EF401F95DE
:109FA0002A84D14421CD930565000345550001461F
:109FB000D544EFF09FE783C751986376F500CA85D3
:109FC000EFF03F8D8144630B09022285EFF0CFC48F
:109FD00035A0CA852285EFF0DF8B11C181440504CD
:109FE0001374F40F83C75198E365F4FE6308090006
:109FF00017F5FFFF13058542EF403FB8B2402244FA
:10A00000268502499244410182800144D544D9BF4A
:10A010000111C1674AC84EC606CE22CC26CAFD171A
:10A020002E89B289630EF504EF405F8CD14429C1BB
:10A0300093056500034555000146D544EFF0FFDE6A
:10A0400083C751986376F5024E86CA85EFF0FF8B81
:10A05000814439A84E86CA852285EFF01F8B11C135
:10A06000814405041374F40F83C75198E364F4FE2C
:10A07000F240624426854249D244B2490561828059
:10A080000144D544D5B7411122C413846198834556
:10A09000040023A4A19A614506C6EFD0EED3034580
:10A0A00004002244B24041016F208FEB411106C6EB
:10A0B00022C426C29DE9AA85AA8437450F0013054C
:10A0C00005243375A602EFC07EFE2A8409C99307D2
:10A0D000E00F6306F50085452685EFD02EC4228566
:10A0E000B2402244924441018280EFD02EC3014409
:10A0F000FDB71387A1878347070083C5019993E7BD
:10A1000007F82300F7006FD02EB61971A6DAB284D3
:10A110005000A2DCD2D486DECAD8CED62A84368AB3
:10A1200002C223140100EFF05FD083C75198637718
:10A13000F50E2A89EFE05FF49147AA896319FA0CBA
:10A1400003C7A187791713371700914619443304C1
:10A1500089024E86CA852685EFF0CFAC51468145EF
:10A1600068009770FE1FE78020AD70001374F40F35
:10A1700013054402C1451375E50FEFB09EBA05E91A
:10A1800041469305F00F68009770FE1FE780E0B42A
:10A1900019ED13055402700891451375F50FEFB0D2
:10A1A0005EB8700093F519002685EFD08EB01305C8
:10A1B00009071010930500041375F50FEFB07EB674
:10A1C00015E10810EFE01FE900101309010683559F
:10A1D000040091C5034624002685EF102F8F11043B
:10A1E000E31789FE93F929006387090083C5619805
:10A1F0002685EF009F9D91476314FA0403C7A1874A
:10A200008947631FF7022685EFF0BFEE15A803C745
:10A210007187791713371700D2860DBFA147E31C4A
:10A22000FAFC03C771878947631CF7000146A285C2
:10A230002685EFF06FA6014681452685EFF0EFE019
:10A24000F6506654D6544659B659265A0145096106
:10A250008280011106CE2AC6EFF04FFA3245F24055
:10A260002383A19805616FF0CF911D7186CEA2CC9A
:10A27000A6CACAC8CEC6D2C4EF805F9D83C7B187C5
:10A2800089CB014413890198194A83C75198636A9D
:10A29000F400F6406644D6444649B649264A25614C
:10A2A0008280032509009319440019469305F00F95
:10A2B0004E959770FE1FE78040A231E9B304440336
:10A2C0005010F14593F4F40F138514021375F50F34
:10A2D000EFB03EA50DED0347F1039307F00F6318B0
:10A2E000F702138534025000C1451375F50FEFB026
:10A2F0005EA35008C1450945EFB0BEA28325090001
:10A3000054085000CE9503C5F500EF80FF93050477
:10A310001374F40F9DBF930705C05D71C207A6C2F9
:10A32000CAC086C6A2C44EDE52DCC1831307200217
:10A330002A89B284636EF75017C700001307C7ABB2
:10A340008A07BA979C43BA97828785476384F5004A
:10A35000614409A8834706000947E36BF7FE238D94
:10A36000F18601442285B640264496440649F259B6
:10A37000625A616182808547E39CF5FC03470600D1
:10A38000E3E8E5FC83C7019911C793E747002388F9
:10A39000F198C1BFED9BE5BF8547E39BF5FA834785
:10A3A00006001147E366F7FAA388F1985DBF854779
:10A3B000E390F5FA83470600E3ECF5F8A389F198FA
:10A3C0004DB7C147E396F5F84146A68517A5FE1F90
:10A3D000130545EC9770FE1FE780808259B78547CB
:10A3E000E398F5F603470600E3E4E5F683C7019931
:10A3F00001C793E7170061BFF99B51BF8547E399F8
:10A40000F5F4834706002389F198A1BF9147E391B2
:10A41000F5F41842B7470F009387F723E3EAE7F212
:10A4200023AAE1983DBF8547E394F5F283470600F0
:10A430000947E36FF7F0A38BF18625B78547E399CA
:10A44000F5F003470600E3E5E5F083C7819811C7FF
:10A4500093E747002384F19829B7ED9BE5BF854733
:10A46000E398F5EE834706001147E363F7EEA38414
:10A47000F198C5BD8547E39DF5EC83470600E3E908
:10A48000F5ECA385F198F1BDC147E393F5EC4146A6
:10A49000A68517A5FE1F1305E5DE2DBF8547E399A9
:10A4A000F5EA03470600E3E5E5EA83C7819801C7BB
:10A4B00093E7170045B7F99B71BF8547E39AF5E825
:10A4C000834706002385F19869BD9147E392F5E83B
:10A4D0001842B7470F009387F723E3EBE7E623A67D
:10A4E000E19841B5E39605E6EFD0EE8501E9EFE0AE
:10A4F0003FD7EFB0BEDEEFE0DFE8A5B585472382AA
:10A50000F19885B59D47E395F5E4938514001946C8
:10A5100068009760FE1FE780A06E03C50400500826
:10A520006C00EFF09F9083C75198AA840944E37BA5
:10A53000F5E24808EF408FC409E52685EFE0BFBE8D
:10A540004DBF938701989C4392045944BE9485471C
:10A550002387F40001BD9D47639BF50A1946938547
:10A56000140068009760FE1FE780806903C504003F
:10A5700001466C00EFF07F8B83C751986377F50439
:10A580009944B30495025008F1459384140293F45E
:10A59000F40F2685EFB0EEF82A8415E51307A041E5
:10A5A00085476304E9009307F00F5008F1452685BD
:10A5B000A307F102EFB0BEA503C54187EFB09E9F90
:10A5C000EFF0BFCA45B30944E5BF97A7FE1F83C795
:10A5D00097F80944E38807D81307A04197A7FE1FFF
:10A5E00083C787F7631FE90093E7170017A7FE1FCC
:10A5F0002304F7F61D46A68517A5FE1F130545F58E
:10A60000D1BBF99B17A7FE1F2308F7F499BB854719
:10A61000E390F5D41307A04197A7FE1F83C7C7F3A4
:10A620006315E50093E72700F1BFF59BE1BFA38D1C
:10A630000186EFF09FC335B38547A38DF1860144B2
:10A6400019499309F00F7D5A83C75198E373F4FEBB
:10A65000B30424035008F1459384140293F4F40FD7
:10A660002685EFB00EEC05E18347F102638D3701DB
:10A670005008F1452685A3074103EFB05E9903C555
:10A680004187EFB03E9305041374F40F75BF8547FF
:10A69000E390F5CC83470600E3ECF5CAA383F19879
:10A6A000C9B18547E396F5CA834706002547E361AC
:10A6B000F7CAA38AF18675B18547E39BF5C80347BE
:10A6C0000600A546930797FF93F7F70FE3E2F6C856
:10A6D000A38CE18679B18547E39CF5C683470600E4
:10A6E00003C7E1970144238FF196E31D07C6E39B5F
:10A6F000B7C6EFE01FC9BDB18547E39BF5C48347EB
:10A70000060003C7D197A38EF19609E76394B700BB
:10A71000EFE03FC703C5D197EF808FD399B185474D
:10A72000E398F5C2834706000D47E363F7C2238B26
:10A73000F18605B98547E39DF5C083470600238A66
:10A74000F18605B10545EFB0FE8621B98547E39155
:10A75000F5C083470600238CF18621B193074002A0
:10A76000E398F5BE03C51400014693852400EFF07D
:10A77000CFEB83C75198E37DF5BC194433048502C0
:10A7800003C70400A1471374F40F631FF7021304F7
:10A7900024021374F40F5008F1452285EFB06ED8EF
:10A7A000E31805BA9385840048086D469760FE1F3C
:10A7B000E78000455008F1452285EFB05E8503C56E
:10A7C0004187EFB02EFF69B613041402D9B717A75B
:10A7D000FE1F0357E7B3930740046D44E3F4E7B863
:10A7E0008547E397F5B683470600E3E3F5B691CFD7
:10A7F00097A7FE1F938787D59C435544E38407B6EC
:10A8000083C7019993E7870059B683C7019993F7E6
:10A81000770FB5BE17A7FE1F035787AF93074004F6
:10A820006D44E3F1E7B48547E394F5B2834706004E
:10A83000E3E0F5B2F9DB97A7FE1F938727D19C438E
:10A840005544E38107B283C7819893E7870019B124
:10A85000930720040944E3E727B1E39585B083D546
:10A8600004004A85EFC05ED72A84EDBC797106D614
:10A8700022D426D24AD0834725005147E91793F7BF
:10A88000F70F636BF70217B700001307A75F8A077C
:10A89000BA979C432A84BA9782878354A5000346BB
:10A8A000C5008346D500268532C636C4EF400F84E6
:10A8B000AA87A246324619E1854425A203C7C700EC
:10A8C000A14713053400631AF7029387419A9C430A
:10A8D000A68589C79C4399C38297F9BF9387C1987E
:10A8E0008843EFC0AEFC69D99307E00FE306F5FC9F
:10A8F00085452685EFC09EC2C1B79387819A9C4348
:10A90000A68599C39C43E9FB93874199D1BF8355A1
:10A91000A5002E852EC4EF307FFDAA8751DD03C729
:10A92000C700A147130534001306C4009306C401F1
:10A93000A245631AF7009387419A9C43B5DF9C4771
:10A94000A5DF829795BF9387819AC5BF834715007E
:10A95000D5EF83476500858BD5CB9387019A9C43C0
:10A960000149D5E78145414608089760FE1FE78009
:10A97000A02C4C48B5CD83C765011946C105A30F6E
:10A98000F10008089760FE1FE78080278347640076
:10A990000357C1018987858BD98F231EF100EFE012
:10A9A0004FF083C751986390A70283C7818799C3EB
:10A9B000EFF0EF9A97A7FE1F938787949C5B81C760
:10A9C000854521458297EFE0CFEDA2850808EFE0AD
:10A9D0003FC7AA84554905ED894503C56198EFA095
:10A9E000AEECB250225426850259925445618280C1
:10A9F000035544008544EF307FEF65D5834755000C
:10AA0000194693056500A30FF100A5BF0149034650
:10AA10001400035544008545EFE03FE3E30E09E8E9
:10AA20004A868D4503554400EFE03FE271B5034788
:10AA300015009947631AF70203554500EF301FEBE5
:10AA4000AA841DC183C7618709476389E7020D474F
:10AA50006380E70205476399E70083455500035586
:10AA600044000146EFE05FA30346140089455DBF43
:10AA70000146814513050041EFF0FF8983554400ED
:10AA800003C504001546EFC05EACF9BF9305450051
:10AA9000034535000146EFF04FB983C75198E37D78
:10AAA000F5E099473305F5021306C40091451305F7
:10AAB00055021375F50FEFB08ED503C54187EFB082
:10AAC0006ECFDDBB83C771980355450081C783C531
:10AAD00051870DB583C7A18799E3954521BDEF3017
:10AAE000FFE0AA84E30A05DC8347A400858B85CBBD
:10AAF00003455500854763F4A7028357C40093F7C5
:10AB0000072091EF100893856400EFF00FB283C720
:10AB100051986396A7008D4503554400E1BB83C55A
:10AB200054000355440013068400EFE0FF960146ED
:10AB30008145CDBD03554500EFF06FBDB5BB035555
:10AB40004500EFF0EFA483C7A18793F7F707238DA4
:10AB5000F1869DB379719397050122D406D626D24A
:10AB60004AD04ECEC1872E8463DE070803C56198A4
:10AB7000EFA08E9FAA8431C5834705001307100BF1
:10AB8000638BE7041307000D6387E7021307000BCD
:10AB90006396E70203474500F9476317F70003553B
:10ABA00025008145EFF04FBE83C544001385840026
:10ABB000EFF07EBF21A0EFF07FCB01C52685EFA08F
:10ABC0008E93A164A18CB2502254268502599254CE
:10ABD000F2494561828083474500EDF303568500C5
:10ABE0008355650003552500238C0198EFF04FC273
:10ABF00083C78199E1D703C54187238C0198EFB0C2
:10AC00006EBB6DBF93F7250085C381450145EFE01D
:10AC10003FA39344240083C76198854511E189458A
:10AC20003E85EFA06EC845B793F715006384070C07
:10AC30001389019A832709009384C19983D9470016
:10AC40009C4099EFC1651387C19A894617B60000E9
:10AC50001306C66DFD150545EF005F8F23AEA19865
:10AC60008C40134414009DE9832709000146854563
:10AC700003D5470093140401C180EFE01FBD832773
:10AC8000090001468D4503D54700EFE01FBC03C511
:10AC90004187EFB02EB2EFE0CFC535B79308F00F84
:10ACA000094881471307E100740003D6C19A4E8515
:10ACB000EF001FE011ED0346D1008347C1002206DB
:10ACC0005D8E19C69C404E8583D5A700EFF04FB42A
:10ACD0008840C165814603D6C19AFD15EF003FD17A
:10ACE0009314040123AEA198C1803DDD854503C5C1
:10ACF000619805BF93F745008144E38607EC93C450
:10AD00004500D1B503472500F14763ECE73017B69E
:10AD100000001306661C93162700B2969C42411150
:10AD200022C406C626C2B2972A84828783471500AA
:10AD3000C5EF414697A5FE1F9385458717A5FE1FC2
:10AD4000130585849760FE1FE78080F43DED17A60C
:10AD5000FE1F13066683C1450945EFB04EAB17A62B
:10AD6000FE1F13066683C1450D45EFB04EAA03C50D
:10AD70004187EFB02EA49305340017A5FE1F1305DD
:10AD8000258419469760FE1FE78080E78547854543
:10AD900017A5FE1F034555811797FE1F2322F77E37
:10ADA000EFA08EB09797FE1F9387877D8843938788
:10ADB000019B9C43BDCB03A3070063080306A28548
:10ADC0002244B24092444101028341469795FE1FBE
:10ADD0009385C5791795FE1F1305057C9760FE1FA7
:10ADE000E78000EB2DD541BF99471797FE1F232918
:10ADF000F7784DBF034715008347350039E709470A
:10AE0000639AE7029797FE1F938787779C43814554
:10AE1000014593F7F7F093E707021797FE1F2321E9
:10AE2000F776EFE08EFBA300A400B24022449244E8
:10AE3000410182800547814501456395E700EFE0C8
:10AE4000AEE9D5B7EFE02ED9F9BF0947E38FE7FCAC
:10AE50009797FE1F9387C7728843419913656500D2
:10AE60009797FE1F23AEA77099B783471500979455
:10AE7000FE1F9384E470ADEF8D47631DF704979731
:10AE8000FE1F83C7E76D139787016187635F070024
:10AE900093F7F70789451795FE1F0345F570179738
:10AEA000FE1F230FF76AEFA02EA09C40914613F7D8
:10AEB000F700631AD700C19B93E757001797FE1F4F
:10AEC0002320F76C85A88946E301D7F6C19B93E759
:10AED0002700EDB798409797FE1F23810768954696
:10AEE000937707FF3D8B6311D70693E74700F9B7C8
:10AEF0009C40C19B93E76700D1B71797FE1F1307CC
:10AF000027681C4383461500BA84C19B95E693E7E6
:10AF100047001797FE1F2325F7660356A5009305E4
:10AF20004500034535009146EFF02F9E9797FE1F91
:10AF3000238607628840A5BD13071003E39CE6FA49
:10AF40001797FE1F230C076093E7370085BFEFF0CC
:10AF5000FF919797FE1F9387A7629C43154793F62F
:10AF6000F700C19B13E53700E39CE6EE13E52700ED
:10AF7000C5BD9796FE1F9386A6609C4203461500AA
:10AF8000B68493F7F7F021EECD466313D70493E729
:10AF900007011797FE1F2325F75E9797FE1F83C7AC
:10AFA0009762139787016187635F070093F7F7073D
:10AFB00091451795FE1F0345355F1797FE1FA304A4
:10AFC000F760EFA06E8E9C40370500015D8DC5B324
:10AFD00093E707021797FE1F2324F75AEDB793E76D
:10AFE0000703CDBF9796FE1F938686599C427D76B8
:10AFF0001306F60FF18F034615000DE26D46631C34
:10B00000C70093E707101797FE1F232BF7569C42A4
:10B010003705000265BF93E70720F5B793E70730D0
:10B02000DDB7828003470500930610096307D70048
:10B030009307000D6305F7048280834615003947A6
:10B040006391E60483564500056713075740639AEA
:10B05000E60218459307F007830537006383F5027E
:10B060009387019B9C4391CF03A34700630B03008D
:10B070008347270003451700A2075D8D02836FF009
:10B080007FC8828001119397050126CA06CE22CC83
:10B09000C187AE8463DB070C1795FE1F0345D550AF
:10B0A000EF909ECC2A8419C99797FE1F83C7374B10
:10B0B00089EFEFF03FF72285EF90FEC32165258DE4
:10B0C000F2406244D2440561828083470500130741
:10B0D000000D6390E7068347250081E7EFF09FF4BA
:10B0E00009A81547639FE7000347C500A147E392FE
:10B0F000E7FCA2851795FE1F0345E54CEF90DECDDA
:10B1000075BF2147E38CE7FC99466395D7008347D9
:10B110007500F1BF1D47E39EE7F803554500EF308A
:10B12000EFFC51D90347C500A1472285E313F7F887
:10B13000C9B71307200AE38EE7F613071009E39F48
:10B14000E7F803471500B947E31AF7F80357450036
:10B15000856793875740E313F7F81845834727001F
:10B1600003451700A2075D8D5DBF9397150163DE50
:10B1700007001386419B91451145EFA05EE903C589
:10B180004187EFA03EE311651DBF93F71500CDCFBA
:10B190009797FE1F83C7873CADCBEF30BFA3979730
:10B1A000FE1F83C757178D8B6364F5068D472302F7
:10B1B000F1009797FE1F9387773A83C707004C00EB
:10B1C0001795FE1F0345553E2306F1009797FE1F76
:10B1D0009387C73E83C70700A306F100EFD01EEB9D
:10B1E0000DC59797FE1F9387A7398843419913652B
:10B1F00065009797FE1F23A5A7389387019B9C4363
:10B2000089C79C4399C38145829713C514004DBDDE
:10B210009797FE1F9387A73483C707001946979512
:10B22000FE1F938525342302F1009797FE1F938715
:10B23000673583C7070013056100A302F10097601B
:10B24000FE1FE780E09BB5B793F72500A1C797974E
:10B25000FE1F83C7E730858B9DCB1795FE1F0345E7
:10B26000B534EFE0CE9105C59797FE1F9387473120
:10B2700088431375F5F09797FE1F23A3A730938794
:10B28000019B9C4389C79C4399C38145829713C501
:10B2900024003DB593F745000145E38307E2979706
:10B2A000FE1F83C757328DCF1795FE1F0345D52F3D
:10B2B000EFE00E9015C59797FE1F9387672C884384
:10B2C000FD779387F70F7D8D9797FE1F23AAA72AF7
:10B2D0009387019B9C4389C79C4399C3814582976F
:10B2E00013C54400F1BB797122D426D206D6AA84B4
:10B2F0002EC6328436C43AC23EC0EF302FDF39C585
:10B300000358E500B24582471247A246636DB80074
:10B31000636B0401035605016317D600035625012C
:10B3200061456300E602231CB1003E862C08268599
:10B33000231D8100231ED100231FE100EF302FCAFF
:10B340000145B25022549254456182805145D5BF87
:10B35000011106CE9797FE1FA380A71691C52E85D3
:10B3600032C6EFE05FD232469797FE1F93874721A0
:10B370009C4395EF19C223A8C19AF2401796FE1F6D
:10B380000346261E9795FE1F83C505221795FE1FAF
:10B39000034595219387419B1797FE1F1307C71FEE
:10B3A0009796FE1F9386461E05616FE01EF3F240DE
:10B3B0004545056182809797FE1F83C7D7F58D8B22
:10B3C00081EB614582806145B24022444101828027
:10B3D000411122C406C61794FE1F0344F41C9307B0
:10B3E000F00FE312F4FE170500001305E5C9EFA006
:10B3F000CEB91797FE1FA309A71AE30685FC23A859
:10B40000019A9797FE1F23AD071691471797FE1FC6
:10B41000230CF718EFB0DECE414681451795FE1F8D
:10B42000130585169760FE1FE78000814146814520
:10B430001795FE1F130545169750FE1FE780C07F26
:10B4400023AA019A9797FE1F238B07109797FE1F39
:10B45000238A07129D471796FE1F1306E612C14561
:10B4600009451797FE1FA30BF70E9797FE1F23871B
:10B470000714EFA01E8B1796FE1F1306E611C14599
:10B480000D45EFA01E8A41469795FE1F9385C50F77
:10B490001795FE1F130585119750FE1FE780407614
:10B4A00041469795FE1F9385250F1795FE1F13059F
:10B4B000E50B9750FE1FE780A0741386419B9145D2
:10B4C0001145EFA01E86014501B7FD571797FE1FD6
:10B4D000A30CF70C1797FE1F1307C7FDA302F70075
:10B4E0002303F7001797FE1F2300070C05479796C5
:10B4F000FE1F2385E60623AA019A19479796FE1F89
:10B50000239EE6060567130707C89796FE1F239C30
:10B51000E6061797FE1F2308F70A9D471797FE1F99
:10B52000230107041797FE1FA30B07021797FE1F9F
:10B53000A308F7021797FE1F2309F7021946814552
:10B540001795FE1F130505021753FE1F6700C36EF4
:10B55000930705D04111C20722C406C6C1835D47C7
:10B560002E84636BF71017B700001307279E8A0716
:10B57000BA979C43BA9782879797FE1F83C7C702E3
:10B580002300F40035A041469795FE1F9385C5FF23
:10B5900022859750FE1FE780A06619A8414697951F
:10B5A000FE1F938565FFEDB79387419B9C439CC12C
:10B5B0008147B24022443E854101828019469795D9
:10B5C000FE1F9385E5FFE9B79797FE1F83C707F92D
:10B5D00045BF2E85EFE0CE8CE1BF2E85EFE0AE8E2D
:10B5E000C1BF9797FE1F83C787F759BF9797FE1F65
:10B5F00083C747F971B719469795FE1F938585F65E
:10B6000041BF9797FE1F83C777F59DBF9797FE1F92
:10B6100083C7C7FAB5B79797FE1F938767F69C4312
:10B6200085B79797FE1F83C7C7F399BF9797FE1FEC
:10B6300083D7C7F42310F400A5BF9797FE1F83D7C5
:10B6400087F4CDBF9797FE1F83C797F115BF9797D4
:10B65000FE1F83C787F12DB72E85EFE00E8A89BFC5
:10B660009797FE1F83C7C7EF93F7F70711BF979709
:10B67000FE1F83C757F529B7130720048947E36ADC
:10B68000A7F2EFB0BEA02310A4001DB79307F5CF1B
:10B69000C207AE86C183D9452A8763EAF52E17B85B
:10B6A00000001308A8908A07C2979C43411106C660
:10B6B000C297B285368582874147E147639EE6029D
:10B6C00041461795FE1F130525EC9750FE1FE78096
:10B6D000205315A04147E1476390E6024146179584
:10B6E000FE1F130565EBD5B71147E1476396E600EA
:10B6F0001C4223AAF19A8147B2403E8541018280D3
:10B700000547E147E39AE6FE034706009797FE1FC9
:10B7100083C7C7E49796FE1F2382E6E495C7814757
:10B7200061FF1797FE1F1307A7E5184389463D8B56
:10B730006305D7009546E311D7FC1795FE1F034517
:10B74000B5E6EFD0FEAB45BF81475DD71797FE1F2B
:10B75000130707E318436306A7003D8B7517E36DD6
:10B76000E5F885451795FE1F034515E4EF90DE9338
:10B7700059B79307C01C63E8D72063060620B24080
:10B7800041016FD05EC59307C01C63EED71E630CEA
:10B79000061EB24041016FD03ED40547E147E39D0C
:10B7A000E6F403470600A946E3E8E6F49797FE1F90
:10B7B0002387E7DA89B70547E147E39FE6F20347C6
:10B7C00006008D46E3EAE6F29797FE1F238CE7DA40
:10B7D0001DB71947E147E391E6F219461795FE1F99
:10B7E000130545D8DDB50547E147E397E6F0034784
:10B7F00006009D46E3E2E6F09797FE1FA380E7D69A
:10B80000DDBD0547E147E399E6EE034706008D46B7
:10B81000E3E4E6EE9797FE1F2382E7DAE9BD0547EA
:10B82000E147E39BE6EC834706001797FE1F230AD8
:10B83000F7D2D1B50947E147E390E6EC035606009D
:10B8400005671307A7C79306A6FFC206C182E36573
:10B85000D7EA9797FE1F2393C7D271BD0947E147E7
:10B86000E39CE6E80356060005671307A7C793069F
:10B87000A6FFC206C182E361D7E89797FE1F239413
:10B88000C7D095BD834506001796FE1F0346E6CD3B
:10B890009797FE1FA386B7CC0145EF70EFBBA1BD04
:10B8A000034606009795FE1F83C595CB9797FE1F0D
:10B8B000238DC7CAD5B79307C01C63E6D70C61C6F2
:10B8C000B24041016FD07ED10547E147E396E6E201
:10B8D000834706001797FE1F034787C8058B979677
:10B8E000FE1F238FF6C693F6170011C7E39506E0F7
:10B8F000EFD05EAB09B5E38006E01797FE1F130794
:10B9000027C818438945398BE31E07E493E707F8F6
:10B910001797FE1F2306F7C4F9BB0547E147E39DD0
:10B92000E6DC834706001797FE1F0347D7C99796A3
:10B93000FE1FA38AF6C811C7E39F07DAEFD0FEA85F
:10B940005DBBE38A07DA1797FE1F130767C3184327
:10B950001377070F19C3914531B593E707F8179788
:10B96000FE1FA302F7C641BB9307200463EFE70065
:10B9700089458947E392B6D8B240835506003A8597
:10B9800041016FB07EC5E14785BB8947B5B39307D9
:10B99000200463E9A700894589476396B60083556B
:10B9A0000600C5B789473E8582806F702FAB411175
:10B9B00006C6EF80A0311725FFFF1305A5A3EF9062
:10B9C000DEDCEF101F8D17C5FEFF130565CCEF9071
:10B9D000DEDBEFB03EC717F5FEFF130565E1EF9024
:10B9E000DEDAEFE01EDE1745FFFF13054539EF9065
:10B9F000DED9EF406FCE17F5FFFF1305E515EF9089
:10BA0000DED8EFE01F851715FFFF1305A5F2EF90B5
:10BA1000DED7EF00BFEEB24041016FF0DF9997979C
:10BA2000FE1F9387E7BA1797FE1F1307E7B99C43DA
:10BA3000184301456313F700828083D6670081E6CF
:10BA400083D6470036959C43F5B79797FE1F93879B
:10BA5000278B8C431797FE1F0357C78A4111138604
:10BA600005229797FE1F23A5C7B6938785FFBA9730
:10BA700005659796FE1F23A9F6B406C61D059356C5
:10BA800037006374E500930600203307D60017954E
:10BA9000FE1F232DE5B223A0E522E1162312D600D6
:10BAA000231306001CC3998FE1172312F7002313F9
:10BAB0000700EFF0DFF6B2409787FE1F2399A77EBD
:10BAC000410182809797FE1F938787B01797FE1FCB
:10BAD000130787AF9C43144301456393F6008280AC
:10BAE00003D7670011E703D747006373E5003A8582
:10BAF0009C43E5B79797FE1F938787AD9796FE1FE8
:10BB0000938686AC9C4390422A87B305B540631464
:10BB1000F6003A8529A8938687009C43E369D7FEFF
:10BB2000E377F7FE2E85E3E4D5FEE3F2F5FE8280AF
:10BB300083C705002300F50083D72500A300F50087
:10BB400083D72500A1832301F50083C74500A30106
:10BB5000F5001145828023AE019A23AC019A8280C0
:10BB600029C1411126C206C622C4AA8401458DC539
:10BB70002E842285414697A500009385E54897507D
:10BB8000FE1FE780E00783C7040005452306F40095
:10BB900083C71400A306F400B2402244924441013A
:10BBA000828001458280011122CC26CA06CE094737
:10BBB000AA8432846383E50441468147639BC500C0
:10BBC000638FE6006397B6001DA841478147638FE6
:10BBD000E600F2406244D2443E85056182808A8557
:10BBE0002285EFF0FFF741468A8521A88A85EFF08C
:10BBF0003FF741468A85228531A0E398B6FC2E8620
:10BC0000A28526859750FE1FE7808008AA87D1B7B6
:10BC100023AEA19A8280011122CC0354650006CE86
:10BC200026CA4AC84EC641C083298500AE842A88E8
:10BC300003C909008147131789016187635507020A
:10BC4000B147054563FA870451144204035528009F
:10BC5000418033878900A2864E868545EF30FFFC00
:10BC6000B337A00085077D14135569004204058988
:10BC70001379F90341802380F400A380A400238179
:10BC8000240123928400014719C01387190098C426
:10BC900009476383E7000145F2406244D2444249C8
:10BCA000B249056182800545C5BFC167F917630ABE
:10BCB000F502D94763F7B702011122CC2EC606CE92
:10BCC0002A84EF10EFC9B2456368B500228562444B
:10BCD000F24005616F20FFE7F240624405450561CF
:10BCE000828005458280C167F9176314F5006F10E3
:10BCF0002FC7411106C6EF209FD411E15D45B24028
:10BD00004101828039714ED656D25AD006DE22DCED
:10BD100026DA4AD852D4AA8A2E8BB28949EF36C67F
:10BD2000EFF07FFC9145EF102FD4AA844D492DC927
:10BD3000B246054A238034010544630A0B00B685E8
:10BD400013851400029B0505131405014180E209C7
:10BD500093D9894163D30902C1455685EF207FDC21
:10BD6000654905E933868400A2852685EF301FBD2D
:10BD70002A8905E131044204418091472C08568507
:10BD8000231CF10026CE231D8100EF208FE22A899B
:10BD900001C963070A0026859760FE1FE78060D10E
:10BDA000F25062544A85D2544259B259225A925A98
:10BDB000025B21618280BA84014AADBF011122CCAD
:10BDC00026CA4AC84EC606CE2A893284B689EFF002
:10BDD0007FF3AA8405E19387C19B9C4381CF0547EC
:10BDE0006317E40003C4090005041374F40FA2856B
:10BDF0004A858297F240624426854249D244B2493C
:10BE000005618280AE86014705469705000093854F
:10BE100065D26FF0BFFA83D705002300F50083D702
:10BE20000500A183A300F5000945828083C7250092
:10BE300005472300F50003D505006397E7000A05D1
:10BE40000505420541818280C9473305F502CDBF12
:10BE500003D505000A0542054181828083D725006C
:10BE60002300F50003D5050083D725003305F5022F
:10BE7000050542054181828003D50500828003D5F6
:10BE80000500828003D50500828083D7250023002A
:10BE9000F50003D5050083D725003305F502050518
:10BEA00042054181828083D705002300F50083D7B6
:10BEB0000500A183A300F50083D725002301F50029
:10BEC00083D72500A183A301F50003D54500110503
:10BED00042054181828083D705002300F50083D786
:10BEE0000500A183A300F50003D52500090542053F
:10BEF0004181828089471145639BF6008347160084
:10BF0000834606000145A207D58F2310F7008280E3
:10BF100003D70500D947AE8663FAE70001470D460F
:10BF200097050000938565EF6FF05FE90945828012
:10BF300011456393A6028347160083460600014518
:10BF4000A207D58F2310F7008347360083462600CB
:10BF5000A207D58F2311F700828083C725000547EC
:10BF6000FD1793F7F70F6361F70483D705008DCFB3
:10BF7000011122CC2A84C84106CE15C12EC689459E
:10BF8000EFF05FB72A8722856244B246F240154639
:10BF9000970500009385C5E905616FF03FE2F24027
:10BFA00062440945056182800945828095471145B3
:10BFB00063F9D706411122C426C24AC006C6834788
:10BFC0001600BA8403470600A2073284D98F239053
:10BFD000F400834736000347260093054400A20778
:10BFE000D98F2391F40089472382F40009461385F1
:10BFF000540036899750FE1FE78080C09307A9FF41
:10C000002394F4009947631BF90023A60400B2406F
:10C010002244924402490145410182801904C0C46E
:10C02000FDB7828083D705008DCF011122CC2A84F1
:10C03000C84106CE15C12EC68545EFF0BFAB2A8795
:10C0400022856244B246F2401D4697050000938562
:10C0500065E005616FF09FD6F240624409450561D5
:10C0600082800945828099476395F604894741118A
:10C0700006C62302F7008347160083460600B285F2
:10C08000A207D58F2310F70083473600834626008A
:10C0900003464700A207D58F130557002311F70069
:10C0A00091059750FE1FE780A0B5B24001454101C0
:10C0B0008280D14711456394F600C1474DBF82800D
:10C0C00083D705008DCF011122CC2A84C84106CE2A
:10C0D00015C12EC68945EFF0FFA12A87228562444B
:10C0E000B246F240254697050000938565D7056165
:10C0F0006FF0DFCCF240624409450561828009455A
:10C10000828089471145639BF6008347160083466A
:10C1100006000145A207D58F2310F7008280011188
:10C1200022CC2A84C84106CEAE86014719C52EC648
:10C130008545EFF03F9CB2462A8722856244F24053
:10C140002D4697050000938565D305616FF01FC7E5
:10C1500011456393A60283471600834606000145F6
:10C16000A207D58F2310F7008347360083462600A9
:10C17000A207D58F2311F7008280011122CC2A84D7
:10C18000C84106CEAE8611C52EC68545EFF09F96F6
:10C19000B2462A8722856244F24035469705000060
:10C1A000938525CE05616FF07FC193F71600114589
:10C1B00089EB89476387F60085822312D70010C375
:10C1C00001458280011122CC2A84C84106CE15C1C6
:10C1D0002EC68545EFF01F922A8722856244B2461B
:10C1E000F2403D4697050000938505CA05616FF052
:10C1F000FFBCF240624409450561828083D7050097
:10C200008DCF011122CC2A84C84106CE15C12EC67D
:10C210008945EFF03F8E2A8722856244B246F2407C
:10C22000454697050000938585C605616FF01FB9E7
:10C23000F240624409450561828009458280854754
:10C2400063FCD7022304A700A304B70083471600AA
:10C2500083450600A207CD8F2310F7009387E6FFE2
:10C260002311F70089476386F600090650C301458C
:10C27000828023220700E5BF114582800147814665
:10C280004D4681456FF09FB38D47114563FBD70243
:10C290008347160083450600A207CD8F2310F700C1
:10C2A0008347360083452600A207CD8F2311F70070
:10C2B0009387C6FF2312F7006386A600110610C7F6
:10C2C0000145828023240700E5BF011122CC2A8486
:10C2D000884506CEAE8611C52EC69545EFF09F81E6
:10C2E000B2462A8722856244F2405D4697050000E7
:10C2F0009385A5BB05616FF07FAC854711456397BA
:10C30000F6008347060001452300F70082800147BD
:10C310008146654681456FF07FAA011122CC2A84AF
:10C32000C84106CEAE86014719C52EC68D45EFF031
:10C330006FFCB2462A8722856244F2406D4697051B
:10C340000000938585B905616FF0DF9B011122CC58
:10C350002A84C84106CEAE86014719C52EC68D4532
:10C36000EFF04FF9B2462A8722856244F2407546C3
:10C3700097050000938565B605616FF0BF9881470A
:10C3800017A80000130848C91306F00F3307F80078
:10C39000834607001397060141836364E5006393B6
:10C3A000C600828083D605006365D7002390E50030
:10C3B0008280850793F7F70FD1BF4111939705014D
:10C3C00022C406C626C2C1872E8463D50702EF8029
:10C3D000BE99AA8409CD83470500054793C707087E
:10C3E0006364F700EF60600D2685EF80DE902165C5
:10C3F000218D29A893F7150099CF9787FE1F938762
:10C40000671DFC5791C3829713451400B240224424
:10C4100092444101828093F7250099CB9787FE1FB4
:10C420009387471BBC5B91C3829713452400F9BFD8
:10C4300093F7850081CF9787FE1F9387A719FC5F2D
:10C44000BC5B91C3829713458400C9B793F745003D
:10C4500081CF9787FE1F9387E717FC5FFC5791C337
:10C460008297134544005DB793F7050291CF9787F4
:10C47000FE1F9387271683A7070983A7070991C380
:10C4800082971345040259B793F7050191CF978717
:10C49000FE1F9387271483A7070983A7C70891C3A3
:10C4A0008297134504019DB7939725010145E3DF6A
:10C4B00007F49786FE1F83C656121786FE1F034693
:10C4C000C6119785FE1F83C535111785FE1F0345CD
:10C4D000A510EFB00F86096521BF41111306801228
:10C4E000814522C42A841785FE1F1305A50E06C6A2
:10C4F0009787FE1F23A607209740FE1FE780C07383
:10C500000145EF2070100145EF2050189787FE1F5E
:10C51000A38D87D8B707D707B5071787FE1F232531
:10C52000F70CB7A70D0D938707211787FE1F232F41
:10C53000F70AB7A7D707938707211787FE1F232975
:10C54000F70AE977938707211787FE1F2314F70A55
:10C550001784FE1F130404087D4781472320E40E3F
:10C560000327040D2322F40EB7872D049387F79F2A
:10C570005D8F8327440D9786FE1F23A5E6129786BD
:10C58000FE1F23A5E61293E7E7391787FE1F232135
:10C59000F7129786FE1F23A9F6109787FE1F83C701
:10C5A00007D71787FE1FA305F70E1787FE1FA305E2
:10C5B000F70EF977FD171787FE1F2310F71217875D
:10C5C000FE1F231DF710FD471787FE1F2309F710D5
:10C5D0009787FE1FA38C070285679387F7F017875D
:10C5E000FE1F2316F7021787FE1F2313F702EF9093
:10C5F0002EC19787FE1FA380A7FE9307C01C178735
:10C60000FE1F2316F70485471787FE1FA303F700B5
:10C610009787FE1F83D707CFA9831787FE1FA30D18
:10C62000F7028D471787FE1F2317F7FE9787FE1F18
:10C6300023A407FEB7170706938707441787FE1F33
:10C64000232EF7FC9787FE1F938787CB83D707019D
:10C650001307B00F6374F7009307B00F1396070129
:10C660001787FE1F231DF7F81787FE1F231BF7F8F8
:10C670008347C40341829306E600918BC9CF930799
:10C68000A6088E07C207C1831787FE1F231AF7F675
:10C690000347D403118B59C31307A6080E0742079B
:10C6A00041839785FE1F239FE5F4ED453287637331
:10C6B000B6006D471786FE1F231FE6F2130680148F
:10C6C0003E8763F4C700130780148E069787FE1F0A
:10C6D0002394E7F29787FE1F2392E7F29787FE1FC6
:10C6E000239DD7F09307C01C1787FE1F2314F7F272
:10C6F000B7071600938707901787FE1F2326F7F0CA
:10C70000EF902FCEEF40701BEF801FA22244B2406B
:10C7100041016F60202893973600ADB7139736001C
:10C72000BDBF411106C622C426C21787FE1F03479C
:10C7300047EE9787FE1F83C7D7ED6369F700014473
:10C740002285B2402244924441018280AA8493050A
:10C7500010241305800B9750FE1FE78060282A8461
:10C7600079DD1306800B81459740FE1FE780C04CA2
:10C7700081E4C1572304F4009787FE1F938787E560
:10C78000B84F3DE71787FE1F232087EA1787FE1F54
:10C79000232E87E81787FE1F232C87E82320040019
:10C7A00005479786FE1F2386E6E60547A304E400B7
:10C7B000130700F9A305E4001787FE1F130787D1AD
:10C7C000544B184F1785FE1F0345C5B474C438C8B1
:10C7D0007D57230BE40083C7A704A30EE4062304BC
:10C7E000A4062306F40AEF809FB6A30AA40089BF1B
:10C7F000F84F00C31787FE1F232C87E22320040075
:10C8000003C7E703050771BF8347E501411122C450
:10C8100006C69907A308F5007C4511472308E500E3
:10C820002380E7007C45034715012A84A380E700A5
:10C8300083475503858B91E7034745038947631970
:10C84000F70078448347070093E707042300F700C5
:10C85000684493056403194609059740FE1FE78065
:10C86000203A68440356E4014C5421059740FE1FCA
:10C87000E7800039930730F9A305F400B240224461
:10C880004101828041114AC01789FE1F130989D4D2
:10C890008327490B06C622C426C299E3054505AA8B
:10C8A000AA84EF80BFEE8327490B8297EF40C057E1
:10C8B0002A846DD5DC50AC482324F50803C7B400A6
:10C8C0009307A009631BF71085472300F51483C75E
:10C8D00034062303F514A303F51483C7F50003C737
:10C8E00005010148A2074207BA9703C7E5001546AC
:10C8F000F905BA9703C735FF130584136207BA9782
:10C90000232CF40883C755FF03C765FFA20742071E
:10C91000BA9703C745FFBA97232EF40883C775FF5C
:10C92000A30BF40283C795FF03C785FFA207D98F26
:10C93000231CF40283C7B5FF03C7A5FFA207D98F45
:10C94000231DF40283C7D5FF03C7C5FFA207D98FF4
:10C95000231EF40283C7F5FF03C7E5FF232E04134C
:10C96000A207D98F231FF4028147232CF41297408A
:10C97000FE1FE780E028B84883473702FD8BA30AF3
:10C98000F40203473702ED1793F7F70F15832308D7
:10C99000E4022D476368F7028357A40305679306F3
:10C9A000A7C7E917C207C18363EEF6008356C40325
:10C9B0009307301F63E8D7008357E403130707C8C2
:10C9C000637EF70203558400EF4020660145B240C4
:10C9D000224492440249410182808327890D1397A2
:10C9E0001701E35C07EEFC4403C7070083C705009B
:10C9F000F98F9583858B2300F514C5B58327890BA3
:10CA0000228582978327090E03558400294693F7D0
:10CA1000072091E3054693050008EF50B0438327B4
:10CA2000890D139717016359070003558400514678
:10CA300093050008EF50104283274905FC4B1397DC
:10CA40004700E35D07E403C58400A38B0400494667
:10CA500093050008EF50104091B5411122C406C65D
:10CA600026C24AC09787FE1F83C7D7B62A848DEB9C
:10CA70000347040185476318F70E8347D403034730
:10CA80005404858B631FF70C194693056404130542
:10CA9000E4039740FE1FE780A01FB334A000A1A8C5
:10CAA00083475504DDC78347B5041307000493F794
:10CAB000070C6390E70A085931C513096404CA8555
:10CAC0001305A5029750FE1FE780806C8547AA8456
:10CAD000631AF502085889472302F4048347350096
:10CAE0001946CA8593E72700A302F404510597402D
:10CAF000FE1FE780E010B24022442685024992449E
:10CB0000410182800347040185476304F70483479A
:10CB10000406918B9DEF8347C40385EF13054404FE
:10CB20009750FE1FE780C07208D805C589472302C9
:10CB3000F4048347350019469305640493E72700FE
:10CB4000A302F40451059740FE1FE780600B854463
:10CB50005DB78347C403898B81DF1C5883C71700E7
:10CB600081FB814449BF83470406918B99F7834732
:10CB7000D40013F717000DC3834634010D47639D9E
:10CB8000E60068402C442244B240924402494101EC
:10CB90001743FE1F6700C34E898BD5DB0347340163
:10CBA0009547E316F7FAF1BF41119787FE1F238FD0
:10CBB00007A822C4930710F906C6A305F5009787B6
:10CBC000FE1F9387A7B380430DC085451775FE1FD1
:10CBD0000345B56DEF803E92930710273305F502AC
:10CBE00022832244B24041010283B24022444101E7
:10CBF00082808347A50199C70347A5006314F70006
:10CC00006FF09FFA0347950111CF8346A500638219
:10CC1000E6022305E50089451775FE1F0345F56803
:10CC20006F808EC8F1DF0347A50079FB2305F5006F
:10CC3000DDB7F9D7E5BF2C49314783C7150093F716
:10CC4000F7032309F5006386E700930700083E8594
:10CC5000828083C705000D47BD8BA309F500E396CD
:10CC6000E7FE41114AC01309650322C419462A840C
:10CC7000A1054A8506C626C29740FE1FE7804001EF
:10CC80009147630105242C4819461305640483C7A2
:10CC9000050089059987858BA302F4049740FE1F40
:10CCA000E78000F62285EFF05FDBA147630C0520EB
:10CCB0001305200483044401EFA04EBD6205618585
:10CCC0009307000863C0A42064449D472308F40030
:10CCD0002380F40085472381F400A381F400CA85F2
:10CCE0001946138544009740FE1FE78060F183C713
:10CCF000240003C734000149990793F7F70F13671E
:10CD000087002381F400A381E4007844BA97035795
:10CD1000C406A381E70083C7240078448346140631
:10CD20003E978357C4069206A183BD8BD58F2302FD
:10CD3000F70003C7240009071377F70F2381E400E6
:10CD40008356E401F1C283470406795993F7070437
:10CD500091C375593309E9401379F90F6376D90AFC
:10CD600083463406751989471379F90F6393F616CC
:10CD70008347B40663980716916793870729F94696
:10CD80009387771BB3C7D7021786FE1F0346068C0F
:10CD9000136606019785FE1F238AC58A1776FE1F34
:10CDA00013060675104285650CC6B386D702860643
:10CDB00034D283C6340093E60601A381D4007444C0
:10CDC000034624063697A301C70083C6240078448F
:10CDD00036972302F70003C724007444A187BA964C
:10CDE000034734061607D98FA382F60083C72400B1
:10CDF0008D072381F4005C54CA973CDC8357E4011F
:10CE0000B38727412319F4068347040693F70704E1
:10CE100085C703C734007C4483C624001367070416
:10CE2000A381E40003475401B697A381E70083C7B9
:10CE3000240085072381F40003C524000356E40180
:10CE40004C549307350068443E954DC26360C90A4F
:10CE50009740FE1FE780C0DA0349E40103C72400BE
:10CE60009377F70385073E99A30824012381E40003
:10CE700083475403858B91E703474403894763192C
:10CE8000F70078448347070093E707042300F7007F
:10CE90007C4483451401A380B700930790F9A30550
:10CEA000F400034534068347B4065D8DEF804FD709
:10CEB000014681450D459740FE1FE7804060EF80A9
:10CEC000FF8C8147B2402244924402493E85410191
:10CED0008280054693078042E383C6EA856793878D
:10CEE000878471BD85679387E71B51BD4A8697404C
:10CEF000FE1FE780E0D09DB72C491307200283C7AF
:10CF0000150093F7F7032309F5006393E714411124
:10CF100022C406C626C283C7050015472A84BD8BD6
:10CF2000A309F500639CE7021946A10513056503F3
:10CF30009740FE1FE780C0D59147630505102C4838
:10CF400019461305640483C7050089059987858BF5
:10CF5000A302F4049740FE1FE78080CA2285EFF009
:10CF6000DFAFA14765C19777FE1F9387A7389C4322
:10CF700082976444A14748D02308F4002380F4003A
:10CF800085472381F400A381F400194693056403C7
:10CF9000138544009740FE1FE78080C683C72400A6
:10CFA00099072381F40083C7340093E72700A38106
:10CFB000F4008347540481CB78448347070093E708
:10CFC00007F82300F7001946930564041385A400AD
:10CFD0009740FE1FE780C0C283C72400990793F7DC
:10CFE000F70F13F7F7030507A308E4002381F40004
:10CFF00083475403858B91E70347440389476319AB
:10D00000F70078448347070093E707042300F700FD
:10D010007C4483451401A380B7009307A0F9A305BE
:10D02000F400034534068347B4065D8DEF804FBF9F
:10D03000014681450D459740FE1FE7804048EF803F
:10D04000EFF48147B240224492443E854101828000
:10D05000930700083E85828041114AC01779FE1F60
:10D06000130909498327090022C41307000A06C6C9
:10D0700026C22A84F8D30945EF80AFF99776FE1FC0
:10D08000938686449042B7050082FD155C56F19B5D
:10D0900093E717005CD6032709005C4393E717006A
:10D0A0005CC38347840693F7F703139797015C5695
:10D0B000ED8FD98F5CD6371700409307700523009A
:10D0C000F704930780FA2300F70403068406B547A4
:10D0D00063D2C7168357270293E707012311F7028C
:10D0E0009C423706330098431377F7E798C3984379
:10D0F0001377F7E71367071098C31777FE1F130717
:10D10000674418431447D18E14C7832609001306B9
:10D11000A00DB0CA5457F59A54D703472406937606
:10D12000F7079843137707F8558F98C337C7898E49
:10D13000130767ED98C737575500644413075755D1
:10D14000D8C39D472308F4002380F400854723813A
:10D15000F400A147A381F4007C440357C406238252
:10D16000E70083C724007844834614063E9783571C
:10D17000C4069206A183BD8BD58F2302F70003C599
:10D1800024009307E00F09051375F50F2381A40010
:10D1900003562407898F63CFC7047C442C5C0D059C
:10D1A0003E959740FE1FE780A0A503C72400834754
:10D1B00024079376F7038507B697A308F400238125
:10D1C000E40083475403858B91E703474403894771
:10D1D0006319F70078448347070093E707042300A7
:10D1E000F7007C4403471401A380E700930780F90C
:10D1F000A305F40083270900784481451715000032
:10D200001305E53BB8DBEF800EC49777FE1FA384C0
:10D21000072C834534068347B40603461401224491
:10D22000B24092440249DD8D014541011743FE1F82
:10D230006700E32883572702C207C183BD9BC2074B
:10D24000C18369BD397152D4177AFE1F130A4A2A65
:10D2500083260A0022DC26DA06DE4AD84ED6930759
:10D26000000AFCD29777FE1F938707269C43B705D9
:10D2700033002A84D857719B13671700D8D7984377
:10D280001377F7E798C398431377F7E71367071007
:10D2900098C31777FE1F1307E72A184310474D8ED0
:10D2A00010C71306A00DB0CA5057759A50D7034740
:10D2B00025061376F7079843137707F8518F98C31D
:10D2C000DC420D4793E71700DCC264459D47230805
:10D2D000F50085462380F400A38104002381D40057
:10D2E0008347F5056385E70019476399E75285474A
:10D2F000A381F40019469305640313854400974005
:10D30000FE1FE780E08F83C7240099072381F40084
:10D310000347F40599476316F70483C73400138560
:10D32000A40093E72700A381F40083475403898B6B
:10D330006387071E0C5883C725016382071E1946A1
:10D34000D1059740FE1FE780A08B784483470700F4
:10D3500093E707F82300F70083C724009907238188
:10D36000F40083C7340003C7240093E78700A38138
:10D37000F4007C44BA970357C406A381E70083C72F
:10D3800024007844834614063E978357C4069206C9
:10D39000A183BD8BD58F2302F70003C724000907A3
:10D3A0001377F70F2381E4008356C4016388061ABC
:10D3B00083470406795993F7070491C375597C484C
:10D3C0003309E9401379F90F918B81C73919137922
:10D3D000F90F81496374D90A834734067519894660
:10D3E0001379F90F639FD7148347B4066394071624
:10D3F000916993890929F9479389791BB3C9F9027E
:10D400009776FE1F83C6862493E606011776FE1FD5
:10D41000230ED62283260A00056690C6B387F9023A
:10D420008607BCD283C7340093E70701A381F400C9
:10D430007C44834624063E97A301D70003C72400FB
:10D440007C4493D68940BA972382370183C724004E
:10D4500078443E97834734069607D58FA302F7009A
:10D4600083C724008D072381F4001C54CA973CDC39
:10D470008357C401B38727412319F4067C4891469A
:10D4800013F7C700630BD700B1466319D72683464D
:10D4900014060347F4076393E626A18BF1C7977739
:10D4A000FE1F938727E59C4383298409829717777A
:10D4B000FE1F130727E963E6A90AB7470F00338564
:10D4C000A94093870724B335F502035687008146A8
:10D4D0003305F502EF609025AA89B7074B00138743
:10D4E00049ED9387B7C763EBE7204946814568005C
:10D4F0009730FE1FE7804074B7C70300938737FC5F
:10D5000063CE3713BD09F947B3C9F902B24779773A
:10D51000F98FCE0993D93901B3E9370181AA83473D
:10D52000D40381CB78448347070093E707F82300AF
:10D53000F70019469305E4039730FE1FE780406C1F
:10D5400021BD854693098042E387D7EA856993899F
:10D55000898455B585699389E91B71BD8149014964
:10D5600031BF5C43BE9991BF83C734008345340605
:10D57000C18BB1CBF9470947B389F9028357240717
:10D580006395E5020347B40611CB93857710139694
:10D590001500B30736019389472981B71386A7077A
:10D5A00093163600B3873601FDB705476399E5004A
:10D5B0009386870713D71640B3073701E9BF9387D0
:10D5C0000707CE97C9BF83C724000357C4013E97FE
:10D5D0008947639CF5048347B406A1C7930777186E
:10D5E00086071777FE1F034777061367170097769E
:10D5F000FE1FA38DE60403270A00A16693898752C4
:10D6000014C793875754F946B3C7D702B387D702D5
:10D6100086077CD7834714062300B408A30FF406BB
:10D620006DBD9307A70F8E076DBF85469307070F44
:10D63000E399D5FA9307870F858765B7B7872500E4
:10D64000138747ED634637031307C01293896909AF
:10D65000B3C9E902B24789661387F6FFD58F33F75E
:10D66000E900F979B3F93701B3E9E9004EC619A821
:10D6700063C037178357C1006977F98F1167D98F56
:10D680002316F1008357640868446C001397070160
:10D690008357C100D98F3EC68327040A0327C408D5
:10D6A0003EC88327440A13168700618393F6F70167
:10D6B0009777FE1F83C737F29D8B9607D58FD18F43
:10D6C0003ECA832704094946A2075D8F8357840811
:10D6D0003ACC231EF10083C724008D073E95973076
:10D6E000FE1FE780E05183C7340093E70702A38160
:10D6F000F40083C72400C9072381F400834704068C
:10D7000093F7070485C703C734007C4483C624000D
:10D7100013670704A381E40003475401B697A3816C
:10D72000E70083C7240085072381F4000356C40162
:10D7300061E2014983C624008347E40513F7F60339
:10D7400005073A999A07D58FA30824012381F4008D
:10D7500083475403858B91E7034744038947631943
:10D76000F70078448347070093E707042300F70096
:10D770007C4403471401814517150000130525E477
:10D78000A380E700930760F9A305F400784483279A
:10D790000A00B8DBEF703EEB9777FE1FA38D07D230
:10D7A0009777FE1F238A07D2834534068347B40642
:10D7B000034614010145DD8D9740FE1FE78020D010
:10D7C000F2506254D2544259B259225A2161828095
:10D7D000B787DAFF93876709BE998347D10093F72C
:10D7E000F7F993E70706A306F1009307C01229BBD8
:10D7F00003C524000C549307350068443E956369C3
:10D80000C9009730FE1FE780A03F0349C4011DB740
:10D810004A869730FE1FE780A03E29BF1387E7FFA7
:10D820001377D70F6311071EA381D40093056503F7
:10D830001946138544009730FE1FE780603C83C77C
:10D84000240003C734009779FE1F9389A9D899074C
:10D8500093F7F70F136787002381F400A381E40097
:10D8600078440149BA970357C406A381E70083C7E8
:10D8700024007844834614063E978357C4069206D4
:10D88000A183BD8BD58F2302F70083C62400914767
:10D89000890693F6F60F2381D4000347F40563103D
:10D8A000F70C83470406795993F7070491C3755918
:10D8B0008357C4013309D9401379F90F6371F90A09
:10D8C00003473406751989471379F90F6318F71060
:10D8D0008347B406639D07109167938707297947AB
:10D8E0009387771BB3C7E70203C689071366060150
:10D8F0009775FE1F238CC5D403260A0085650CC6C8
:10D900003387E702060738D203C7340013670701DD
:10D91000A381E400784403462406BA96A381C60096
:10D9200083C62400784436972302F70003C72400F7
:10D930007444A187BA96034734061607D98FA38289
:10D94000F60083C724008D072381F4001C54CA9776
:10D950003CDC8357C401B38727412319F40683476E
:10D96000040693F7070485C783C7340003C7240060
:10D9700093E70704A381F4007C44BA97034754015A
:10D98000A381E70083C7240085072381F4000347B0
:10D99000F40591476317F7060356C4013DC203C55A
:10D9A00024000C549307350068443E956365C90410
:10D9B0009730FE1FE780C0240349C4010347F405E4
:10D9C0009147631AF72883C7890793F7070F93E7EF
:10D9D00057001777FE1F230BF7C6A9BB0546930711
:10D9E0008042E30EC7EE856793878784CDBD856748
:10D9F0009387E71BEDB54A869730FE1FE7804020EE
:10DA000075BF014965BF93F7B70F0547E393E7D2A9
:10DA1000A381F400930565031946138544009730EC
:10DA2000FE1FE780E01D83C7240099072381F400CF
:10DA300083C7340093E72700A381F4008347D4030E
:10DA400081CB78448347070093E707F82300F7006A
:10DA5000834754031385A400898B6387071A0C58E6
:10DA600083C725016382071A1946D1059730FE1F27
:10DA7000E780001978448347070093E707F82300FD
:10DA8000F70083C7240003C734009779FE1F9389EA
:10DA900069B4990793F7F70F136787002381F400A0
:10DAA000A381E40078440149BA970357C406A381CF
:10DAB000E70083C724007844834614063E978357C3
:10DAC000C4069206A183BD8BD58F2302F70083C6BF
:10DAD00024008547890693F6F60F2381D400034777
:10DAE000F4056310F70C83470406795993F707048C
:10DAF00091C375598357C4013309D9401379F90F7C
:10DB00006371F90A03473406751989471379F90FC8
:10DB1000631EF7108347B4066393071291679387D8
:10DB2000072979479387771BB3C7E70203C689079D
:10DB3000136606019775FE1F238AC5B003260A00E7
:10DB400085650CC63387E702060738D203C7340061
:10DB500013670701A381E400784403462406BA96BC
:10DB6000A381C60083C62400784436972302F700B9
:10DB700003C724007444A187BA96034734061607E6
:10DB8000D98FA382F60083C724008D072381F40078
:10DB90001C54CA973CDC8357C401B387274123191F
:10DBA000F4068347040693F7070485C783C7340048
:10DBB00003C7240093E70704A381F4007C44BA97C9
:10DBC00003475401A381E70083C72400850723810D
:10DBD000F4000347F4058547631DF7060356C401A7
:10DBE0002DCA03C524000C549307350068443E95A4
:10DBF000636BC9049730FE1FE78080000349C401AE
:10DC00000347F405854775BB8347D40381CB78442C
:10DC10008347070093E707F82300F70019469305A9
:10DC2000E4039730FE1FE780A0FDA1BD05469307E2
:10DC30008042E308C7EE856793878784DDB58567F3
:10DC40009387E71BF9BD4A869730FE1FE78040FBAC
:10DC500045BF014975B783C7890793F7070F93E756
:10DC6000670085BB011156C2977AFE1F938A8A9678
:10DC700083A74A0A06CE22CC26CA4AC84EC652C438
:10DC8000639507522A840945EF70BFB81779FE1FC4
:10DC900013090986032609009307000A9779FE1FD6
:10DCA000938989827CD283A70900B7053300568AFD
:10DCB000D857719B13671700D8D798431377F7E7A6
:10DCC00098C398431377F7E71367071098C317773C
:10DCD000FE1F1307278718431447CD8E14C79306DA
:10DCE000A00D34CA5457F59A54D70347A40093762D
:10DCF000F7079843137707F8558F98C38347E400D5
:10DD00007844BD8B2308F4002300F7001D476444CA
:10DD1000639CE73C8547A38104002381F40003470B
:10DD2000F4058D45631FB7288357C4016392071814
:10DD30007C481147B18B638DE71631476398E70044
:10DD4000034714068347F4076304F7168547A38146
:10DD5000F400194693056403138544009730FE1FB1
:10DD6000E78000EA83C72400990793F7F70F238120
:10DD7000F400034704061377070415C303C73400F0
:10DD800013670704A381E4007844BA97034754015A
:10DD9000A381E70083C7240085072381F4009777D8
:10DDA000FE1F2385078A83C624008347E40513F7F3
:10DDB000F60305079A07D58FA308E4002381F40032
:10DDC000930740F9A305F40083475403858B91E73B
:10DDD0000347440389476319F700784483470700E2
:10DDE00093E707042300F7007C4403471401B706B8
:10DDF0000082FD16A380E700032709005C4393E738
:10DE000017005CC38347840603A6090093F7F70352
:10DE1000139797015C56F58FD98F5CD63717004062
:10DE2000930770052300F704930780FA2300F70493
:10DE300083068406B54763D2D7368357270293E714
:10DE400007012311F70203A70900B7C7898E93873B
:10DE500067ED1CC7B7575500938757555CC3834779
:10DE6000A406834444068145170500001305257563
:10DE7000DD8C89471767FE1FA301F7669767FE1FB2
:10DE8000A38B0764832709007844B8DBEF70AEFBEF
:10DE9000034614016244F2404249B249224A924A7E
:10DEA000A685D244014505611733FE1F6700236133
:10DEB000A147A381F4008357C4062382F40083574B
:10DEC000C406034714067444A1831207BD8BD98F7F
:10DED000A382F60083C624000547890693F6F60F51
:10DEE0002381D40083478A07032609006313F706BA
:10DEF0000347440689476316F71E0347A406938722
:10DF000066008E07630B071C9387770D8607231A1D
:10DF1000F4068357440703478401F9459387070AAA
:10DF2000B387E70209451768FE1F2301A87205653C
:10DF300008C6938707FBC207C18393877716B3C7C9
:10DF4000B70213970701B387B702418386073CD214
:10DF50001DA03852F94705833357F7023C526C52E3
:10DF60008583FD8BAE977CD28D471766FE1F230FEE
:10DF7000F66C4207418383C7340093E70701A3810E
:10DF8000F4007C44BE968347240693E70704A381EC
:10DF9000F60083C624007C44B6972382E70083C63C
:10DFA00024007C4421837D8BB697834634069606F5
:10DFB000558FA382E70083C724008D072381F400D7
:10DFC000DDB399466319D70A0357C4014DE7A3810E
:10DFD000F400138544001946930564039730FE1F2F
:10DFE000E78000C283C724001385A400990723811A
:10DFF000F40083C7340093E72700A381F40083472C
:10E000005403898BB9C70C5883C72501B9C3194676
:10E01000D1059730FE1FE780A0BE784483470700F4
:10E0200093E707F82300F70083C72400990793F7C5
:10E03000F70F2381F4000347040613770704E30076
:10E0400007D683C63400784493E60604A381D4003F
:10E050002DBB8347D40381CB78448347070093E7E4
:10E0600007F82300F70019469305E4039730FE1FD5
:10E07000E78000B955BFA147A381F4008357C406C8
:10E080002382F4008357C406034714067444A18313
:10E090001207BD8BD98FA382F60083C624000547E3
:10E0A000890693F6F60F2381D40083C78A070326D7
:10E0B0000900E30FF7E23852F94705833357F702B7
:10E0C0003C5268528583FD8BAA977CD29767FE1FCE
:10E0D000238EB7564207418379BD9387A7048E07E5
:10E0E0003DB59387E600E5BF0547639CE708B14768
:10E0F000A308F40083475403898BADC30C5883C72E
:10E100002501A9CF1946D105138584009730FE1F3C
:10E11000E78000AF78448347070093E707F82300C0
:10E12000F700684419469305640309059730FE1FFC
:10E13000E78000AD83278A0D13971701635D070001
:10E140008347E400B98B81EB78448347070093E76A
:10E1500007022300F700930720F9ADB18347D403EA
:10E1600099C783C7040093E707F82380F400684445
:10E1700019469305E40321059730FE1FE78040A868
:10E180004DB70356C4010C541385840093076600F1
:10E1900093F7F703A308F400C5B783572702C20714
:10E1A000C183BD9BC207C18369B9F2406244D244B6
:10E1B0004249B249224A924A0561828041119767D9
:10E1C000FE1F9387274122C4A05306C605478346F6
:10E1D000C4006390E60283C7870711476315F70001
:10E1E0002285EFE07F9C22852244B24041016FF0FE
:10E1F0007FA7B2402244410182809767FE1F938728
:10E20000673DBC4F99E33E85828003C78700E30CDE
:10E21000A7FE9C43C5BF011106CE22CC26CA4AC820
:10E220004EC6EFF09FFD11E98144F240624426851D
:10E230004249D244B24905618280834755032A840A
:10E2400089EF19469765FE1F9385454713056403BB
:10E250009730FE1FE780C09AB5A80547639EE70088
:10E260009767FE1F83C72737C944E1D319469765CF
:10E27000FE1F93850545D9BF1C59A1EB8347C503F4
:10E28000230A050291EB034754038547230AF4024E
:10E290008947E317F7FC75B71305C5039740FE1FC1
:10E2A000E780C0F508D815C1EF40C0470C5883C7B8
:10E2B000A50081CF8947230AF4021946B105130549
:10E2C00064039730FE1FE780A09303474403894708
:10E2D000E31BF7FA9767FE1F83C7D72F9DCB8347B2
:10E2E000C40385CB83473404130700041305C40318
:10E2F00093F7070C6397E7109740FE1FE78040F500
:10E3000008D81C5899C783C7270181C78947230E9E
:10E31000F4028344C40089F885470349E4002306D6
:10E32000F400A304F4001767FE1F0347F7FE976786
:10E33000FE1F2381072A93170701231BE406937608
:10E34000F9001947C183637AD70683464406094713
:10E35000938947006394E6009389C7038356C401F9
:10E36000834534061767FE1F034767171305A00F81
:10E370009307E70B231B3407138726000946B3D600
:10E38000A6020E071765FE1F035545FC6390C508DE
:10E390001307A7040E073E979397A600BA97374630
:10E3A0000F00130606248146B3A5A7023305F50224
:10E3B000EF50D0374E95231BA4068357E40623184D
:10E3C0000406B1CB034564019307F00F6307F50022
:10E3D000EF70CE8CFD57230BF4000356E406930632
:10E3E00064011206A2851715000013054598EF6019
:10E3F000FEF685451765FE1F034535EBEF60DECA67
:10E400002DB59740FE1FE78060DFDDBD6D073E97AD
:10E410009397960061B78547E31DF9FC03456401B6
:10E420009307F00F6307F500EF704E87FD57230B3E
:10E43000F4000566930664011306068065B7411172
:10E4400006C622C42A84EF706FB422852306040016
:10E45000A3050400A3040400EFE00FF5854517654C
:10E46000FE1F034595E4EF607EFE89451765FE1F9C
:10E470000345B5E3EF609EFD034564019307F00F8C
:10E480006307F500EF708E81FD57230BF400B24057
:10E490002244410182802C49411106C622C426C271
:10E4A0004AC083C715007D4793F7F7032309F5009A
:10E4B000E91793F7F70F637BF70093040008B24066
:10E4C00022442685024992444101828083C7050087
:10E4D000BD8BA309F500F51793F7D70FF9FF2A8431
:10E4E0001946A105130565039720FE1FE780407AB2
:10E4F000914471D52C4885472302F40483C7050055
:10E50000194689059987858BA302F40413056404D1
:10E510009720FE1FE780C06E2285EFE00FD485476D
:10E520002A89E31CF5F80347340195476310F70483
:10E53000EF00506D9767FE1F83C7F7DD8D8B637704
:10E54000F50283470401E36AF9F69767FE1F938794
:10E5500067DA9C438144829748D02285EFE08FB2EE
:10E56000E31F25F52285EFF09FED91BF834704015E
:10E5700081C71947E393E7F413052004830444019A
:10E58000EF80DEB062056185E3C9A4F22285EFE089
:10E59000AFA78347A406034544068345140181447D
:10E5A0005D8DEF60FFE7014681450D459730FE1F09
:10E5B000E780E0F0EF708F9D19B7397126DA976424
:10E5C000FE1F9384240122DCA0504AD84ED652D498
:10E5D00056D25AD05ECE62CC66CA06DE314B978ADE
:10E5E0000000938AEAA4914B1769FE1F130989EE74
:10E5F0009769FE1F9389C9EF0D4C976CFE1F938C92
:10E600002CD0130A44018347B4009387E70693F79D
:10E61000F70F6367FB188A07D6979C43D6978287C4
:10E620000146930550020145EF603FF51306500285
:10E63000814505459730FE1FE78060E88347390034
:10E64000858BD1C328488146528681459767FE1F36
:10E65000A38307E89730FE1FE78040DC01E52285B1
:10E66000EFF07FE30347B40093073009E30DF7F8B9
:10E67000EF70CF912285EFE0CFD7F2506254D254A1
:10E680004259B259225A925A025BF24B624CD24C16
:10E690002161828083472900858B95C39767FE1F80
:10E6A000238B07E28347040105476375F700194789
:10E6B000E390E7FC9307B0F9A305F400A9B783A79B
:10E6C0000900FC53A9F39767FE1F238707E04DB7A6
:10E6D00083472900858B638B073C9767FE1F238C3C
:10E6E00007DE9384019CEF706F8A9C409DCBDC43D6
:10E6F0008DCB89472302F100834754041305610041
:10E700001946A302F10083474401930564042306DC
:10E71000F1009720FE1FE780A04E9C404800DC439C
:10E7200082978347740689CF834554040345840048
:10E7300013066404EFA05F9183477406898B9DFBE9
:10E740002285EFE06FC615BF8347B4060345340644
:10E750000146930550025D8DEF603FE20146814521
:10E7600005459730FE1FE78080D583473900858BAC
:10E770006383073428488146528681459767FE1F88
:10E78000A38B07D49730FE1FE78040C901E522859F
:10E79000EFE08FF60347B4009307A009E305F7E61F
:10E7A000EF60DFFE71BF8347B406034534060146C0
:10E7B000930550025D8DEF605FDC014681450545A4
:10E7C0009730FE1FE780A0CF83473900858B638495
:10E7D000072E28488146528681459767FE1FA38CE5
:10E7E00007CE9730FE1FE78060C301E52285EFE08A
:10E7F0008FC40347B400930790094DB7834729009E
:10E80000858B6385072A9767FE1F238607CCEF60F9
:10E81000FFF783C7840709476307F70083C78407A7
:10E820000D476315F70283A6090003574407BC523E
:10E830001307C712858363FBE700930750F9A3050D
:10E84000F400BC528583E39007DCDDBD03479401EF
:10E850008347A4011DCF8346A4006306D72863879E
:10E86000F6002305E4002285EFF0CFBF834779004F
:10E8700093F7F70FE39907D883C78407094763071E
:10E88000F70083C784070D47E31CF7EA930750F9A5
:10E8900025B5E9DF0347A40071FB2305F400E1B7C8
:10E8A00083C78407E39EFBFE2285EFE0BF99A1BBEF
:10E8B00083472900858B638B071E9767FE1F238C78
:10E8C00007C083C78407C18B85C7EF603FEC83C750
:10E8D000840793F70702E5DF83C78407228593F750
:10E8E000F70C1767FE1F2303F7D6EFE0EFF621BB07
:10E8F00083C79407858B91C7EF605FE99307E0F9C1
:10E9000065BB83C784071547BD8B639CE700EF0099
:10E91000702F83C77C018D8BE374F5E89307D0F9E2
:10E9200061BB83C784071947BD8BE39BE7E6930769
:10E93000C0F959B383472900858BE38607CC9767D5
:10E94000FE1F238A07B883C78407C18B89CBEF607A
:10E95000FFE383C7840793F70702E5DFB5BF83C7EB
:10E960009407858BD1FB83C784071547BD8BE3874D
:10E97000E7FA83C784071947BD8BE38AE7FAEF609C
:10E98000FFE0E5B9FC58230E8407228582970347F0
:10E99000B40093077009E308F7C6C5B1834739008F
:10E9A000858B85CBEF609FDE9767FE1F9387C7B18E
:10E9B00098437C53ED9B7CD39767FE1F238107B25E
:10E9C0003717004083578701C607C583231CF7000C
:10E9D00085BB83A70900FC53E39707C2EF601FDBE9
:10E9E0009767FE1F938747AE98437C53ED9B7CD37C
:10E9F0009767FE1F238507AE3717004083578701AF
:10EA0000C607C583231CF7009767FE1F238607AC44
:10EA100005BB83472900858BD1CB9767FE1F238CCD
:10EA200007AA83C78407C18B9DC383C7840793F755
:10EA30000702E5DF2285EFE02FE283C7840793F723
:10EA4000F70C1767FE1F2303F7C0EF603FD4228542
:10EA5000EFE08F959384019C9C409DCBDC438DCB54
:10EA600089472302F10083475404130561001946C6
:10EA7000A302F10083474401930564042306F100D7
:10EA80009720FE1FE780C0179C404800DC43829718
:10EA900083477406858BE38207BE83455404034590
:10EAA000840013066404EFA02FDAC1BE83A7090017
:10EAB000FC53E39A07B49767FE1F238F07A0CDB1DD
:10EAC0009767FE1F83C727A1858BF5D79767FE1F22
:10EAD000238307A0EF609FCB2285EFD0BFDA22858A
:10EAE000EFF0FF9559BEE38307D845BB4111976707
:10EAF000FE1F938727AE22C4E04B06C626C2630AD8
:10EB000004248346C40005476395E6249766FE1FE8
:10EB100083C6B69C1547638BE6001767FE1F130775
:10EB2000679B034777008D46639DE6002244B24011
:10EB300092441755FE1F03455577854541016F6087
:10EB4000AED683C70700835604021767FE1F232330
:10EB500087AE850793F7F70F1767FE1F230CF7A6FD
:10EB6000130700643347D70263C8E700EF603EF441
:10EB70009767FE1F238007A60347E4009D4763179E
:10EB8000F7048347940685CF8356040763E6F602AD
:10EB90008345840093073004A30BF400130530046D
:10EBA00093F6F60F0146EFA0EFC922852244B2404A
:10EBB000924441016FF0BF8885062318D40693055F
:10EBC00030020545EF603EE82301A406854717673C
:10EBD000FE1F230DF7A6034784018D476319F70A2B
:10EBE000EF60CEB80D8901ED930770022305F400A4
:10EBF00093075002A30CF4009307600231A88547E5
:10EC00006310F508930760022305F4009307500290
:10EC1000A30CF40093077002230DF4000347E400F3
:10EC200085479754FE1F83C454686318F70E035634
:10EC3000040285452685EF602EDF83475403898BC8
:10EC4000EDC78347C403F5C30C58E5C183C7A500CE
:10EC5000E9CF8947230AF4021946B1051305640375
:10EC60009720FE1FE780C0F90347C407894763E286
:10EC7000E70C22852244B240924441016FE09FFE9E
:10EC8000930750022305F40093077002A5B7894645
:10EC90008347F4006319D70213F7170011CF130746
:10ECA00050022305E400898B81CF93076002A30CF7
:10ECB000F400230D04009DB7930760022305F400C0
:10ECC00093077002EDB79DC313F7170001CB9307AD
:10ECD00050022305F400A30C0400E1BF898B81C717
:10ECE00093076002FDB793077002E5B7834794016D
:10ECF000130740026365F7009307500201A88507D8
:10ED000093F7F70F13077002E368F7FEA30CF40004
:10ED1000834794012305F40069BFB9450545EF60B9
:10ED20009ED2035604022A9629B78547230AF40285
:10ED300025BF9757FE1F9387E75B9C438324840975
:10ED4000829763EDA400835764073385A440E37280
:10ED5000F5F2B24022449244410182809757FE1F4F
:10ED60009387475EDC43BE94F9BF011122CCFD5767
:10ED700006CE230BF5008357E5062A849DC78346FC
:10ED80000507834585009307C003A30BF5000146E3
:10ED90001305C003EFA00FAB0945EF609FA72285C5
:10EDA0006244F24005616FF08FE98347E500054753
:10EDB000BD8B6386E70083470506918BF1DF97677C
:10EDC000FE1F9387278183A7070E93F7072085C32C
:10EDD00002C402C202C081480148814701478146FE
:10EDE000054681451305C003EFA06FA375B702C0A8
:10EDF0008148014881470147814605468145130501
:10EE0000C003EFA0AF9F49BF9767FE1F23A8A78E3F
:10EE10008280411106C69757FE1F83C7174989EBA9
:10EE200017D5FFFF1305A559EF603E96EFD0EFEA27
:10EE300097E7FFFF9387278F1757FE1F232EF77E35
:10EE400097F7FFFF9387673D1757FE1F2328F77E2D
:10EE5000B240970700009387A7C91757FE1F2321C9
:10EE6000F77E97F7FFFF9387A7351757FE1F232BD2
:10EE7000F77C4101828011C98327050A93E70708BF
:10EE80002320F50AFD572303F50282809767FE1FB2
:10EE900023AAA78682809757FE1F9387A773BC4B30
:10EEA0009C5799E33E85828003D78701E30CA7FE38
:10EEB00093878705FDB7011122CC06CE2A8403452E
:10EEC00065029307F00F2E866309F5002EC6EF60EA
:10EED000EEDC3246FD572303F4028347A4020357B6
:10EEE00084049306640293E707062305F40283571C
:10EEF0000404A285F240BA972313F4046244170570
:10EF00000000130585F705616F604EC5011122CC25
:10EF100006CE2A84034575029307F00F2E866309F7
:10EF2000F5002EC6EF608ED73246FD57A303F402DC
:10EF300093067402A2856244F2401715000013057F
:10EF400065EC05616F608EC1011122CC06CE2A846A
:10EF5000034585029307F00F2E866309F5002EC640
:10EF6000EF60CED33246FD572304F40293068402A9
:10EF7000A2856244F24017150000130545EB0561B8
:10EF80006F60CEBD03467514ED479755FE1F83D5C0
:10EF900085669756FE1F83D6C6661757FE1F035712
:10EFA00067662310F51C231EF51A231CB51A231AB5
:10EFB000D51A231BE51A8947630BF60693078014BD
:10EFC000834865142311F51C09481756FE1F1306C4
:10EFD00066606392080703568602231DC51A0566FC
:10EFE000130606A9231FC51A6D482E866373B80041
:10EFF0006D46931506012314C51C6D48C1813686E4
:10F000006373D8006D462312C51C8356E51B035657
:10F01000A51B6373D600B2862315D51CBA8663F38D
:10F02000E700BE862313D51C2307B50482808567BD
:10F03000938707A971B703566602231DC51A1306E5
:10F0400080144DB70347651489468357A51C631E7A
:10F05000D70283568514938787E899C6B3C7E7021A
:10F06000938757FD214731A02147B3C7E702938714
:10F0700057FDB3C7E7020357851CC207C18363F37B
:10F08000E7003E872307E504828085466316D700A4
:10F090009387C7FB1147F1BF938707FBE1B78357FE
:10F0A000451B0357051C411106C663F3E7003E8765
:10F0B000931807018357251C0357651B93D8080134
:10F0C0006373F700BA87139807018356C51B8357EC
:10F0D000851B1358080163F3D700BE860357A51B91
:10F0E0008357E51B13930601135303016373F70062
:10F0F000BA8783467514C2070947C183639AE6003D
:10F100000566130606A942876370C802328729A8DC
:10F11000032705109316470163CC06000566130606
:10F1200086844287E36406FF131807011358080119
:10F13000834665140947639EE6060357A5039306B5
:10F14000204E3307D70293F6F80F9A061386F63C43
:10F150009386C64F634406019306C812158F63D386
:10F16000E7003E87420705664183130606A9BA8772
:10F170006373C700B287C207C1830356451C13F7E8
:10F18000F80F9376F30F6316E6040356651C6312BB
:10F1900006050356851C631ED6020356A51C631A7A
:10F1A000F602230E0506EFF0FFE90945B2404101E2
:10F1B00082800327051093164701E3C006FC05660D
:10F1C00013068684BE856373F600B28593970501A6
:10F1D00065B70546230EC5062312E51C2313051D3E
:10F1E0002314D51C2315F51CEFF0DFE501457DBF89
:10F1F0000357A51B8357E51B411106C66373F70030
:10F20000BA87034665141397070189464183631B38
:10F21000D6068566938606A96373D700B6871397CB
:10F22000070141838357A51C6387E70085472315A2
:10F23000E51C230EF5060357651B8357251C6373D6
:10F24000F700BA870346751413970701894641836F
:10F250006317D6048566938606A96373D700B687BD
:10F260001397070141838357651C6387E700854730
:10F270002313E51C230EF506EFF0DFDCB240014559
:10F2800041018280856713868784E37DE6F88326C3
:10F29000051093870780F58FD1F7328761B78567AF
:10F2A00013868784E371E6FC832605109387078025
:10F2B000F58FD5FB328745BF0357A5049547035605
:10F2C000E503B307F7028356A50393D5374063558B
:10F2D000B600118F93173700B3C7D702C207C18397
:10F2E0002314F5048280832745110D469306F00F01
:10F2F00003C707000D8BA306E5006314C70083C690
:10F300002700A30BD50003C70700418B2309E500A5
:10F3100083C71700230BF50082808347C500CD9B70
:10F320002306F5008280832745110347C50083C764
:10F330000700935637408987B58F858B99C7134748
:10F3400087002306E50001458280054582808327EA
:10F3500045110347C50083C70700935627408D8793
:10F36000B58F858B99E7134747002306E5000145D4
:10F370008280054582808327450E85072322F50E6E
:10F3800091E78327850E85072324F50E8327850EB5
:10F3900093F7070891C785472322F50E2324050E0E
:10F3A0008347A50293F7070491CF835705040357BA
:10F3B0008504BA972313F5048327450A93F7F7BF0B
:10F3C0002322F50A82808327C50E85072326F50EA2
:10F3D00091E78327050F85072328F50E8327050F5F
:10F3E00093F7070891C785472326F50E2328050EB6
:10F3F0008347A50213F7070409C793E7070223050C
:10F40000F50282809757FE1F9387C71C83A7870941
:10F410000145054791E3828083C6B7006393E60008
:10F4200005059C43C5BF411122C491452A8401456D
:10F4300006C6EF604EE1231BA4041757FE1F0357B7
:10F440006724854763F1E7060355A41C8357641CB2
:10F4500037460F0013060624AA97938717271755D8
:10F46000FE1F0355A5EEB3A5A70281463305F5029D
:10F47000EF40D02B835704040357E40583558405DC
:10F4800005461D8F3307B702832704091383F5FF51
:10F49000130E80023E979757FE1F9387A71383A8EA
:10F4A000870963666600B2402244410182803308C6
:10F4B000C603C687FD563A9881E7231BC404E5B707
:10F4C0006314F4001C40F5DB83AEC7086398BE00EC
:10F4D00083A60709B306D840B3F6B60263E4A600D4
:10F4E0009C43D9BF090675BF1757FE1F03578719DD
:10F4F000854763F1E70A411122C48357651C2A84BA
:10F500000355A51C37460F0013060624AA979387B8
:10F5100017271755FE1F035565E3B3A5A7028146BC
:10F5200006C63305F502EF40702003465405975791
:10F53000FE1F9387270A83A887097D168546130334
:10F54000800263E6C600B2402244410182803387D4
:10F55000660283270409FD553E97C68781E7231B72
:10F56000D404D5B76314F4001C40F5DB03AEC70820
:10F570000328C408631A0E0103A80709B305E8406D
:10F5800063640701B305074163E4A5009C43F9B731
:10F59000850645BF82801757FE1F0357A70E854774
:10F5A00063F5E70E41119757FE1F9387A70222C408
:10F5B00003A4870906C626C2A28789EB09EC230E9D
:10F5C0000500B240224492444101828003C7D70122
:10F5D0006DFB9C43DDB76314A40000406DD08347EE
:10F5E000B400D5E30327C4088327C508630DF708D3
:10F5F0000347C50193070008AA84631DF7048357D6
:10F60000A403194693050008231AF506231BF506E3
:10F610008357C403231DF5048357E403231EF50415
:10F6200003558500EF3000038547A38EF40083C7A0
:10F63000C40193F7F707238EF400130584062244D0
:10F64000B240924431469305F00F41011713FE1F5B
:10F650006700835E8357A503194693050008231AA4
:10F66000F406231BF4068357C503231DF4048357B4
:10F67000E50303558400231EF404EF20B07D894781
:10F68000A30EF4005DBF004015BF230E050082806D
:10F69000411126C206C622C41757FE1F035787FE14
:10F6A0008547AA8463F8E71A83278510898B6383CB
:10F6B000071A9757FE1F9387E7F183A78709BE852F
:10F6C000ADED03D6841C01447D5813062602058641
:10F6D0002D067D55A5EB630E04108347B400035738
:10F6E000A403D5EB8947231CE404A30AF4040357BD
:10F6F0000406835704042285BA97C1071D8B998F8E
:10F70000231FF4048357C403231DF4048357E40325
:10F71000231EF404EFF03FD18327440A93E7170038
:10F720002322F40A8547230AF4008D47A30EF40030
:10F73000B240224492444101828003C7D5016DFB4F
:10F740008C41BDBF98436394970051D7BA8783A675
:10F75000070903A7040963E2E6023387E64083A6AC
:10F76000C40863F4E6003377D7026376A7003A85CE
:10F770006373C700BE859C43B1BF158F83A6C708BE
:10F7800063F4E6003377D702E37707FF3A88E37440
:10F79000C7FE3E84CDB783D7A403B3F7E702C9FB06
:10F7A0009D46994763F5E600935717008D07056757
:10F7B000231AF406130707C88A076353F700BA87AA
:10F7C000231BF4068357C403035584001306500219
:10F7D000231DF4048357E40393050008231EF40457
:10F7E000C947A30EF4002244B240924441016F2065
:10F7F0007066ADC103D7A40383D7A503B3F7E702AF
:10F80000B1EB8387C40163D707049D46994763F52D
:10F81000E600935717008D070567239AF406130730
:10F8200007C88A076353F700BA87239BF40683D778
:10F83000C40303D5840013065002239DF40483D728
:10F84000E40393050008239EF404CD47A38EF4003F
:10F85000EF205060238E0400E1BD9757FE1F83C741
:10F8600027AFAA85B5E79757FE1F23AF07E897573D
:10F87000FE1F23A107E0835765081756FE1F035696
:10F88000E6AC03270509B387C70237460F00930686
:10F89000F62313060624B697B3D7C7021756FE1FE2
:10F8A000034696A73E96636EC7003306C74003A77C
:10F8B000C50893869502171500001305E53F6F50A4
:10F8C0000EF09757FE1F9387E7A7DC433E97F1BFE3
:10F8D00082809757FE1F9387E7E29843011126CA5B
:10F8E00006CE22CC4AC84EC6AA8441CBBE89175741
:10F8F000FE1F035727D985476311F70803D464080F
:10F900009757FE1F83D787A4032505093304F40204
:10F91000B7470F001387F723938707241759FE1F54
:10F92000130949A23A943354F40263618508975746
:10F93000FE1F9387279C9C43330485408297636B0B
:10F94000A406B307A4401754FE1F0344F49C05808B
:10F9500083A9090001456371F40237450F00338420
:10F96000874013050524B335A40203568900814658
:10F970003305A402EF40805B8299930700FB238745
:10F98000F4009757FE1F83C7A79C95EF83C7940287
:10F9900062448545F240D2444249B249B395F500EC
:10F9A000C205C181014505616F500EF083274900F2
:10F9B0003E95B5BF330785408147E35607F8832757
:10F9C00049003E94BDBFF2406244D2444249B2492C
:10F9D00005618280411106C6EF10004519C98327D1
:10F9E0008511014581E7B240410182809C430505B4
:10F9F000D5BF7D55CDBF9757FE1F9387A7BD83A762
:10FA0000470A411122C426C206C62A84AE846396E0
:10FA1000A7009757FE1F23A107C68327041281CB97
:10FA200003558400014693050008EF20B042835738
:10FA3000440481CB035584004D4693051008EF2004
:10FA4000704103558400154693051008EF2090403F
:10FA5000B240230A9404230504002308040022442E
:10FA600092440145410182808347A500638807389D
:10FA700083570508411122C406C626C285072310F4
:10FA8000F5088347F500230C05002A8413F72700A7
:10FA900005E703570504954763E4E700014501A81E
:10FAA0009305E003EFF03FF5A305A4020945B2403A
:10FAB000224492444101828013F7070239CF93F721
:10FAC000F7FDA307F5008327050A0347B500A30543
:10FAD000050293E747002320F50A8547631FF702D5
:10FAE0008357A5031306204E03274509B387C70292
:10FAF0009756FE1F83C6468293860605B3D7E70254
:10FB0000034775033307C702B697C207C1832312A1
:10FB1000F5088607BA972311F50883471401858BEA
:10FB2000F5CB8357E40503570404639CE728835708
:10FB3000C4038355C405034584022310F406834798
:10FB40005405231FB4029205A30BF40283576405E6
:10FB5000F915231CF4028357A405231EF402EF5069
:10FB6000AEDA8346B4002310040883578403174792
:10FB7000FE1F0357A77D6395061EB387E702130791
:10FB800000321746FE1F1306E67B50429387071983
:10FB9000B3D7E70203270409D1073E97BA86636407
:10FBA000F7006364C700B306C74083578405232862
:10FBB000D408231DF4028347D40181C72285EFF0C6
:10FBC000BF928357A4031747FE1F03572778930656
:10FBD0000032B387E7022311040233D6D702B3F70A
:10FBE000D7029306204E2326C408B387D702B3C793
:10FBF000E7022310F402835704042312F40283471C
:10FC0000F40093E70702A307F40083471401F99B6C
:10FC1000A308F40083471401898BB9C70357E41282
:10FC200083570404B306F740139606016340061A8F
:10FC3000631CF7028147014893048413232CF412B8
:10FC4000232E041315469305841226859710FE1F54
:10FC5000E78000FB2685EF10A06D83471401A30603
:10FC6000A412F59BA308F4008347140113F70701BE
:10FC700025CB8356C414035704043386E6409315FA
:10FC8000060163C50514639DE604BD9BA308F4004B
:10FC90008347A41481CB13F7270063030714854718
:10FCA0002303F4148347B41481CB13F727006300B4
:10FCB00007148547A303F4142285EFF06FD383471D
:10FCC000C40799C78327040A93E707102320F40A7F
:10FCD0008327040AA305040293E707202320F40ADC
:10FCE0008347140113F7070221C31757FE1F130799
:10FCF000678E384B13068005834647001857B38636
:10FD0000C60236978356C701035704043387E6407B
:10FD100013160701634A06000357C4146316D7007D
:10FD200093F7F7FDA308F4008347A40293F70704B1
:10FD3000E38607D60357640483570404E310F7D619
:10FD4000034704019307A0046315F70085472308C0
:10FD5000F4008327440A93E707402322F40A3DBBBB
:10FD60008346441783558405A18A99CE035604041B
:10FD7000835664170355A403918EB386A602B3C6B7
:10FD8000B602B296231BD41695CBB307F70213071E
:10FD900000321746FE1F1306E65A50429387071992
:10FDA000B3D7E702032704093E97BA866364F700D6
:10FDB0006364C700B306C7402328D408231DB402D8
:10FDC00009B5998F13970701E35607E4930580025D
:10FDD0002285EFF05FC2A305A40213058002C1B91A
:10FDE000918B99C389476DBD2303041465BD918B25
:10FDF00099C38947C1B5A30304147DBD054582801D
:10FE000005C541119305200222C406C62A84EFF0DD
:10FE10009FBEFD57A305A40223080400A303F40218
:10FE2000B24022444101828082800DC9411122C426
:10FE300006C68347F5002A849305E003898B91C3A6
:10FE4000A145EFF05FBBFD57A305A4022308040002
:10FE50002304F402B240224441018280828083273D
:10FE6000050A797122D406D626D24AD04ECE52CC7B
:10FE700056CA2A846387073613F7270019CBF59BE8
:10FE80002320F50A03558500194693050008EF2045
:10FE9000607C8327040A13F747004DC3ED9B2320A2
:10FEA000F40A8347A40293F7070491CB8327440AFB
:10FEB000228593E707402322F40AEFF0EFBF0347C0
:10FEC000B40085470346440183562406631CF76C3F
:10FED0008357A4031307204EB387E702032744097F
:10FEE000B3D7E7021747FE1F03470743130707056A
:10FEF000BA97C207C1830347B4022312F4088607E6
:10FF00002311F4089307000819C393070004230E74
:10FF1000F40019E68347A40293E717002305F402CF
:10FF200081EA035584000D4693050008EF20807296
:10FF300023110406230A0400A30E04008327040AE5
:10FF400013F787000DC303558400DD9B2320F40ABB
:10FF5000154693050008EF20E06F8347A40293E75E
:10FF600047002305F4028327040A13F7070139C762
:10FF7000BD9B2320F40A8347D40403558400214603
:10FF800089C7A30604041306000393051008EF2095
:10FF9000606C8347C40489CF83278410C18B89CBCD
:10FFA0008355A40422859205C205C181EFE0BFF00C
:10FFB0008347A40293E717002305F4028327040A6A
:10FFC00013F7070415CB0347F40493F7F7FB23203B
:10FFD000F40AA14763FBE7008347B40099E783274E
:10FFE000440A93E707012322F40A035584003146AB
:10FFF00093051008EF2000668327040A13F7070211
:020000022000DC
:1000000045CB8346B40093F7F7FD2320F40A03277A
:10001000C4108327841099EA1377070801CB0327BC
:10002000440A37064000518F2322E40A93F707025F
:100030006385075AADE28357641B0357641C63044E
:10004000F7028346741409476393E658056713075C
:1000500007A9637AF7008327440A05671307078017
:10006000D98F2322F40A8357A41B0357A41C6304CB
:10007000F702834664140947639EE6540567130735
:1000800007A9637AF7008327440A056713070780E7
:10009000D98F2322F40A03558400114693050008E2
:1000A000EF20405B8347A40293E717002305F40287
:1000B0008327040A13F7071005C70355840093F735
:1000C000F7EF2320F40A230E04061D4693050008CB
:1000D000EF2040588347A40293E717002305F4025A
:1000E0008327040A13F7070809CF0355840093F701
:1000F000F7F72320F40A1306700593051008EF2084
:1001000060558327040A13F7072031C393F7F7DFFD
:100110002320F40A83476414230F0400A297038565
:100120006716A301A414EF504FA92301A41422853C
:10013000EFE05FF103558400314693050008EF209E
:1001400060518347A40293E717002305F402832735
:10015000040A139727016357070079777D17F98FF2
:100160002320F40A8327040A13970701635A07041C
:10017000834504031745FE1F0345F545EF505E8494
:100180008357A4031307204E232AA408B387E7024A
:1001900061777D17B3D7A7021745FE1F0345C51723
:1001A00013050505AA972312F4088347A40293E7D1
:1001B00017002305F4028327040AF98F2320F40A89
:1001C0008327040A858B91CF8347A4028345440586
:1001D000228593E717002305F402EFF0DF81A305E2
:1001E000A4028307141685C7030744039946330600
:1001F000F74063DBC63E8327440AB7061000D58F5D
:100200002322F40AED57A302F416A300E416834751
:10021000A41613F7270045C38306440303072416D7
:1002200063DCE6000327440A37061000518F2322BF
:10023000E40A1147A302E41603073416635CD700EF
:100240000327440A37061000518F2322E40A71570E
:10025000A302E416030704161306F007630CC70293
:100260000346D4160345E416158F62076187B3066B
:10027000A6406357D73893F607016393063893F780
:10028000F7F893E707012305F4168357041785074A
:100290002319F4168357241799CFFD17C207C1837A
:1002A0002319F41689EB0355840013060002930505
:1002B0000008EF20203A8347A400B9C38327041223
:1002C00099CF8347A40181EF03558400014693052C
:1002D0000008EF20203801E58547230DF4008357FF
:1002E000440499CF8347140381EF035584004D469E
:1002F00093051008EF20003601E58547A308F402B6
:100300008347441713F7070169CBBD9B230AF416F3
:100310008327440A898BF1E303470401D547630E21
:10032000F70A83471401898BCDEB81448149014948
:100330008D4A130A5002139784016187937737001F
:10034000098722970347D7178607B397FA007D8F4F
:10035000638BE700268605458145EF30703AB3E9A7
:10036000A9003369B9008504E39744FD032584138C
:100370008325C413337535012AC4B3F5250128003C
:100380002EC6EF00F07A8347541363E0A7020345BB
:1003900044037D578547591562052C0061853AC491
:1003A0003EC69710FE1FE780002203278413A24752
:1003B0006317F7000327C413B2476300F70215461B
:1003C0002C00130584129710FE1FE780608383279B
:1003D000440A93E727002322F40A83464417A547DB
:1003E00013F796006316F704035704048357641742
:1003F0006360F704B307F74013960701634A0602E8
:10040000834754171306000A0507B387C70203562C
:10041000A403DD9A230AD416B3C7C702BA97231BD5
:10042000F4168327440A37078000D98F2322F40A61
:100430008347A402E1CB918B91CF03460401C165B0
:10044000938505A02285EFE07FAC8347A402ED9B56
:100450002305F4028347A402858B8DC303457402F0
:100460009307F00F6307F500EF504E83FD57A3038A
:10047000F4028347A402F99B2305F4028347A402F4
:10048000898B91CF8355E403034584029205F915C6
:10049000EF409EC78347A402F59B2305F4028347E0
:1004A000A402A18B85C38355E4030D4622859205E2
:1004B000F915C205C181EFE07FA58347A402DD9B4A
:1004C0002305F4028347A40213F7070101CF034574
:1004D000640293F7F7F82305F402EF403EFCFD5762
:1004E0002303F4028347A40213F7070201CF8355C5
:1004F000A4040345640293F7F7FD2305F402920573
:10050000EF409EC08347C40193F7070C89CB034794
:10051000B400854722856315F712EFF06F97835774
:100520000404A5CB13074006B3F7E702BDE39747E2
:10053000FE1F9387E71C9C43898BA1C79744FE1F2E
:10054000938404DC985815CF9747FE1F83D78709FB
:10055000C2079745FE1F83D50509DD8D2545029706
:100560009C589745FE1F83D5C507294582979C58FF
:10057000831524032D4582979C58830544033145F8
:1005800082979747FE1F239E07049747FE1F23ABC2
:100590000704B250225492540259F249624AD24A94
:1005A0004561828093070004230EF40019E6834717
:1005B000A40293E717002305F402E39D0696035572
:1005C00084000D4693050008EF20C008A5B213076C
:1005D000801441B4130780146DB48327440A7D77D7
:1005E0001307F77FF98F75B4998FE3D2F6C283278B
:1005F000440AB7061000D58F2322F40A954721B18B
:100600008346B4168345C4163388B600635BE8009E
:1006100013F807046317080093F7F7F893E7070444
:100620009DB12A96E348C7C68D8EE3C5E6C613F78B
:100630000702E31107C693F7F7F893E70702A1B1A2
:10064000EFE07FF5E9BD01119747FE1F938787F81B
:1006500022CC03A4070A26CA9747FE1F83D707CFD9
:1006600083546408032504094AC8B384F402B747D5
:100670000F001387F7239387072406CE4EC652C474
:1006800056C21749FE1F1309E9CBBA94B3D4F4023A
:10069000636195049749FE1F9389C9C583A7090023
:1006A000B3049540829763EAA402898C63CB040269
:1006B00083570404A30F040085072310F404834721
:1006C00004146395071222859710FE1FE780407B74
:1006D0001DA2832749003E9575BF83274900BE941C
:1006E000E9B783A70900829703278408636AE50AAC
:1006F000198D8357E4031747FE1F035727C58E073D
:10070000B387E7021307003293870719B3D7E702CD
:1007100063EDA708374A0F00930AFA23130A0A2445
:100720008357040485072310F4048347041491E7D6
:1007300022859710FE1FE780A0742285EFF0CFB2CC
:10074000631E0526832604098327C408032749005E
:10075000B6973E8563E4D70063E4E7003385E7405E
:100760008347F401835464082328A4088507A30F52
:10077000F4009747FE1F83D767BDB384F402D69475
:10078000B3D44403636C9504B304954083A7090074
:10079000829763E9A4043385A440E34305F809BFC5
:1007A00083274900998F3E95A9B7A1452285EFF08F
:1007B0008FA4A305A4029747FE1F938767B403A3E2
:1007C0000703630D031E6244F240D2444249B2491A
:1007D000224A924A8945154505610283B304974030
:1007E000AA946DB783274900BE9475B722859710E8
:1007F000FE1FE78040732285EFF00FA76310051CF2
:10080000835764081745FE1F035545B4B7460F00CC
:10081000B387A7021386F6239386062403270409C9
:10082000230B0402032A4900B297B3D7D7026360AF
:10083000F71AB307F7408326C4082324F408814A33
:10084000B387E600BE8463E4D70063E44701B38462
:1008500047418357040223289408B1CB83560404EC
:100860000357440237460F002312D4023387E64071
:10087000B387E70203572402130606248146814505
:10088000BA97C207C1833385A7022311F402EF3060
:10089000E06911CD2695B3349500AE94AA87639490
:1008A0009A0063644501B30745412328F40883A7F0
:1008B00009008297AA8483A709008297E30D95FE19
:1008C00083A7090083248408829763E7A4103385F3
:1008D000A44063020512835764089749FE1F83D919
:1008E000E9A6B7440F00B38737031387F423938433
:1008F0000424BA97B3D797021747FE1F0347D7A11F
:10090000BA9763EAA70EB3359502035924024E86BF
:10091000814633059502EF306061330AA900330543
:10092000390337460F001306062481468145EF3010
:10093000E05F05C1B33795024E868146B385B402A8
:100940003385A402BE95EF30605E3305A9402311C4
:10095000A4023545EF40FFEB9747FE1F23AC87D03D
:100960008346B40005479747FE1F83C7679E639978
:10097000E606130700FD2307E40089EB814597474E
:10098000FE1F9387A7D88843EF40FECB9746FE1FF4
:10099000938606B6904295471747FE1FA30FF7B2FE
:1009A0005846F977FD17F98F5CC60F1000009C427E
:1009B0008966060A94C723A24707D8C7F240624453
:1009C000D2444249B249224A924A05618280B30622
:1009D0004701B387F64085B583274900BE94C5BD5E
:1009E000130710FC2307E400D5F381459747FE1F4A
:1009F000938707AD49BF9747FE1F23AD07C69747AB
:100A0000FE1F83C7E794DDFB83479402854562445C
:100A1000F240D2444249B249224A924AB395F50083
:100A2000C205C181014505616F400EE8011122CC6C
:100A30004AC84EC606CE26CA52C456C25AC003473A
:100A4000B50085472A842E8983290509631FF71E6F
:100A500083570508035BC503974AFE1F83DA0A8F95
:100A6000174AFE1F130A0A8E63F9671B83460501A6
:100A70006395E61A032785116311071A0327450AB0
:100A8000631D07188346F5001D476398E618035554
:100A9000A503330BFB409307204E330565038324E6
:100AA000440937460F008146130606243305F50234
:100AB0009747FE1F83C74786B3549502B3B5AA0272
:100AC000BE94C204C180231394083385AA02EF3078
:100AD000E045B307350133B5A7002E953E87832641
:100AE0004A0019E163E4D7003387D740B384540345
:100AF000B7460F009387F623938606242320E90048
:100B0000A697B3D7D702DA976363F7101D8F232018
:100B1000E9009739FE1F9389E97D83A709008324A3
:100B20000900829763E6A4123385A4406355050C3F
:100B300083A709008297032709006362E512198DD4
:100B40008357E4031747FE1F035747808E07B38779
:100B5000E7021307003293870719B3D7E70263E868
:100B6000A710374A0F00130BFA23973AFE1F938AF8
:100B70006A7D130A0A248357040485072310F404AA
:100B80008347041491E722859710FE1FE780402FCA
:100B90002285EFE07FED65E9832604098327C408F9
:100BA00003A74A00B6973E8563E4D70063E4E700F5
:100BB0003385E7408347F401835464082328A4085D
:100BC0008507A30FF4009737FE1F83D72778B384D8
:100BD000F402DA94B3D444036366950CB3049540ED
:100BE00083A7090023209900829763E1A40C338531
:100BF000A440E34205F89737FE1F83C7F77163E50A
:100C0000A7089747FE1F23A787A60145B5A88326F7
:100C10004A00B387F6403E97DDBD835464083747EA
:100C20000F009307F723B3845403BE94930707245C
:100C3000B3D7F40263E7F900B387F9402320F90042
:100C4000C9BD03274A00BA99C5BF23A03501D1B554
:100C50009737FE1F9387076FDC43BE94F1B5973734
:100C6000FE1F9387276EDC43998F3E95D1BDA1452A
:100C70002285EFE05FD8A305A4029737FE1F938774
:100C800027689C5B81EF7D55F2406244D244424923
:100C9000B249224A924A024B056182808945154534
:100CA0008297D5B7B3049740AA941DBF83A74A0083
:100CB000BE9435BF25C101116C0022CC06CE2A841A
:100CC000EFF0DFD629C5FD576308F5029736FE1F02
:100CD00093860663D45232479737FE1F83C7D76384
:100CE00091C28583636EF700B307F7403EC6B245F5
:100CF00003459402EF406ECDF2406244056182806C
:100D00009736FE1F93860664D4423697F1BFEFF004
:100D10009F93DDB78280411122C406C62A848327AF
:100D20008411DDEF83270412F1EF0325041109C5B7
:100D30009710FE1FE780E0D7034574029307F00F7A
:100D40006304F500EF408EF5034564029307F00F4E
:100D50006304F500EF408EF4034584029307F00F1F
:100D60006304F500EF408EF3034594029307F00F00
:100D70006307F500EF408EF2FD57A304F40203551C
:100D8000840065249747FE1F83D7C78FB1E7974735
:100D9000FE1F23AB07969737FE1F9387A75ADC43A6
:100DA0001747FE1F232EF78C9737FE1F9387475553
:100DB0009C479DC39737FE1F9387074F885309CDE4
:100DC0009710FE1FE780E0CE9737FE1F23AE074E39
:100DD0009737FE1F23AC074EB24022444101828068
:100DE000C84309C59710FE1FE780A0CC8327841154
:100DF00003D7A700136707F02395E7009C43232C34
:100E0000F41031BFC84309C59710FE1FE78060CAC0
:100E10008327041203D7A700136707F02395E70081
:100E20009C432320F412FDBD9737FE1F9387877ADA
:100E300083A7870999E33E85828003D78700E30C67
:100E4000A7FE9C43C5BF9737FE1F9387A77883A74C
:100E5000870A1737FE1F0347974B416605078146F0
:100E60007D1683D5A7006389A5006387C500850625
:100E7000C107E3E8E6FE81473E8582809737FE1F83
:100E80009387477583A7870AC9EF411122C4173496
:100E9000FE1F035404771304140215844AC0160479
:100EA0001739FE1F0349B9460509420426C241808D
:100EB0009314490033059400420541819305402471
:100EC00006C69710FE1FE780A0B105C59737FE1F25
:100ED00023A6A77A9736FE1F83C67643330795006D
:100EE000B306D9408147130640F5930520F563E822
:100EF0002701B2402244924402494101828063FDAD
:100F0000D70058C12315B50022978507C207A3044F
:100F10000500C1834105E1BF2315C500232205005B
:100F2000EDB782804111930530261305001D06C6DA
:100F300022C426C29710FE1FE78080AA1306001D58
:100F400081452A849700FE1FE78000CF014515C820
:100F50009734FE1F9384046883A6840995CA368754
:100F6000854703568700630EF60618437DFB23145E
:100F7000F400A9EB22859710FE1FE78080B303558C
:100F80008400B24022449244410182803687D1BF1E
:100F900085472314F4001737FE1F2329876C173762
:100FA000FE1F2327876C1737FE1F231DF76CEFF0FA
:100FB000FFEC83A7C40923A007002305040023072F
:100FC000040075BF83A7C40980C39737FE1F23A100
:100FD000876A83D7040B85071737FE1F2314F76A28
:100FE000C9BF138717009317070113160701C183A1
:100FF000E35E06F88147A5BF9737FE1F9387875D9D
:1010000003A5870A11CD411106C69710FE1FE78080
:1010100040AAB2409737FE1F23A207664101828093
:101020009737FE1F23AC07648280411122C4173416
:10103000FE1F1304245A8326840906C60147B68777
:10104000A5C703D687006317A60615EF9842973603
:10105000FE1F23ADE6603E859710FE1FE78060A56A
:101060008327C40923A007009737FE1F83D7876112
:101070009DE7EFF07FF89737FE1F23A9075EB24088
:101080002244410182808326C4096397F600973683
:10109000FE1F23AFE65CC1B7944314C36DBFFD17B9
:1010A0001737FE1F2310F75E9737FE1F83D7875D24
:1010B000F9F7C1B73E879C4361B771468145173543
:1010C000FE1F1305A55A1703FE1F6700E3B683270B
:1010D000C50803568508797193D60701BD8EC206EF
:1010E000C182358E1357764093575640898B058BB6
:1010F0005D8F93573640918B5D8F93571640A18B30
:101100005D8F93171600C18B5D8F9317360093F791
:1011100007025D8F931756009355860093F70704D7
:101120001E065D8F1376F60F518F93D7554013D659
:101130003540118A898BD18F13D67540D18F13D644
:101140001540218AD18F13961500418AD18F1396AD
:10115000350013760602D18F1396550013760604D8
:101160009E05D18F93F5F50FCD8FA20745465D8F74
:101170003307C70222D42A8426D252CC56CA032A65
:10118000040A832A440A5AC806D63697420741837E
:1011900093577740135557400989858BC98F13554D
:1011A00037401189C98F135517402189C98F1315ED
:1011B00017004189C98F1315370013750502C98FB0
:1011C0001315570093558700137505041E07C98F23
:1011D0001377F70FD98F13D5354013D755401189A1
:1011E000098B498F13D57540498F13D51540218937
:1011F000498F139515004189498F13953500137553
:101200000502498F13955500137505049E05498FF6
:1012100093F5F50F4D8F2207D98FB387C7024AD0B8
:101220004ECE5EC662C4B697C207C18313D777405D
:1012300013D557400989058B498F13D5374011893C
:10124000498F13D517402189498F1395170041897C
:10125000498F1395370013750502498F1395570071
:1012600093D58700137505049E07498F93F7F70FF1
:10127000D98F13D5354013D755401189098B498F24
:1012800013D57540498F13D515402189498F139582
:1012900015004189498F1395350013750502498F53
:1012A00013955500137505049E05498F93F5F50FA9
:1012B0004D8F2207D98FB387C7021306500252857C
:1012C000D685B697BD8E93940601C18033F6C402CD
:1012D000137BF60FEF20104005891DE983471408A2
:1012E00001498149B3849702130C5002C1804A8698
:1012F0005285D685EF20103E0589937BF90F11C5E5
:1013000063863403850993F9F90F0509E31189FF11
:10131000230F6407B250225492540259F249624A90
:10132000D24A424BB24B224C456182805E8BCDB794
:10133000834715000347250083464500A20742075F
:10134000BA9703470500FD8A0548BA970347350059
:101350009305000201456207BA9701473316E8007A
:101360007D8E01C605051375F50F0507E318B7FE59
:101370008147214633D7F640058B01C70505137514
:10138000F50F8507E398C7FE8280011152C656C447
:10139000032A8513832AC51322CC26CA4AC806CE3F
:1013A0002A84A30B0512A3060512814413095002D7
:1013B00026865285D685EF20F031058911C58347F1
:1013C000D4128507A306F4128504E39324FFF240A8
:1013D0006244D2444249324AA24A056182801737A8
:1013E000FE1F0347970F9547630BF7009737FE1FC4
:1013F0009387470E83C777000D47631FF700973722
:10140000FE1F83C7B70D639107129307701017373C
:10141000FE1F2315F70C828041119737FE1F93871B
:10142000671B0D4522C426C203A4070906C64AC08D
:10143000EF402FBE9737FE1F93870709944337C7A6
:10144000898E130767ED98C6375755001307575510
:10145000D8C20347A4039306F00FBE846307D700E6
:10146000FD57A30CE402230DF402034594038947BE
:101470006306F5008547A30CF40201451739FE1FEA
:1014800013090907032709000146930550025C432D
:1014900093E717005CC3930720FB2303F4009D47E9
:1014A0001737FE1FA30BF7029737FE1F238407028F
:1014B0009737FE1F23820702EF402F8C0326090077
:1014C0009737FE1FA38A07009737FE1FA3840700E4
:1014D00085471CC29C40B705330098431377F7E754
:1014E00098C398431377F7E71367071098C3173724
:1014F000FE1F1307270518431447CD8E14C7930604
:10150000900D34CA5457F59A54D703475400937634
:10151000F7079843137707F8558F98C3B2402244D2
:1015200092440249410182808280411126C297344F
:10153000FE1F938464D722C42A8403C53400C145A6
:1015400006C6EF30BEF003C5340093050002EF304D
:10155000FEEF9737FE1FA38207F823020400231330
:101560000400B240224492444101828041119737E5
:10157000FE1F9387270622C406C61737FE1F0347A0
:10158000F7F503A407099737FE1F9387A7F401CF48
:101590009736FE1F83C686F40D476396E60017371D
:1015A000FE1FA30D07F203C77700A1466387E6007D
:1015B00003C777009946639DE60083C77700173716
:1015C000FE1F230DF7F085471737FE1FA308F7F01E
:1015D000EF40CF9B2285EFF05FF5130630029305B5
:1015E00000080145EF100007034504049307F00FBE
:1015F0006307F500EF309EEAFD572300F404B24084
:101600002244410182805D71CAC01739FE1F13094F
:1016100029EE83260900A2C452DC56DA86C6A6C289
:101620004EDE5AD85ED662D466D26AD06ECE9307AA
:10163000000A173AFE1F130A2AE9FCD283270A0080
:10164000973AFE1F938A0AF0B7053300D8572A84C9
:10165000719B13671700D8D798431377F7E798C3A0
:1016600098431377F7E71367071098C303A70A0097
:1016700010474D8E10C71306A00DB0CA5057759A6B
:1016800050D70347E5071376F7079843137707F812
:10169000518F98C3D842370600827D16799BD8C2F5
:1016A000034785061377F70393169701D857718F71
:1016B000558FD8D737170040930770052300F704DC
:1016C000930780FA2300F70483068506B54763DA9B
:1016D000D72E8357270293E707012311F7028327A9
:1016E0000A000327C40893053002054598C703275D
:1016F0000409D8C39737FE1FA38F07DCEF40AEB4B1
:1017000064449D472308F400230FA4062380F400BB
:101710008547A38104002381F4007C4893F70720C8
:101720009DCB9147A381F4008347E40A8346D40A02
:1017300078449A07D58F2302F70083C72400814697
:1017400085072381F4000346040B8345D40A03452F
:10175000E40AEF301FF47C4893F70740B1C303C796
:1017600034007C4483C6240013678700A381E4000F
:101770000357A408B697A381E70083C724007844E1
:101780008346F4073E978357A4089206A183BD8B36
:10179000D58F2302F70083C7240089072381F40033
:1017A00003C62400035744089307D00F918F97393D
:1017B000FE1F938929E263D2E72203470408894781
:1017C0006309F7208546930780426305D700856744
:1017D0009387878479479387771BB3C7E70283C6CC
:1017E000890793E606019735FE1F2381D5E68326F8
:1017F000090085658CC63387E7020607B8D283C621
:10180000340093E60601A381D40078448346E407BC
:101810003297A301D70083C6240078443697230269
:10182000F70003C724007444A187BA96034704084D
:101830001607D98FA382F60083C724008D07238162
:10184000F4008347040693F7070485C703C73400F1
:101850007C4483C6240013670704A381E400034784
:101860005401B697A381E70083C72400850723812D
:10187000F4008347C4070547C11793F7F70F636662
:10188000F70603CB240015469735FE1F9385E5E444
:1018900093073B00032BC4043E9BA1472300FB009E
:1018A00093078002A300FB0013052B0097F0FD1F98
:1018B000E78000350347C407C1476319F712835710
:1018C0008408A1072311F408C547230EF4068347B3
:1018D0002408A303FB0083572408A1832304FB00EF
:1018E00083C72400A5072381F40003564408014B55
:1018F00031C203C7240068448325840A9307370054
:101900003E9583C73400C18B638C070E795B330B24
:10191000EB40137BFB0F5A8697F0FD1FE780402EAC
:101920008327840ADA973CDC83574408B3876741EE
:101930002319F40603C72400814517D5FFFF1305BB
:1019400005C89377F70385073E9B137BFB0FA3081E
:1019500064012381E4007C44856B9164A38067016A
:10196000930770F97844A305F40083270900B70CA6
:101970003300130DA00DB8DBEF30FECC034614018D
:101980008345040801451D4B9700FE1FE78020B3E7
:1019900093840429EF309FDF938D8B8483C789075D
:1019A000C18BB5E7B640264496440649F259625ABF
:1019B000D25A425BB25B225C925C025DF24D616185
:1019C000828083572702C207C183BD9BC207C183A0
:1019D00029B3916793870729F5BB83C7890793F7D5
:1019E000F70E1737FE1F2303F7C6A1BD0357840860
:1019F00083572408998F0947E34BF7ECC947F1B5A2
:101A000097F0FD1FE780C01F034B440825B783C72D
:101A1000890793F70702E5DF83C7890703260900D3
:101A200093F7F70C1737FE1F2302F7C29307000A3C
:101A30007CD283270A00D857719B13671700D8D729
:101A400098431377F7E798C398431377F7E713673B
:101A5000071098C303A70A001447B3E6960114C7FA
:101A60002328A6055457F59A54D70347E4079376DD
:101A7000F7079843137707F8558F98C3032CC404CE
:101A800023086401054723006C01A3010C00230116
:101A9000EC0078481377074005CF2147A301EC00FD
:101AA00078448356A4082302D70003472C007444CB
:101AB0000346F407BA960357A408120621833D8B08
:101AC000518F2382E60003472C0009072301EC0015
:101AD00083452C00835624071307E00F0D8F6355B1
:101AE000D70883460408094626876388C60005464A
:101AF000130780426383C6006E87F9461307771B7E
:101B00003347D70203C68907136606019737FE1FBE
:101B1000238EC7B20326090023247601B306D70219
:101B2000860634D203463C0013660601A301CC00AE
:101B300074440346E407AE96A381C60003462C0016
:101B40007444B2962382E60083462C0070442187B9
:101B50003696834604089606558FA302E60003478F
:101B60002C000D072301EC0003562407014721C276
:101B700003482C0083463C00684413073800C18AA0
:101B80003A952C5CB5C67957330707411377F70FA1
:101B90003A863AC697F0FD1FE7808006345C3247EC
:101BA000BA9634DC83562407998E2319D40603464B
:101BB0002C0001459376F603850636971377F70FC9
:101BC000A308E4002301CC007C44A380E700034683
:101BD000140183450408930770F9A305F4009737AF
:101BE000FE1FA38A078E9700FE1FE780408D7DB3FE
:101BF00097F0FD1FE780C000034724072319040660
:101C00007DB78347C50763800724411122C406C6F8
:101C100026C24AC049472A84639CE7020357250825
:101C2000835785086316F7029304050A154697350E
:101C3000FE1F938585AA268597F0FD1FE78040FC4F
:101C40002685EFF0EFEE9147A300A408230EF406DB
:101C50002285EFF0CFC70945EF30BFBB0347C4076C
:101C60008D476316F70A9147230EF4067C48173711
:101C7000FE1F1307279693E787007CC883479707C3
:101C8000898BEDDF8347970793F7C70F1737FE1F41
:101C9000A30EF79A9727FE1F9387C7659C438297E9
:101CA000035764089727FE1F83D7476A232AA4088F
:101CB0003307F70293070032130707193357F70268
:101CC0009727FE1F93870768DC43B306E500368637
:101CD00063E4A60063E4F6003386F640232CC408D0
:101CE0009726FE1F83C656636360D602158E930641
:101CF000D407A285170500001305E5F0EF302EACE0
:101D00002285EFF05F9041A0958F3E96CDB71729C1
:101D1000FE1F1309295E832709008297AA8483275F
:101D200009008297E38DA4FE832709008324840998
:101D3000829763E5A4063385A4409727FE1F83C7D7
:101D4000B75D9724FE1F83D4646063E3A70031ED81
:101D500083576408130700321726FE1F1306865E9A
:101D6000B3879702504293870719B3D7E702032737
:101D700084093E97BA866364F7006364C700B306BC
:101D8000C740232CD40883578408B2409244850767
:101D90002314F40822440249410182809727FE1F40
:101DA0009387475ADC43BE9479B79737FE1F83C7A2
:101DB000F78993E717001737FE1FA309F7883747FE
:101DC0000F0013070724B335E5029727FE1F9387FB
:101DD000277203A90700A16726862324F9008146FC
:101DE0003305E502EF20801406052326A9061727F0
:101DF000FE1F1307277E83479707898BEDDF8347F5
:101E000097071726FE1F1306E653504293F7C70F96
:101E10001737FE1FA30CF78283576408130700329D
:101E2000B387970293870719B3D7E702032784097B
:101E30003E97BA866364F7006364C700B306C74081
:101E4000232CD40875BD8280970700009387A7DBF9
:101E50001727FE1F232AF77E8280014582804111C9
:101E600006C6EFE07FFCB2401335150006054101C0
:101E700082806FF0DFFE411106C6EFE0FFFA0DC170
:101E80000357C5058356A5050356650783554507C2
:101E900003558500EF702F980145B24041018280C3
:101EA0000945E5BF011106CE22CCEFE0FFF759C18D
:101EB0000346B50005472A849727FE1F938787713D
:101EC0006316E604B853094515CF03460403834659
:101ED00057048358E4030358C4038357A40383556A
:101EE00084000345B4021307670432C00546EF704F
:101EF000EF908347F400A3050402014593E7170020
:101F0000A307F400F24062440561828003A7070939
:101F100009456DDB834657078358E4030358C40320
:101F20008357A403835584000345B402130767074E
:101F300002C075BF0945F9B7011122CC06CE2A842B
:101F4000EFE09FEE2DCD8347B5020347A515231380
:101F50008100A302F10083479515A304E100230447
:101F6000F100A9E38347D5150307F5152306F10012
:101F7000830735142305F100631DF7008947A30586
:101F8000F1004800EF70EF8C0145F24062440561BA
:101F900082800307E5156314F7008547CDB7A305D5
:101FA0000100C5B7834705162305F1008347B51522
:101FB000A305F100834755162306F100D9B709455B
:101FC000E9B7011122CC06CE2A84EFE0FFE529CD46
:101FD00083070516A30481002180230581001307D0
:101FE000F007638FE70203474503998FA305F100CC
:101FF0008347A51613F7070101C72306010039A07F
:1020000093F7070281CF85472306F1002800EF7080
:102010002F840145F2406244056182808947EDB713
:10202000FD57A305F100D1BF0945EDB7411106C623
:10203000EFE09FDF19C98345051403558500EF7054
:10204000EF800145B240410182800945E5BF9375AB
:10205000F50F01112E8506CE22CC2EC6EFC0EF99CA
:102060000DC12A8483460507B2450345750105461F
:10207000EF605FFD0145A30B0400F240624405617F
:1020800082800945DDBF411106C6EF607FFBB2408B
:1020900001454101828041119727FE1F9387875395
:1020A00022C4E05F06C6094511C80355A40BEF60C2
:1020B000FFF89307F00F231DF40A0145B2402244B4
:1020C000410182809727FE1F9387C750FC5F99CB01
:1020D00041111385870B06C6EF601FF6B24001451C
:1020E0004101828009458280411106C622C4EFE089
:1020F000BFD30DC983467514034665142A848355DE
:1021000085000345B5028506050693F6F60F13769E
:10211000F60FEF603FF20145A3050402B2402244EE
:10212000410182800945DDBF397106DE22DC26DAF5
:102130004AD8EFE07FCF630A05168346B50005470E
:102140002A849727FE1F9387E7486391E60CA453E0
:102150000945D9C483C744041946898BC1CB8C581F
:1021600083C7A500C1C7B105280897F0FD1FE78008
:1021700020A983C75404138964041946898BB5CFF9
:10218000CA85081097F0FD1FE78080A78C58194674
:102190009105281097F0FD1FE78080A68347040370
:1021A0008358A40383C654040346B40083558400B3
:1021B0000345B4023EC48357E403130801023810F8
:1021C0003EC28357C4033EC03C08EF605FE58347CF
:1021D000F400A3050402014593E71700A307F400E8
:1021E000F2506254D25442592161828081452808BC
:1021F00097F0FD1FE78040A4ADBF8145081097F020
:10220000FD1FE78060A31946CA8561B783A407094B
:102210000945F9D483C744061946898BB5C393850C
:102220006406280897F0FD1FE780809D83C7440758
:10223000138964071946898BB9CBCA85081097F0B2
:10224000FD1FE780E09B83A54408194628109105EF
:1022500097F0FD1FE780C09A83A7440883C7370023
:1022600093E72700A38AF4068358A40383C6540780
:102270000346B400835584000345B40202C425BF5D
:102280008145280897F0FD1FE780009B45B708109F
:10229000814597F0FD1FE780209A1946CA852810CE
:1022A00097F0FD1FE780C095C1B7094515BF4111E3
:1022B00006C6EFE07FB70DC10357651C8356451C6A
:1022C0000356A51C8355851C03558500EF60FFD47C
:1022D0000145B240410182800945E5BF411106C672
:1022E00022C4EFE07FB40DC92A840357C505835685
:1022F000A505035665078355450703558500EF601F
:102300005FD183471401014593E74700A308F40018
:10231000B2402244410182800945DDBF411106C619
:10232000EFE09FB00DC183478519034675199305EA
:10233000F51803558500A2075D8EEF605FCD01455E
:10234000B240410182800945E5BF411106C622C461
:10235000EFE09FAD0DC12A8413060510835585005B
:102360000345B502EF607FCA0145A3050402B240F0
:102370002244410182800945DDBF411106C622C4C5
:10238000EFE09FAA0DC52A840357C5058356A5050E
:1023900003568505835585000345B502EF60BFC62A
:1023A0000145A3050402B24022444101828009454F
:1023B000DDBF01111375F50F06CEEFB01FE439C96B
:1023C0009727FE1F9387072183A7070E93F7072000
:1023D0009DC302C402C202C081480148814701472F
:1023E0008146054681451305C003EF605FC3014583
:1023F000F240056182808346D5031307E50302C0DE
:10240000814801488147054681451305C003EF60B7
:10241000FFBEF1BF0945E9BF9727FE1F9387871BC2
:1024200003A70709094529CB83A7070E011106CE8B
:1024300093F707208DC302C402C202C0814801483D
:1024400081470147814601468145EF605FBDF2400B
:10245000014505618280835807020358A70183570D
:10246000070583465707014602C0130767078145E2
:102470000945EF60BFB8E1BF828001458280014518
:10248000828001458280014582800145828001452C
:10249000828001458280014582800145828001451C
:1024A000828001458280014582800145828001450C
:1024B00082800145828001458280411106C622C486
:1024C00003470500930700086315F702034715004B
:1024D00093065002854763E4E6069747000093871A
:1024E00067B80A073E971C4303552500829781472A
:1024F000B9A09306100885476313D7040347150056
:10250000CD466308D70E63E3E602A146630DD70804
:10251000B146630DD70A95466313D70203552500CC
:10252000EFE09F902A8415E9894711A893060003DC
:10253000630FD70E63EAE600E946630FD70CB2409B
:1025400022443E854101828093077005630FF70E98
:10255000930717F0B337F000DDB78327851195C7D0
:10256000035645040506420641829C4313071600A4
:10257000420741839DE72312C40401CA83558400A6
:102580000545EF609FA6231204040345B4020346E9
:10259000440583558400EF601FA42285EFE0AFF768
:1025A000B9B73A86D9B703552500EFE0FF872A84EB
:1025B00025DD0346C504835585000345B502333642
:1025C000C000EF609FA1A305040215B703552500C5
:1025D000EFE09F852A8429D90357250583560505F1
:1025E0000346F504835585000345B502EF603F9F20
:1025F000D9BF03552500EFE03F832A8415D5035644
:10260000450401CA835585000545EF601F9E2312CE
:102610000404A3080402E1BD03552500EFE0DF80B8
:10262000E30405F00345B502EF607F9CC9B503558F
:102630002500EFE06FFF2A84E30805EE835585004F
:102640000345B502EF60FF9ABDBF03552500EF605B
:102650009F9A71BD011122CC2A84114506CE2EC647
:1026600032C4EF200EEC1DC1B24522462311850075
:102670002300B500A300C5006244F240AA851725D7
:10268000FE1F034595C205616F200EF5F2406244BE
:10269000114505618280411106C622C4EFE0CFF8E2
:1026A00041C183270512230D05002A84A5C30347D2
:1026B000F500058B19EB03558400014693050008CE
:1026C000EFF05FF939C5014581A8D44303C6C700BF
:1026D00083C58700035585008906EF60FF9105E5F6
:1026E0008327041203D7A700A3840700136707F00A
:1026F0002395E7009C432320F4128357240481C7C9
:10270000FD172311F40483270412D5F723110404C1
:102710005DBF8547230DF400B24022444101828011
:102720000945DDBF9727FE1F9387C7EA83A7870C5C
:1027300091E382806384A700DC5FDDBF411122C486
:1027400006C68347A5002A8491C79305C50069057D
:10275000EF10A05B8347240191CB9305440113053F
:10276000A4022244B24041016F10205AB2402244D8
:1027700041018280AA862E86AA85170500001305CE
:10278000C5006F20BEBD9727FE1F9387A7E403A750
:10279000870C411126C206C622C4BE8411E7B2408E
:1027A00022449244410182806304A700585FFDB730
:1027B0008347A5002A8491C79305C5006905EF10DA
:1027C000C0548347240199C7930544011305A4020B
:1027D000EF10A05322852244CC58B24092444101CC
:1027E0006FF05FF901114AC81729FE1F130989DE2E
:1027F00022CC0324890C26CA4EC652C456C206CE29
:10280000AA84014A93094500854A631D040E930575
:1028100020251305000497F0FD1FE780601C2A8423
:102820001D4561C883C734001946938544001305CC
:102830004400A301F40097E0FD1FE780603C938A09
:10284000A40141468145568597E0FD1FE780E04899
:1028500079ED9309A401D68541464E8597E0FD1F89
:10286000E780E04585472305F4008347340093055E
:10287000C4004E8593E72700A305F400EF10E0485D
:102880009384A40241468145268597E0FD1FE78099
:10289000C0444DE19307A402A6853E854146BE840F
:1028A00097E0FD1FE780A04185472309F400834797
:1028B000340093054401268593E72700A309F4001B
:1028C000EF10A044A3000400832549032285EFF004
:1028D0007FEA63140A069727FE1F23A187DC232EB5
:1028E00004028347490C014585071727FE1F23056E
:1028F000F7DAF2406244D2444249B249224A924A4B
:10290000056182800347340083C734006305F70004
:10291000228A405CDDBD4146CE851305440097E028
:10292000FD1FE780E036E31555FF4945D9B723057C
:102930000400B9B72309040071B7232E8A0245B7F2
:1029400041119727FE1F9387E7C822C403A4870C71
:1029500026C206C64AC0FD5419ECB240224497274D
:10296000FE1F23AD07D29727FE1F238707D292446D
:1029700002494101828003450400EF203EB2032951
:10298000C40323009400228597F0FD1FE7806012A6
:102990004A84D9B79727FE1F9387C7C32382070CA2
:1029A00023A4070C6F102040411126C206C622C482
:1029B000EFE04FD7AA843DC5EFE00FC72A84630A32
:1029C0000512930710112315F500930700FB230749
:1029D000F50085472308F5009727FE1F83D7479307
:1029E000A5073E85C207C183130740106374F70033
:1029F0001305401013170501418393070004637406
:102A0000F70013050004420593053025418197F036
:102A1000FD1FE780E0FC2328A41019E9035584007A
:102A2000EFE0AFE0B240224426859244410182802B
:102A30009727FE1F938707AA9C4F22852313041410
:102A4000232AF4109727FE1F9387C7B803A6870D84
:102A500083A6C70D03D7A70383C7A704232CC40EDF
:102A6000232ED40EA307F414FD572310F4042313CC
:102A7000F4022314F4028347E4022324C41023261F
:102A8000D41093E707FC2307F4028567938787BB7D
:102A90002315F4042312E414EFC03F881725FE1F0A
:102AA000034545872301A414EF207F8AD147A3065D
:102AB000F41693078002A305F4169307006F231FF3
:102AC000F4149307F0072300F416F5779387A7EB28
:102AD0002311F416A301A4142303A416A303A4161C
:102AE0002304A416A304A4169727FE1F239807AE59
:102AF00015BF854405BF411122C42A8483450403C0
:102B00001725FE1F034535ADA307A40206C626C23E
:102B1000EF201EEB8357A4031728FE1F03580883DA
:102B2000930600323307F8029714FE1F83C4C47E55
:102B3000232AA4083356D7023377D7029306204EB0
:102B40002326C40837460F0013060624B387D7028E
:102B5000B3D7A7023307D702BE9483578403938465
:102B6000C417C2048507C1802312940833470703A2
:102B7000B387D7022310E4028146858FB3B50703DC
:102B800033850703EF10803A832784089716FE1FCA
:102B90009386467BD442AA9733B5A7002E9501E5CC
:102BA0003E8763E4D7003387D740834774032328E5
:102BB000E4081307204EB387E70286042285BE94FB
:102BC00023119408EFC00FBC2285EFC0EFEE8355B0
:102BD000E40322859205F915C205C181EFC0CFB685
:102BE0002285EFE08FFA9727FE1F23A787A8972754
:102BF000FE1F9387E7B09C43898B85C39714FE1F04
:102C0000938404709C5891CB832584093545829721
:102C10009C588325C4093945829722852244B240B5
:102C200092449727FE1F239E079A9727FE1F23ABE8
:102C3000079A41016FC07FC2035705088946835731
:102C4000450863F3E6000947B397E7002313F50847
:102C50006F20FEE5011122CC26CA4AC806CE4EC618
:102C600052C4834765032A841729FE1F1309498824
:102C70008507230BF502834735019724FE1F9384B4
:102C8000A484639C075A8347C50013070004A30963
:102C9000E50003471501BD9B93E737002306F500C8
:102CA00093178701A30D0500E18763D90700137708
:102CB000F707A308E500EF208F9239A88327850A3C
:102CC00093F62700BDC6F59B2324F50A832705103C
:102CD000918BA9CFEF004FAF0347B4018547631035
:102CE000F706832784110347C400DC432380E700F1
:102CF0008327841103475401DC43A380E7000327A3
:102D00008411832709005843B8DB9C40B706800034
:102D10009843558F98C3D857719BD8D7F2406244D7
:102D2000D2444249B249224A05618280EF006FA72E
:102D300065B793F617008DC6F99B2324F50A832700
:102D400004110347C4002380E700832704110347CD
:102D50005401A380E70083270900032704116DB7FE
:102D600083490501054A6398491DF9C713F707010F
:102D700019C7BD9B2324F50AEF008FE4B1BF13F7F9
:102D8000070201CB93F7F7FD2324F50AEF000FF8B4
:102D9000A1B713F7070401CB93F7F7FB2324F50A38
:102DA000EF000FA815BF13F7070809CB93F7F7F744
:102DB0002324F50A2285EF104FF939BF13F70720B6
:102DC00009CB93F7F7DF2324F50A2285EF008FAFB5
:102DD00021B713F7074001CB93F7F7BF2324F50A78
:102DE000EF005F8FD5BD13974701635C07007D77C8
:102DF0001307F77FF98F2324F50A2285EF00EFBC34
:102E0000E1BD13973701635A07007D777D17F98F6E
:102E10002324F50AEF004FBEC1B513972701635A6B
:102E2000070079777D17F98F2324F50AEF002FCD5E
:102E300065B52324050A21B78327450A638E071A3F
:102E400093F6070481CA93F7F7FB2322F50AEF00F4
:102E5000EF8C59B593F6071081CA93F7F7EF232249
:102E6000F50AEF00EFDA8DBD93F6072099CA4D8B76
:102E7000631F070E93F7F7DF2322F50AEF004FDEFB
:102E8000A1BD93F6074081CA93F7F7BF2322F50A45
:102E9000EF002F9691B59396470163DB06007D778F
:102EA0001307F77FF98F2322F50AEF10EFDC2DB51A
:102EB0009396370163DC06004D8B55EB7D777D17CC
:102EC000F98F2322F50AEF004F9739B513971701B1
:102ED000635A070071777D17F98F2322F50AEF00F7
:102EE0008FA7DDBB1397E700635A070001777D17B3
:102EF000F98F2322F50AEF008FAAF9BB1397B700C9
:102F0000635B07003707F0FF7D17F98F2322F50A6F
:102F1000EF00CFB6D1B313978700635B0700370785
:102F200080FF7D17F98F2322F50AEF002FE86DB39C
:102F30002322050A29B5638C09029306600463EF16
:102F400036071307500463F9E9141307A002638AD4
:102F5000E91C63673703930710026380F91A63EA79
:102F60003701ED476387F914F547638AF914228521
:102F700099B393075002638FF91C93077002F5B75A
:102F8000130760036389E914636B37019307E00259
:102F90006384F91E93071003E380F9DEC9BF1307AA
:102FA0000004638CE908930710046387F90A930708
:102FB0008003E39EF9FAEF109FE219AA9307A00598
:102FC0006387F91E63E13705930750056385F902AE
:102FD00063EB37019307B0046388F91C930710056E
:102FE000E38AF9DC69B793076005E380F9DE9307AC
:102FF0008005E39EF9F6228597F0FD1FE780E0B992
:10300000E30C05CCADB79307B00663ED370193072A
:10301000A00663FBF92093076006E39AF9F4EF003A
:103020006FEB99A093076007E389F9DC93076008C9
:10303000E39FF9F2EF00AFAC05A813974701E358FF
:1030400007F27D771307F77FF98F2324F50AEF0046
:10305000CF972308340149B18347B5028DC705478F
:103060006398E700EF008FCA85472308F400ADB1ED
:1030700083270510918BD5C3BD472306F402228513
:10308000EFF09EF4D5B7EF109FD58327040A93E79E
:1030900027002320F40AC9BFEF107FD48327040A36
:1030A000230844012311040693E747002320F40A70
:1030B00025B1EFF0DEDAD947230AF40431B92285CD
:1030C000EF10FFD18327040A93E717002320F40AA7
:1030D0002308040011B197F0FD1FE78000ACE30D59
:1030E00005BE8547A306F4042285EFF01EE1834761
:1030F000C404F99B2306F404C5B683278510858B89
:1031000081C7EF006FA6C9BEE947A305F502832773
:103110000510918B99C38D478DB72285EFF07EE81E
:10312000A1B7EFF0FED68347D40491CB4146930577
:10313000C40A1305C40C97E0FD1FE78060AC834709
:10314000C4042326040E2328040E93E71700230645
:10315000F40459B683270510918B81CF8D47230640
:10316000F502EFF07EE683471401DD9BA308F4002F
:10317000E5BDEFF01EE3C5BF8347C5042322050E5E
:103180002324050E93E727002306F504EFF07ED2F3
:1031900083471401A3050402DD9BA308F4008327E1
:1031A000040A93E70701F5B5EFF09EE775BD834785
:1031B000A51499CB83466514331ADA006306FA0026
:1031C00013670701A308E5000347B41411CF834632
:1031D00074148547B397D7006388E70083471401C9
:1031E00093E70701A308F4008347E40199CF8347DD
:1031F0001401C18B99EB8327040A93E7072023204E
:10320000F40A2285EF10BFBD85B583071416F5DBE0
:1032100083274410898BF5D78327440A370710008A
:10322000D98F2322F40AF1BFEF107FBB8327040A52
:10323000056713070780D98FA9BD9717FE1F83D78E
:10324000673A85071717FE1F231EF73871B48347A7
:103250004517858B638207108347651393D6370024
:10326000AA9683C5061313F7770033D6E540058A7F
:1032700069CE397122DC06DE26DA4AD84ED652D41F
:1032800056D25AD05ECE62CC66CA2A840345450324
:103290007D57FD47591562052C0061853AC43EC62D
:1032A00097E0FD1FE7802032032684132247832600
:1032B000C413B247718FF58F6314E6006387F60677
:1032C0002800EFE0EF86894763F1A706294681458C
:1032D0001305D41797E0FD1FE7800096224AB24AF3
:1032E00081490D4C854C930B500293948901E184E4
:1032F0004E865285D68513DB2440EF00B03D8D8885
:10330000229B058986040309DB170DCDB3949C002D
:10331000B3649900A30E9B168509E39879FD834752
:10332000441793E78700230AF416F2506254D254EC
:103330004259B259225A925A025BF24B624CD24C19
:1033400021618280B3149C00E1B78547B397E70001
:10335000CD8F2388F6128280828079714ECE9719A4
:10336000FE1F9389292722D403A4090A52CC56CAE6
:103370005AC8797AA16A370B008226D24AD006D67B
:103380005EC662C466C21719FE1F1309A9149714FA
:10339000FE1F9384E4157D1AFD1A7D1B8347E4000C
:1033A0001307000D639EE7209C4098430D8B05C3D7
:1033B000B84B619BB8CB98431367870098C39C4375
:1033C0008D83858B89C7010001000100010097F002
:1033D000FD1FE780E0A98347C404858B89C7A285C8
:1033E0000545EF107FE283472414971BFE1F938B44
:1033F000AB0D83A60B0093F7F70313979701DC56E9
:10340000B3F76701D98FDCD63717004093077005F3
:103410002300F704930780FA2300F704834624145B
:10342000B54763F8D7108357270293E707012311A5
:10343000F70283A70B000327840998C70327C40951
:10344000D8C398405C4393E717005CC38355441C82
:1034500095470356641C9105034574141717FE1F06
:10346000A30DF706C205930710FD2307F400C181E1
:10347000930700FC1717FE1F230EF704EF20EF8FB2
:103480000346741485468357240803576408631A57
:10349000D60A060793875703BA979840544733F6DE
:1034A000460150C70100010098400966860710C711
:1034B000130600F89715FE1F2380C5027CD354C75E
:1034C0009717FE1FA38A070090409717FE1FA3833C
:1034D000070085471CC28346C4041717FE1F130745
:1034E000670683A70B00858A1843CDCA9443B705A6
:1034F000330093F6F6E794C3944393F6F6E793E626
:10350000061094C31447CD8E14C79306900F34CA87
:103510005457F59A54D7034764139376F7079843A3
:10352000137707F8558F98C397E0FD1FE78020EBCE
:10353000B5B583572702C207C183BD9BC207C183AC
:10354000FDB58945060794406318B602D046B375A9
:103550004601CCC601000100944089659387971805
:103560008CC6930500F81715FE1F2307B5F6BA970A
:103570008607FCD2D0C6A9B7D046B3754601CCC6E3
:103580000100010094408965938797048CC69305D8
:1035900000F81715FE1F2301B5F4D1BF9443B705FA
:1035A000330093F6F6E794C3944393F6F6E793E675
:1035B000061094C31447CD8E14C79306900D81BF97
:1035C0001307100D639DE75883470900858B6382BD
:1035D000074C83470900E207E18763D6070A834760
:1035E000F40093F7070285C78357A4031307204EFF
:1035F000B387E70203274409B3D7E7021717FE1F73
:10360000034787D113070705BA972312F4089717C2
:10361000FE1F938767EB9C439716FE1F938686D207
:1036200083AC46009843032C0901894631830D8BF6
:10363000832BC408835744081715FE1F035505D173
:10364000631FD71493879718B3A5A70237460F00B7
:103650001306062481463305F502EF00300D33854D
:10366000AB40B30785013E8763E4A70063E497019D
:1036700033879741835764082328E40823100408FC
:1036800085832313F4088345C4040325441193065A
:10369000240313064403858997E0FD1FE78000D8C3
:1036A0009717FE1F238BA7E28347440303C76904D0
:1036B000998F230AF40283476900858B6399072C4D
:1036C0008347A40293E727002305F40283470900F8
:1036D000E207E18763D307028347641313D73700F8
:1036E00093F6770022978547B397D7008346071351
:1036F00093C7F7FFF58F2308F7128347F400898BF0
:10370000DDCF2285EFB03FC25DE98347F400A30916
:10371000040093E74700A307F400832784118DCFAB
:103720000347B40115CB03C79700058B15E703D7F3
:10373000A700C843136707F02395E70097E0FD1F34
:10374000E78020378357440485072312F404832736
:1037500084119C43232CF4108347540181CB83476D
:10376000C404898B81C72285EFB0FFC08347040161
:10377000130720026398E7028327040AA3050402C3
:1037800093E787002320F40A8347140193E7870017
:10379000A308F400930740022308F4000DA09387C8
:1037A00097045DB513070006639AE70C8547230865
:1037B000F4008347A40293E717002305F40283472C
:1037C0006900898B638607108347C404858B6381F6
:1037D0000710834794018507A30CF4008347F40086
:1037E00013F7270029E793E72700A307F4009307BF
:1037F00000F8230EF4008357A4031307204EB38769
:10380000E70203274409B3D7E7021717FE1F034750
:10381000A7B013070705BA97C207C1832312F4089C
:1038200086072311F4089717FE1F23A707E42285B4
:103830009717FE1F238007CAEFF0CFC1034564141A
:103840008947834554016311F51603458414910596
:1038500013652500EF10DFBC83475401638E071EFC
:103860008347C404898B6389071EA2850145EF1035
:103870005F91630D0512EF107FF1D9A41307700655
:10388000639EE7029717FE1F938707C498437C53F4
:10389000ED9B7CD39717FE1F238307C43717004087
:1038A00083578701B3F7FA00231CF7008347C4004E
:1038B00093F7F7FD2306F4008547F9BD7147E390C0
:1038C000E7F08327040A93E717002320F40AC5BD15
:1038D0002285EFB0DFA7E31305F0A30C04002285D7
:1038E000EFB07FA083471401A18B85CF834764018C
:1038F0008DCB83477401094793F7B70F6383E702C2
:103900009307D003230AF404930770022308F400FA
:103910008347C404858BE38307EC2285EFB0BFAAFD
:1039200075BD0347D4008D476317F70483477401BF
:10393000130780026373F702834774011D4763888E
:10394000E702A306F4028327840A228593E717007F
:103950002324F40AEFF00ED819A88A0717270000CD
:1039600013070735BA979C432285829771F58347E1
:103970006401D9FFA5B583476401E38107E6228589
:1039800097E0FD1FE7802034E31A05E4CDB78347B5
:1039900084018507230CF40083D7E90085071717F6
:1039A000FE1F2310F7C41DBD91056DB59717FE1FAF
:1039B000938787B19843B70633001C4393F7F7E723
:1039C0001CC31C4393F7F7E793E707101CC3971733
:1039D000FE1F938727B798431C47D58F1CC79C4071
:1039E0001307A00FB8CB9717FE1F9387E7AD9C4333
:1039F000B70680009843558F98C3D857719BD8D786
:103A0000930720FD2307F40083270412E38E07B0F9
:103A10000347F400058BE30907B0D44303C6C7008E
:103A200083C58700035584008906EF50EFDCE31D52
:103A300005AE8327041203D7A700136707F0239569
:103A4000E7009C432320F41283572404E38E07AC41
:103A5000FD172311F404C9BC9717FE1F9387C7A64F
:103A60009843B70633001C4393F7F7E71CC31C4386
:103A700093F7F7E793E707101CC39717FE1F938789
:103A800067AC98431C47D58F1CC79C401307A00DFB
:103A900091BF9C40FC53E39307909717FE1F238D23
:103AA00007A2EF10BFCE834709002285E207E18716
:103AB00063D00720EFF04F9883D72901228585072F
:103AC0001717FE1F2311F7B2EFF06FF883570404A6
:103AD000A5CB13074006B3F7E702BDE39717FE1F18
:103AE000938707C29C43898BA1C79714FE1F9384B9
:103AF0002481985815CF9717FE1F83D7A7AEC2070A
:103B00009715FE1F83D525AEDD8D254502979C5860
:103B10009715FE1F83D5E5AC294582979C588315E0
:103B200024032D4582979C58830544033145829791
:103B30009717FE1F239707AA9717FE1F23A407AA0C
:103B400022852254B25092540259F249624AD24A12
:103B5000424BB24B224C924C45616FB09FD713073A
:103B6000200DE39AE7D083471900858B63850714FE
:103B70009717FE1FA38007968327040A1397270130
:103B8000634E070E228597E0FD1FE780C021854721
:103B90006316F50E8355441C0356641C03457414C8
:103BA0009105C205C181EF105F9D8347C404971B37
:103BB000FE1F938B6B91171CFE1F130CAC98858B0B
:103BC000BDCBA2850545EF102FE403A70B00B70678
:103BD00033001C4393F7F7E71CC31C4393F7F7E745
:103BE00093E707101CC303270C001C47D58F1CC785
:103BF0009C401307900FB8CB930710FD2307F400E8
:103C00009C40D44733F74601D8C70F1000009C40B2
:103C1000096798C7130700F81716FE1F230EE68AD8
:103C200003A60B00184231830D8B0DEF13076019AB
:103C3000F8D3D4C7D5B803A70B00B70633001C438D
:103C400093F7F7E71CC31C4393F7F7E793E70710D5
:103C50001CC303270C001C47D58F1CC79C401307AF
:103C6000900D51BF1842094631830D8B6315C70073
:103C70001307E04375BF1307E01B5DBFEF101FB1D3
:103C8000834794018DC793F7070F81CB9305D0032A
:103C90002285EFB05FD6A305A4029707FE1F938786
:103CA00027669C5B89C79545130550088297228536
:103CB000EFC0EF9A71B59C40FC53639107EE9717E4
:103CC000FE1F238B0780EF107FACD5B7411106C6CE
:103CD000EFB02F949717FE1F9387C78F17F7FFFF3B
:103CE0001307C7CC23AAE70AB24017F7FFFF130751
:103CF000C7E023ACE70A97F7FFFF938747661717DC
:103D0000FE1F2325F7A041018280397122DC370490
:103D1000400026DA4ED6AE84AA899305E4FF054515
:103D200006DE4AD8EF10BED6498C13170401418332
:103D300021839317840013590401D98F231601009E
:103D40001379F90F10088A854E852317F100A30611
:103D5000210102C002C202C402C802CA02CC02CEC1
:103D6000EF10AFBD8347E1010347D101A381840078
:103D7000A2074207BA970347F101218023828400FA
:103D8000BA97F25062542380F40013D78700C1839E
:103D9000A3822401A380E4002381F4004259D25479
:103DA000B25921618280011119469705FE1F938542
:103DB000C5561715FE1F1305659006CE22CC26CAE0
:103DC0004AC891644EC697D0FD1FE78060E3938593
:103DD000F4FF0145EF107EC92A84FD550145EF101F
:103DE0001ECBA287FD147D5933F79700B366E5001B
:103DF000F9C6631425016304970C1717FE1F2307E8
:103E0000F78CA18393E707FC916941641717FE1FA4
:103E1000232CA78A1717FE1FA30AF78AFD19170973
:103E2000FE1F1309297B7D14CE850145EF10FEC3CB
:103E3000AA84FD550145EF109EC5B3679500EDD7E7
:103E4000FD576314F500E38134FF9717FE1F23909D
:103E5000A788935705011717FE1F230BF786935763
:103E600085011717FE1FA305F7869717FE1F2382EC
:103E70009786A18093F4F4039717FE1FA38B978472
:103E80008317890E42054185618DE18F6312F5022A
:103E90000317C90F8317A90E618FE18F631AF7000B
:103EA0000317E90F8317C90E618FE18FE30EF7F651
:103EB000F2406244D2444249B24905618280A685FB
:103EC0000145EF109EBA2A84FD550145EF103EBC16
:103ED000A28719BF11CE93070002918F635BF00098
:103EE0003355C500B397F50033D6C5005D8DB28557
:103EF0008280130506FE014633D5A500B285CDBFED
:103F000011CE93070002918F635BF000B395C5005B
:103F1000B357F5003316C500DD8D328582809305D9
:103F200006FE0146B315B5003285CDBFB687B2880F
:103F30002A832E88639D061463F9C50A4167636E60
:103F4000E61AB70700016363F63493568601E1472A
:103F5000172700001307871A369703470700BA97F9
:103F6000130700021D8F19CB3398E500B357F500F6
:103F7000B318E60033E807013313E50013D6080150
:103F80003355C80293960801C182935703013377D2
:103F9000C802B385A60242073368F700637AB80007
:103FA00046989307F5FF636418016367B8303E8550
:103FB0003308B8403357C802420313530301337820
:103FC000C802B386E602420833686800637BD80003
:103FD00046989307F7FF6365180179176363D80064
:103FE0003E874205598D8145828001E60547B358D9
:103FF000C702416763EAE80EB707000163ECF828DF
:1040000093D68801E147172700001307270F36973B
:1040100083460700BE9693070002958FE5EB939EBB
:1040200008013387154113DF080193DE0E01854532
:10403000935703013355E7033377E703B306D503FB
:104040004207D98F63FAD700C6971307F5FF63E4D9
:10405000170163E6D7263A85958F33D7E7034203E6
:1040600013530301B3F7E703B30ED703C207B3E754
:10407000670063FBD701C6979306F7FF63E5170157
:10408000791763E3D70136874205598D828063E251
:10409000D504C16763E2F604B707000163E4F61EC6
:1040A00013D7860161489727000093872705BA97A1
:1040B00003C70700130E00024297330EEE40631A47
:1040C0000E0C63EDB61C3335C50013451500814554
:1040D00082808145014582809307F00F63F3D71CEE
:1040E00013D786002148C1B71307F00FC686E37CBB
:1040F00017F193D68800A14739B71307F00FB2869E
:10410000E378C7E493568600A14799B5B398F800C1
:1041100033D6D50013DF0801335EE6033397F5008D
:10412000B356D500558F939E080193DE0E013313CD
:10413000F50093550701B376E603B387CE03C206B5
:10414000CD8E63FBF600C6961306FEFF63E41617DA
:1041500063F2F616791EC6969D8E33D6E603931744
:104160000701C183B3F6E6033385CE021397060138
:104170005D8F637BA70046979307F6FF636817136D
:104180006376A7127916469793150E01098FD18D84
:1041900045B5B357E600B396C601DD8E33D3E500CF
:1041A00013DF0601B357E303939E060193DE0E016E
:1041B0003398C5013357E500336807019358080168
:1041C0003316C6013373E303B385FE024203B368BB
:1041D000130163FBB800B6981387F7FF63EAD80CA6
:1041E00063F8B80CF917B698B388B84033D7E8032A
:1041F000420813580801B3F8E8033383EE02C208FB
:10420000B3E5080163FB6500B6951308F7FF63ED9E
:10421000D50863FB65087917B695C207416FD98F3A
:104220001307FFFFB3F6E70093D80701718F4182B0
:10423000B38EE602B3856540B386C60213D80E017D
:104240003387E802BA96C2963386C80263F3E60063
:104250007A9693D80601469663E2C5026385C50047
:104260003E858145828041677D17F98EC206B3FE87
:10427000EE003315C501F696E374D5FE1385F7FFFE
:104280008145828013D70601414831BD935606010E
:10429000C1477DB993D60801C147B5B381450545EE
:1042A00082803687014801B5428785BF3E86E9BDD9
:1042B000BA871DBF328E4DB579154698D5B9791597
:1042C000C69759BBB3C7A5008D8B3307C50081E7DF
:1042D0008D4763EEC700AA876370E50A83C60500B1
:1042E00085078505A38FD7FEE3EAE7FE82809376F4
:1042F0003500AA8791CA83C6050085078505A38F67
:10430000D7FE93F63700FDB79376C7FF138606FEF8
:1043100063F0C70683A3050083A2450083AF850031
:1043200003AFC50083AE050103AE450103A38501BC
:1043300083A8C5019385450223A0770003A8C5FF84
:1043400023A2570023A4F70123A6E70123A8D7013E
:1043500023AAC70123AC670023AE17019387470246
:1043600023AE07FF75B790419107910523AEC7FEB5
:10437000E3EBD7FEE3E4E7F6828039713EDA2ED232
:1043800032D436D63AD842DC46DE9387C18722CC77
:10439000804326CA06CEAA8409C41C4C99E3228510
:1043A000892B0C4454102686228536C6EF00F01A5D
:1043B000F2406244D2442161828001119387C18717
:1043C00022CC804306CEAA8519C41C4C89E72AC694
:1043D00022850523B245104422856244F2400561DE
:1043E0006F00F07C011126CA4AC806CE22CC4EC608
:1043F00052C4AA842E8901C51C4D91E3DD299C4C31
:10440000804499E32685F52197270000938707E1EB
:10441000631CF402C0408357C400A18BB1C71C4881
:10442000A1C7FD59294A1C4483450900FD17B1E97C
:104430001CC463DE07062286A94526857920FD5720
:104440006308F502294535A097270000938707DF09
:104450006314F4008044C1B797270000938707DAFC
:10446000E31BF4FAC04445BFA2852685392A55D9F5
:104470007D55F2406244D2444249B249224A056124
:1044800082801CC4050963D70700184C63CBE70082
:10449000638945011C401387170018C02380B700AB
:1044A00059B7228626851520E31F35F7D1B71C4062
:1044B0001387170018C029472380E70061B7938747
:1044C000C187AA8588436FF0FFF1011122CC26CA6B
:1044D0004AC806CE4EC6AA842E89328401C51C4D18
:1044E00091E3012997270000938747D36319F406C6
:1044F000C0401C4C1CC48357C400A18BC9C31C48BA
:10450000BDCF1C4808409379F90F1379F90F1D8D21
:104510005C486346F500A2852685652C2DE51C4484
:104520000505FD171CC41C401387170018C0238005
:1045300037015C486389A7008357C400858B81CB12
:10454000A9476316F900A285268561240DEDF24086
:1045500062444A85D2444249B24905618280972724
:1045600000009387A7CD6314F400804459B79727C0
:1045700000009387A7C8E31EF4F6C0449DBFA28540
:10458000268521203DDD7D59D9B741119387C1870B
:1045900026C2844322C44AC006C62A892E8489C4FE
:1045A0009C4C99E32685B12697270000938707C77F
:1045B000631CF402C0400317C40093170701C183B2
:1045C00093F68700B5EE93F607019DEEA5472320ED
:1045D000F900136707042316E4007D55B240224416
:1045E000924402494101828097270000938707C5C2
:1045F0006314F4008044C1B797270000938707C075
:10460000E31BF4FAC04445BF918B8DC74C5889C950
:10461000930744046384F5004A85892B232A040206
:104620008357C4002322040093F7B7FD2316F40038
:104630001C481CC08357C40093E787002316F4006E
:104640001C4881EF8357C4001307002093F7072805
:104650006385E700A2854A8595298357C40013F72F
:10466000170005C75C4823240400B307F0401CCCA6
:104670001C480145A5F78317C40013F7070839DF65
:1046800093E707042316F40089BF898B014791E360
:10469000584818C4F1BF83D7C500011122CC26CADF
:1046A00006CE4AC84EC613F78700AA842E8471EF3F
:1046B000D841634DE000B841634AE0000145F24053
:1046C0006244D2444249B2490561828058547DD740
:1046D00003A904009396370123A0040063DD0606B6
:1046E00070488357C400918B99C75C401D8E5C58FD
:1046F00099C33C401D8E5C540C50814626858297A0
:10470000FD570357C400631DF5009440F54763E867
:10471000D706B70740208507B3D7D700858BA5C339
:104720001C48232204001CC09317370163D80700DC
:10473000FD576314F5009C4091E368C84C5823A0D2
:104740002401ADDD930744046384F50026853929EF
:10475000232A0402A5B70C500146854626850297F8
:10476000FD572A86E31FF5F69C40A5DF7547638554
:10477000E70059476394E70423A0240181B7136736
:1047800007042316E4007D551DBF83A90501E387B7
:1047900009F203A905008D8B23A0350133093941A6
:1047A000014791E3D84918C4E35A20F11C540C5036
:1047B000CA864E86268582976349A0008357C40027
:1047C00093E707042316F4007DBFAA993309A94093
:1047D000E1BF9C49A5C3011122CC06CE2A8411C594
:1047E0001C4D81E72EC63122B245972700009387E2
:1047F000E7A2639CF5004C408397C5009DC72285C6
:104800006244F24005616FF01FE99727000093872B
:10481000E7A26394F5000C44C5B79727000093877F
:10482000E79DE39BF5FC4C44C1BFF2406244014567
:104830000561828001458280411122C406C62A8416
:104840002316B5002317C5002320050023220500E9
:10485000232405002322050623280500232A05001A
:10486000232C0500214681451305C505EFD0BDB0B9
:1048700097170000938767BF5CD097170000938756
:10488000C7C11CD497170000938707C65CD497173D
:1048900000009387C7C800D01CD8B2402244410111
:1048A000828097050000938505F3B1AA411126C2C5
:1048B000130680069384F5FFB384C4024AC02E8990
:1048C00022C406C693854407B1262A8401CD23203D
:1048D000050023222501310508C41386840681457D
:1048E000EFD07DA92285B240224492440249410181
:1048F00082801C4DB5E7411106C622C4970700000F
:10490000938767FA1CD5972700009387E7A49C43F9
:104910002324050423260504232805046314F50035
:1049200085471CCD2A84352848C022851D2808C407
:104930002285052848C4484001469145EFF0DFEF45
:1049400008440546A545EFF03FEF48440946C945F0
:10495000EFF09FEE85471CCCB2402244410182809B
:1049600082804111972700009387079F26C28443C6
:104970004AC006C69C4C22C42A8981E72685EFF0EE
:104980005FF7938484048044DC40FD1763D60700FE
:104990009C40B9CF8440C5BF0317C40039E7C17735
:1049A0008507232204062320040023220400232455
:1049B00004005CC423280400232A0400232C0400E0
:1049C000214681451305C405EFD0FD9A232A040230
:1049D000232C040223240404232604042285B24049
:1049E000224492440249410182801304840671BF2B
:1049F00091454A85EFF09FEB88C049FDB1472320E0
:104A0000F9000144E1BF797122D44AD052CC56CA90
:104A10005AC85EC606D626D24ECE2A8AAE8A13045D
:104A200085040149054BFD5B09ECB25022544A85CF
:104A300092540259F249624AD24A424BB24B456102
:104A40008280044483294400FD1963D40900004096
:104A5000E1BF83D7C400637BFB008397E4006387D7
:104A60007701A6855285829A3369A90093848406CA
:104A7000E1BF1971A6DAAE848395E500A2DC86DE7B
:104A8000328463DC050083D7C40023A0060093F7BB
:104A9000070885E7930700401DA0300836C6EF00E1
:104AA000902EB246E34105FE7247BD67F98F7977D4
:104AB000BA9793B717009CC2F1BF930700041CC0BC
:104AC000F6506654D65401450961828083D7C500EB
:104AD000011122CC06CE26CA4AC8898B2E8489CFE2
:104AE000930774041CC01CC885475CC8F24062442C
:104AF000D24442490561828074003000AA84EFF0FC
:104B00005FF7A2452A892685312201ED8317C4006B
:104B100013F7072061FFF19B93E727002316F400AA
:104B2000C1B797070000938707D89CD48357C40068
:104B300008C008C893E707082316F400A2475CC81A
:104B4000B24791CF8315E4002685EF00F02601C916
:104B50008357C400F19B93E717002316F400835793
:104B6000C4003369F9002316240149B7DDC183A7C6
:104B7000C5FF411122C406C626C21384C5FF63D3F4
:104B800007003E94AA84EF00102B9387419C9C431E
:104B900081EF2322040023A2819C2244B240268577
:104BA000924441016F005029637EF40014403307A2
:104BB000D4006396E7009843DC43369718C05CC086
:104BC000D9BFBA87D84319C3E37DE4FE9443338643
:104BD000D700631F86001040B29694C33386D70077
:104BE000E31DC7FA10435843B29694C3D8C375B7B0
:104BF0006375C400B1479CC04DB71040B306C400F4
:104C00006316D70014435843B29614C058C0C0C3AB
:104C100069B78280011126CA93843500F19806CEC7
:104C200022CC4AC84EC6A104B14763F5F404B1448E
:104C300063E4B4042A89EF0010209387419C9843D1
:104C40003A8429E49387819C9C4399E781454A856E
:104C5000EF00407E23A4A19CA6854A85EF00807DBD
:104C6000FD5963193507B1472320F9004A85EF0044
:104C7000B01C29A0E3DE04FAB1471CC10145F24093
:104C80006244D2444249B249056182801C40858F0A
:104C900063CF0702AD4663F6F6001CC03E9404C025
:104CA00031A05C406313870223A2F19C4A85EF0088
:104CB000B0181305B4009307440061993307F54019
:104CC0005DDF3A94898F1CC05DBF5CC3C5B7228786
:104CD000404085BF130435007198E30285FCB3059D
:104CE000A4404A85812FE31C35FBB5BF1C46FD1748
:104CF0001CC663DA0700184E63C5E700A947639432
:104D0000F5006FF08FFC1C422E851387170018C228
:104D10002380B7008280011122CC26CA4AC84EC621
:104D200052C406CE2A89AE893284B304D6007D5A95
:104D300063149400014511A8834504004E864A85FA
:104D4000EFF0DFFA0504E31545FFF2406244D24478
:104D50004249B249224A05618280357122CD26CB73
:104D60004AC94EC706CF52C556C35AC1DEDEE2DC81
:104D7000E6DAAA89AE843289368409C51C4D99E3E6
:104D8000EFF03FB79717000093874749639DF40CF6
:104D900083A4490083D7C400A18BE5CB9C48F5C709
:104DA00093070002A304F1029307000302D2230534
:104DB000F10222C6930B5002971A0000938A0A4A06
:104DC000054C294B4A848347040099C36392770FAB
:104DD000B30C2441638E0C00E6864A86A6854E8578
:104DE000EFF07FF3FD576307F51E9256E69636D235
:104DF000834704006380071EFD571309140002C88F
:104E000002CE3ECA02CCA309010482D48345090024
:104E100015465685EF00900013041900C24759E962
:104E200013F7070109C713070002A309E10413F7E9
:104E3000870009C71307B002A309E10483460900EC
:104E40001307A0026380E608F2474A84814625469C
:104E50000347040093051400130707FD6379E60A6E
:104E6000B5CA3ECE85A8971700009387273D639566
:104E7000F40083A4890039BF97170000938707388F
:104E8000E39AF4F083A4C90031B7A6854E85EFF00C
:104E9000CFEF19D57D55FA406A44DA444A49BA49F8
:104EA0002A4A9A4A0A4BF65B665CD65C0D618280A0
:104EB000050411BF330555413315AC00C98F3EC8F9
:104EC0002289A9B7324793064700184336C663497B
:104ED00007023ACE034704009307E002631FF7047A
:104EE000034714009307A002631BF702B2470904AB
:104EF000138747009C433AC663C107023ECA35A8E0
:104F00003307E04093E727003ACE3EC8E1B7B387C6
:104F1000670385462E84BA9725BFFD57C5B705049C
:104F200002CA8146814725460347040093051400C1
:104F3000130707FD6376E606F1F2834504000D468C
:104F40001715000013050532D12D11CD971700005C
:104F5000938747311D8D93070004B397A7004245FF
:104F600005045D8D2AC88345040019461715000005
:104F70001305852F130914002304B10245253DC1F3
:104F800097B7FDFF9387070895E74247B247137726
:104F9000071009CF91073EC69257D2973ED21DB552
:104FA000B387670385462E84BA97BDBF9D07E19BF3
:104FB000A107D5B7780097060000938606D6268607
:104FC0000C084E8597000000E7000000FD572A8A74
:104FD000E314F5FC83D7C40093F70704E39C07EAC6
:104FE000125555BD780097060000938606D3268695
:104FF0000C084E85012AD9BF797156CA9C49BA8AD4
:10500000984522D426D24ECE52CC06D64AD05AC883
:105010005EC6AA892E84B284368A63D3E700BA8733
:105020009CC00347340419C385079CC01C4093F7F8
:10503000070281C79C4089079CC00329040013799B
:105040006900631A0900130B9401FD5B5C449840EE
:10505000998F634CF9041C408346340493F707028C
:10506000B336D000A5EB13063404D2854E85829A60
:10507000FD576303F5041C4011469840998B544436
:1050800081446397C700B384E64063D3040081443E
:105090001C4418486354F700998FBE940149690471
:1050A0007D5B63982405014509A885465A86D2850B
:1050B0004E85829A631E75017D55B25022549254DA
:1050C0000259F249624AD24A424BB24B4561828050
:1050D0000509ADBF3307D40013060003A301C704BD
:1050E0000347540493871600A2978906A381E70417
:1050F0009DBF85462286D2854E85829AE30E65FB4A
:10510000050945B7797122D426D24AD04ECE06D6AB
:1051100052CC56CA5AC8B68983C6850193079006F1
:105120003289AA842E8413863504638DF60263E2E5
:10513000D706930780056388F61863EDD70063816F
:10514000062293073004638EF60A930A240423018F
:10515000D404C9A0930730066385F60A9307400676
:10516000E395F6FE1C40084393F6070893054500B7
:10517000C5C61C410CC363D807001307D002B30790
:10518000F040A301E404971600009386660E2947B9
:105190006DA8930700076384F61663E5D7029307AB
:1051A000E006638BF6189307F006E390F6FA0C40DE
:1051B0001C4313F80508138547006307080608C356
:1051C0009C438DA893075007E383F6FE930780075F
:1051D000638BF61293073007E399F6F61C43D04130
:1051E00081459386470014C383AA070056853D2155
:1051F00001C53305554148C05C401CC8A3010404E7
:1052000071A81C43930A2404938647009C4314C34B
:105210002301F4048547D5B793F607041C410CC35A
:10522000B9DAC207C18781BF93F5050408C3C9D99C
:1052300083D707001307F0066388E60E9716000071
:10524000938606032947A30104044C400CC463C59C
:10525000050008406D9908C099E3B28A91CDB28AE1
:10526000B3F5E702FD1AB69583C505002380BA00A1
:10527000B3D5E70263F0E70CA147631EF7001C40BB
:10528000858B91CB58401C4863C7E7009307000308
:10529000A38FFAFEFD1A3306564110C84E87CA8600
:1052A0007000A2852685EFF03FD57D5A631E450B21
:1052B0007D55B250225492540259F249624AD24A60
:1052C000424B45618280A382D504971600009386E5
:1052D00026FA0C40084313F805081C411105630D1C
:1052E000080208C313F7150001C793E505020CC0B7
:1052F0004147B1FB0C4093F5F5FD0CC0A9B79C41AB
:1053000093E707029CC193078007A302F404971652
:105310000000938626F775BF13F8050408C3E3035E
:1053200008FCC207C1837DBF97160000938646F430
:10533000214711BFAE872DB794411C43CC4913F8C8
:105340000608138547006306080008C39C438CC306
:1053500001A808C393F606049C43F5DA2390B7002E
:1053600023280400B28A1DBF14485686CA852685A4
:105370008299E30F45F31C40898B8DE7B24748447F
:10538000E359F5F23E8535B785465686CA852685AA
:105390008299E30F65F1050A5C443247998FE34532
:1053A000FAFEE9BF014A930A94017D5BF5B701114A
:1053B00022CC06CE2A8409C91C4D99E732C62EC4D8
:1053C000EFF02FD33246A24597170000938707E5E9
:1053D0006316F60250401C46FD171CC663D0070436
:1053E000184E63C7E70093F7F50F29476398E70264
:1053F00022856244F24005616FF02F8D97170000FF
:105400009387C7E36314F6001044F1B797170000C1
:105410009387C7DEE311F6FC504475BF1C4213F5B9
:10542000F50F1387170018C22380B700F2406244BB
:1054300005618280411122C42A842E8597F7FD1FC1
:1054400023A8072C06C6EFD07DE9FD576319F500A8
:1054500097F7FD1F9387C72B9C4391C31CC0B24095
:10546000224441018280411122C42E848395E500AB
:1054700006C6E122634905007C48AA977CC8B24071
:105480002244410182808357C4007D777D17F98FC4
:105490002316F400EDB783D7C500011122CC26CA2C
:1054A0004AC84EC606CE93F70710AA842E843289C6
:1054B000B68991C78395E500894601463522835711
:1054C000C4007D777D17F98F2316F4008315E4005F
:1054D0006244F240CE864A86B24942492685D24489
:1054E00005613DA8411122C42E848395E50006C6BE
:1054F000E528FD570357C400631BF500FD77FD1732
:10550000F98F2316F400B24022444101828085675E
:10551000D98F2316F40068C8FDB78395E50025A848
:10552000411122C42A842E85B285368697F7FD1F45
:1055300023A0071E06C6EFD0FDD7FD576319F5005F
:1055400097F7FD1F9387C71C9C4391C31CC0B240B3
:10555000224441018280411122C42A842E8597F77A
:10556000FD1F23A7071A06C61922FD576319F50068
:1055700097F7FD1F9387C7199C4391C31CC0B24086
:10558000224441018280411122C42A842E85B285A1
:1055900097F7FD1F23AE071606C6D520FD576319E2
:1055A000F50097F7FD1F9387A7169C4391C31CC076
:1055B000B240224441018280411122C42A842E85B6
:1055C00097F7FD1F23A6071406C6D120FD576319C0
:1055D000F50097F7FD1F9387A7139C4391C31CC049
:1055E000B240224441018280411122C42A842E8586
:1055F000B285368697F7FD1F23AC071006C64520F7
:10560000FD576319F50097F7FD1F938767109C43BB
:1056100091C31CC0B24022444101828093F5F50F32
:105620002A966314C5000145828083470500E38DF7
:10563000B7FE0505FDB782808280411122C42A840D
:105640002E85B285368697F7FD1F23A3070C06C665
:10565000B928FD576319F50097F7FD1F9387470B8E
:105660009C4391C31CC0B2402244410182809307F5
:10567000800517F7FD1F232DF7087D5582809307BE
:10568000800517F7FD1F2325F7087D5582809307B6
:10569000800517F7FD1F232DF7060145828093072C
:1056A000800517F7FD1F2325F7067D558280930798
:1056B000800517F7FD1F232DF7047D55828000001C
:1056C00080000000000100000020000000400000F9
:1056D00000800000F401FA00960064004B003200E4
:1056E0001E00140096D9FDFFBED9FDFFE6D9FDFFCF
:1056F000FED9FDFF18DAFDFF28DAFDFF50DAFDFFC5
:1057000078DAFDFF90DAFDFFAADAFDFF6261746CC2
:105710006576656C203D2025640D0A006164632078
:105720003D2025640D0A000063616C632070657282
:1057300063656E74206164632D626174744D696E7B
:105740004C6576656C2025642072616E6765202546
:1057500064202875696E74385F7429282838302AC7
:10576000286164632D626174744D696E4C65766561
:105770006C29292F72616E67652025640000000086
:1057800070657263656E743D25640A0D000000004B
:10579000FE006578706572696D656E74616C0000FD
:1057A0004669726D77617265205265766973696FBB
:1057B0006E00000048617264776172652052657600
:1057C0006973696F6E0000004D616E756661637488
:1057D00075726572204E616D650000004D6F6465E5
:1057E0006C204E756D626572000000005365726931
:1057F000616C204E756D626572000000536F6674B7
:1058000077617265205265766973696F6E0000007A
:1058100072656376207363616E20526571206164E6
:105820006472200025303278200000005068792012
:105830007570646174652052783A25782054783AFE
:105840002578202E2E0D0A00557064617465202580
:1058500064202D20496E742030782578202D204C2E
:105860006174656E63792025640D0A0005010906DF
:10587000A101050719E029E7150025017501950823
:1058800081029501750881019505750105081901C9
:10589000290591029501750391019506750815007A
:1058A00025650507190029658100C0004348353882
:1058B000785F424C455F4C49425F56322E310000C2
:1058C000686561642066696C65206572726F722E0E
:1058D0002E2E00004C494220696E69742065727258
:1058E0006F7220636F64653A202578202E2E2E0A71
:1058F000000000002A20000026EDFDFF46EDFDFF20
:105900009EEDFDFF5EEDFDFF8AEDFDFFEEEDFDFF7F
:1059100053656E6420506879205570646174652009
:1059200025782E2E2E0D0A0053656E64204B657966
:10593000436F646520253032780D0A005374653753
:10594000616E2052655475726E6572000000000031
:1059500000000000636865636B206261743A206137
:105960006463203D202564206C6F772025640D0A38
:1059700000000000555342206368617267696E67DA
:105980000D00000061646320256420636861726714
:10599000696E672073746174653A20002042415437
:1059A00054204C45445F4F46460D00002042415470
:1059B000545F4C4F57204C45445F464C4153480D73
:1059C00000000000205553425F46554C204C454492
:1059D0005F4F46464C0D0000205553425F434841FF
:1059E0005247494E47204C45445F4F4E0D00000042
:1059F000496E697469616C697A65642E2E0D0000C8
:105A00004164766572746973696E672E2E0D0000AD
:105A1000436F6E6E65637465642E2E0D000000008A
:105A2000436F6E6E6563746564204164766572745D
:105A30006973696E672E2E0D00000000576169744E
:105A4000696E6720666F722061647665727469732F
:105A5000696E672E2E0D0000446973636F6E6E656C
:105A6000637465642E2E20526561736F6E3A2578DB
:105A70000D0A00004164766572746973696E67206F
:105A800074696D656F75742E2E0D00004572726F0E
:105A900072202578202E2E0D0A000000636F756E8F
:105AA00074203E20434845434B5F434F554E543A84
:105AB000202564207472696573202564200D0A0016
:105AC000636F756E745F73656C656374203E20430D
:105AD0004845434B5F434F554E543A20256420744C
:105AE00072696573202564200D0A00006375725F7A
:105AF0006D6F6465203D2025640D0A0068616C6C43
:105B00006F2076616E2064652075617274000000FC
:105B1000AE46FEFF2247FEFF9647FEFF9647FEFF7A
:105B20003247FEFF9647FEFF4A47FEFF6C47FEFFE7
:105B30009647FEFF8647FEFFDA47FEFFFA47FEFF65
:105B40007648FEFF0C48FEFF7648FEFF7648FEFFD3
:105B50007648FEFF2E48FEFF7648FEFF7648FEFFA1
:105B60007648FEFF5248FEFFF4BE010026A9000061
:105B700030BF0100A8B60000ACBF010074B6000041
:105B800066C0010040B6000002C10100BEC10000B5
:105B900050C10100BEC10000AAC1010010C1000037
:105BA00066C00100E0B500003EC201002CB9000053
:105BB000000000000000000088C20100B8B9000029
:105BC000FAC20100AAA90000E09AFEFFE09AFEFFD7
:105BD000069BFEFF1E9BFEFF269BFEFF2E9BFEFFED
:105BE000369BFEFF3E9BFEFF469BFEFF4E9BFEFF4D
:105BF000569BFEFF929BFEFF9A9BFEFF5E9BFEFF65
:105C00000101020102010102010204040601040172
:105C1000010101010404020104000000010102016C
:105C20000201010201010404060104010101010154
:105C3000040102010100000098A8FEFFA4A8FEFFD5
:105C4000E6A8FEFF10AAFEFF1AAAFEFF5EAAFEFF4C
:105C5000A0AAFEFFDEAAFEFF16ABFEFFAEA9FEFF66
:105C60004AABFEFFD8ABFEFF1AB8FEFFF6B7FEFF49
:105C70001ABBFEFF76BBFEFF86BEFEFFA0BCFEFF8A
:105C8000E6BCFEFF2ABDFEFF62BDFEFFA6BDFEFF15
:105C9000F6B7FEFFEABDFEFF60BEFEFF000000009B
:105CA000000000000000000000000087B437010081
:105CB000F24901008A380100544A0100AE3801005F
:105CC0004E3901007C390100C03901005E490100F4
:105CD000CE480100EC3A0100183B01008A3B01006C
:105CE000303C01003E480100504701005E46010083
:105CF000402D0100E23C0100363D0100684D0100ED
:105D0000004D0100683D0100103F010064400100AA
:105D1000EE4001001A410100BE4D0100C24D0100DC
:105D2000B0410100F2410100C64D0100CA4D010021
:105D3000CE4D0100D24D0100C04B01003C4201009C
:105D40001A430100D64D0100DA4D0100C64301009F
:105D50002446010043483538785F424C455F4C4942
:105D6000425F56322E313000483FFFFF563FFFFF63
:105D70005E3FFFFF643FFFFF6A3FFFFF8A3FFFFF79
:105D8000923FFFFF983FFFFFA23FFFFFA83FFFFFAB
:105D9000AE3FFFFFB43FFFFFBA3FFFFFC63FFFFF2D
:105DA000CC3FFFFFD23FFFFF1440FFFFD83FFFFF74
:105DB000DE3FFFFFE43FFFFFEA3FFFFFF63FFFFF4D
:105DC0001440FFFF1440FFFF1440FFFF1440FFFF8B
:105DD0001440FFFF1440FFFF1440FFFF1440FFFF7B
:105DE0000040FFFFF03FFFFF1440FFFF0640FFFFB2
:105DF0000E40FFFF5645FFFF8245FFFFA445FFFF12
:105E0000BA45FFFFCE45FFFFEA45FFFF0846FFFF0B
:105E10001846FFFF3246FFFF4846FFFF6A46FFFF76
:105E20008046FFFF9446FFFFA846FFFFC646FFFFE0
:105E3000D646FFFFF046FFFF9A48FFFFAE48FFFF40
:105E4000C448FFFFE248FFFF5C4AFFFF2A49FFFF0B
:105E50001047FFFF4049FFFF5049FFFF6247FFFF28
:105E60006247FFFF3A48FFFF4448FFFF5849FFFFE2
:105E70000449FFFF6849FFFFDA49FFFF204AFFFF9F
:105E8000BE4CFFFF384AFFFF384AFFFF0C4CFFFFB4
:105E9000CC4AFFFF1A4AFFFFB44CFFFF384AFFFF0E
:105EA000AE4BFFFF444CFFFF384AFFFF384AFFFF6D
:105EB000384AFFFF384AFFFF384AFFFF384AFFFFE2
:105EC000384AFFFF384AFFFF384AFFFF384AFFFFD2
:105ED0008E4AFFFF584EFFFF564FFFFF204FFFFF38
:105EE000964FFFFF964FFFFF2650FFFF7A50FFFFB0
:105EF000564FFFFF564FFFFF564FFFFF564FFFFF16
:105F0000564FFFFF564FFFFF564FFFFF564FFFFF05
:105F1000564FFFFF564FFFFF564FFFFF564FFFFFF5
:105F20009E50FFFF9E50FFFF564FFFFF564FFFFF53
:105F3000564FFFFF564FFFFF564FFFFF564FFFFFD5
:105F40001051FFFF1051FFFF3056FFFF3E56FFFF7D
:105F50005456FFFF6056FFFF7456FFFF8056FFFF49
:105F60008A56FFFF9256FFFF9A56FFFFA456FFFF87
:105F7000AE56FFFFBA56FFFFC456FFFFCE56FFFFD7
:105F8000DA56FFFF3057FFFF3057FFFFE456FFFFA1
:105F9000F256FFFFFC56FFFF0657FFFF1057FFFFAB
:105FA0001857FFFF2657FFFF1057FFFF2C57FFFF23
:105FB0004057FFFFC059FFFF5857FFFFCA57FFFF69
:105FC000DE57FFFFF257FFFF0E58FFFF2A58FFFF73
:105FD0003E58FFFF5A58FFFFC059FFFF7658FFFF9A
:105FE000C059FFFFC059FFFF8C58FFFFB458FFFF97
:105FF000DC58FFFFF858FFFF0E59FFFF2059FFFF45
:106000007259FFFFFB349B5F80000080001000008E
:1060100000000000070B0D1113171D1F25292B2F42
:10602000353B3D4347494F535961FF006886FFFFA9
:10603000A486FFFFD087FFFF7488FFFF8488FFFFDF
:106040007089FFFF0889FFFFE689FFFF948AFFFF41
:10605000F485FFFF7A87FFFF1C87FFFF5889FFFF4A
:1060600096260200A41E02005A1E02007A23020095
:106070004A2302001C230200DC220200AE2202009E
:106080008224020086240200282102008A240200C1
:10609000E82002008E240200C420020092240200A4
:1060A00096200200862002004E2002009624020064
:1060B0002C2002009A2402009E240200A224020046
:1060C000A62402005E1E0200721E0200AA24020024
:1060D000AE240200B2240200B62402007A24020098
:1060E000C21F0200381F02007E2402001824020092
:1060F000B2230200761E0200000102020303030322
:106100000404040404040404050505050505050547
:106110000505050505050505060606060606060627
:10612000060606060606060606060606060606060F
:1061300006060606060606060707070707070707F7
:1061400007070707070707070707070707070707DF
:1061500007070707070707070707070707070707CF
:1061600007070707070707070707070707070707BF
:1061700007070707070707070808080808080808A7
:10618000080808080808080808080808080808088F
:10619000080808080808080808080808080808087F
:1061A000080808080808080808080808080808086F
:1061B000080808080808080808080808080808085F
:1061C000080808080808080808080808080808084F
:1061D000080808080808080808080808080808083F
:1061E000080808080808080808080808080808082F
:1061F000080808080808080800000000000000005F
:10620000000000000000000000000000000000008E
:10621000000000000000000000000000000000007E
:10622000000000000000000000000000000000006E
:10623000000000000000000000000000000000005E
:10624000000000000000000000000000000000004E
:106250000000000000000000232D302B2000000073
:10626000686C4C0065666745464700003031323344
:106270003435363738394142434445460000000042
:1062800030313233343536373839616263646566AC
:1062900000000000192A00000F1800000200000092
:1062A000986202002A2A0000262A0000272A0000FD
:1062B000292A0000242A0000502A0000252A000074
:1062C0000A18000002000000C0620200282A000034
:1062D000232A0000222A0000322A00004C2A000053
:1062E000110100014A2A00004E2A00004B2A00003A
:1062F0004D2A00001218000002000000F4620200A3
:106300004F2A0000312A000013180000020000008C
:10631000086302000200000034630200012A00004A
:10632000A62A00000328000002290000002A00001D
:1063300007290000001800000118000002280000D2
:10634000042A00000028000008290000012800009D
:08635000052A0000B02700201F
:106358000200000044630200010000009C62020089
:10636800020000002463020001000000152800203C
:1063780002000000946202000100000014280020BE
:10638800020000002863020003000000DC2900204E
:106398000200000048630200010000001C280020E1
:1063A800C434000066340000000000000200000051
:1063B8004463020001000000C46202000200000001
:1063C80024630200010000002E28002002000000C3
:1063D800D062020001000000A8280020020000008E
:1063E80024630200010000002228002002000000AF
:1063F800B462020001000000DC5702000200000045
:1064080024630200010000002C2800200200000084
:10641800BC62020001000000EC570200020000000C
:1064280024630200010000001F2800200200000071
:10643800A862020001000000A0570200020000004C
:106448002463020001000000202800200200000050
:10645800AC62020001000000B45702000200000014
:1064680024630200010000002D2800200200000023
:10647800CC62020001000000FC570200020000008C
:10648800246302000100000021280020020000000F
:10649800B062020001000000C857020002000000BC
:1064A80024630200010000001E28002002000000F2
:1064B800A4620200010000009057020002000000E0
:1064C80024630200010000002B28002002000000C5
:1064D800B86202000100000024280020DA3600001B
:1064E80000000000000000005839000030390000AA
:1064F800000000007A3A000000000000BA380000EE
:10650800020000004463020001000000F86202007B
:10651800020000003C63020001000000D0280020B7
:10652800020000002463020001000000322800205D
:1065380002000000E462020040000000E062020085
:106548000200000024630200010000002F28002040
:1065580002000000DC62020080000000C928002060
:10656800020000002463020001000000342800201B
:1065780002000000E8620200C0000000332800208A
:106588000200000024630200010000003C280020F3
:1065980002000000EC620200400000006C5802009B
:1065A80002000000306302000100000030280020D3
:1065B80002000000246302000100000038280020C7
:1065C80002000000F062020040000000CD28002018
:1065D800020000002863020081000000FC2900205E
:1065E8000200000048630200010000004428002067
:1065F8000200000024630200010000003928002086
:1066080002000000F0620200C0000000CE28002056
:106618000200000048630200010000004828002032
:106628000200000024630200010000003528002059
:1066380002000000D462020040000000CA280020C6
:10664800020000002863020081000000EC290020FD
:106658000200000024630200010000003628002028
:1066680002000000D8620200C0000000CB28002011
:106678000200000024630200010000003728002007
:1066880002000000F0620200C0000000CC280020D8
:1066980002000000486302000100000040280020BA
:1066A800443D0000483E00000000000002000000D9
:1066B80044630200010000000C63020002000000B5
:1066C80024630200010000004A28002002000000A4
:1066D8000063020080000000D428002002000000AF
:1066E80024630200010000004B2800200200000083
:1066F8000463020000000000D82800200200000007
:106708002863020081000000442A00203241000072
:1067180036410000000000000201050319C1030D05
:106728000953746537616E2052655475726E6572CF
:10673800200000001E470000FC450000000000008B
:10674800FE450000051208000800050212180F187F
:10675800020A000002000000446302000100000079
:10676800146302000200000024630200010000001C
:1067780067280020020000002C63020001000000CE
:106788000000000002000000246302000100000075
:1067980064280020020000001C63020001000000C1
:1067A80050290020020000002463020001000000BC
:1067B8006828002002000000406302000100000079
:1067C8006C28002002000000246302000100000081
:1067D800662800200200000020630200010000007B
:1067E80065280020849D0000DA9E0000000000005B
:1067F8000200000044630200010000007828002025
:106808000200000024630200010000008328002029
:1068180002000000506302000000000000000000B9
:1068280002000000286302000300000000000000CE
:106838000000000038AB000000000000000000006D
:106848001862020038620200F861020000000000CD
:106858000000000000000000000000000000000030
:106868000000000000000000000000000000000020
:106878000000000000000000000000000000000010
:106888000000000000000000000000000000000000
:106898000000000000000000000000001047002079
:1068A8006412280A700800000401020202020200B1
:1068B80001D707000010010202020204192A02018E
:1068C80006120E0A120E3F0002000000000300002C
:1068D8000001000000020410320000000100000066
:1068E80060EA000001000000FEFFFF02C3812F01E3
:1068F80002010202020000005000A0000000E803AC
:10690800FFFF000002000000386302000100FF20C2
:0C6918000105020101100101B027002060
:00000001FF
